time,1477976148868880813
2026-03-06 21:14:19.86789,0.0
2026-03-06 21:14:20.868368,0.0
2026-03-06 21:14:21.869459,0.0
2026-03-06 21:14:22.87052,1516.358149713278
2026-03-06 21:14:23.871277,0.0
2026-03-06 21:14:24.871965,0.0
2026-03-06 21:14:25.872781,0.0
2026-03-06 21:14:26.87339,0.0
2026-03-06 21:14:27.874195,0.0
2026-03-06 21:14:28.874729,0.0
2026-03-06 21:14:29.875522,0.0
2026-03-06 21:14:30.876613,0.0
2026-03-06 21:14:31.877457,0.0
2026-03-06 21:14:32.878486,0.0
2026-03-06 21:14:33.879317,0.0
2026-03-06 21:14:34.880149,0.0
2026-03-06 21:14:35.881035,0.0
2026-03-06 21:14:36.882048,1511.5421127474308
2026-03-06 21:14:37.883172,0.0
2026-03-06 21:14:38.884148,0.0
2026-03-06 21:14:39.885326,0.0
2026-03-06 21:14:40.886173,0.0
2026-03-06 21:14:41.88762,0.0
2026-03-06 21:14:42.888547,0.0
2026-03-06 21:14:43.889896,0.0
2026-03-06 21:14:44.890786,1512.1325591260195
2026-03-06 21:14:45.891869,1516.0979094702006
2026-03-06 21:14:46.893121,1512.1929702049495
2026-03-06 21:14:47.894192,0.0
2026-03-06 21:14:48.895124,0.0
2026-03-06 21:14:49.895713,0.0
2026-03-06 21:14:50.896593,1520.2444930511713
2026-03-06 21:14:51.897736,0.0
2026-03-06 21:14:52.898784,1520.7419597929716
2026-03-06 21:14:53.899944,0.0
2026-03-06 21:14:54.900924,1517.5203438031674
2026-03-06 21:14:55.901707,1516.8323972308635
2026-03-06 21:14:56.90246,0.0
2026-03-06 21:14:57.903294,0.0
2026-03-06 21:14:58.904574,0.0
2026-03-06 21:14:59.905424,0.0
2026-03-06 21:15:00.906072,0.0
2026-03-06 21:15:01.90727,1516.8184246003627
2026-03-06 21:15:02.908289,0.0
2026-03-06 21:15:03.909063,0.0
2026-03-06 21:15:04.909932,0.0
2026-03-06 21:15:05.910736,0.0
2026-03-06 21:15:06.911485,0.0
2026-03-06 21:15:07.912393,0.0
2026-03-06 21:15:08.913114,0.0
2026-03-06 21:15:09.914359,0.0
2026-03-06 21:15:10.915426,1520.8441860234739
2026-03-06 21:15:11.916429,0.0
2026-03-06 21:15:12.917328,1516.4976705384254
2026-03-06 21:15:13.918493,1501.440414595008
2026-03-06 21:15:14.919485,1516.3860949742796
2026-03-06 21:15:15.920322,1514.5452009058
2026-03-06 21:15:16.921348,0.0
2026-03-06 21:15:17.922298,1521.1231249338389
2026-03-06 21:15:18.923827,1521.3323034316302
2026-03-06 21:15:19.925007,1521.2067552369833
2026-03-06 21:15:20.926023,0.0
2026-03-06 21:15:21.927209,0.0
2026-03-06 21:15:22.927932,1517.8690431261064
2026-03-06 21:15:23.92889,0.0
2026-03-06 21:15:24.929721,0.0
2026-03-06 21:15:25.930578,0.0
2026-03-06 21:15:26.931308,1520.0120953291655
2026-03-06 21:15:27.932194,0.0
2026-03-06 21:15:28.933336,0.0
2026-03-06 21:15:29.934057,1521.295111576915
2026-03-06 21:15:30.934948,1520.8441860234739
2026-03-06 21:15:31.936193,0.0
2026-03-06 21:15:32.936766,0.0
2026-03-06 21:15:33.937568,1521.0022000360489
2026-03-06 21:15:34.938431,1520.4490482521057
2026-03-06 21:15:35.93912,0.0
2026-03-06 21:15:36.939783,1519.4356215810776
2026-03-06 21:15:37.940542,0.0
2026-03-06 21:15:38.941241,1517.6133234399558
2026-03-06 21:15:39.942035,0.0
2026-03-06 21:15:40.942615,0.0
2026-03-06 21:15:41.943341,1520.0771297049523
2026-03-06 21:15:42.944101,0.0
2026-03-06 21:15:43.94468,0.0
2026-03-06 21:15:44.945472,1518.7522983056308
2026-03-06 21:15:45.94602,0.0
2026-03-06 21:15:46.946912,0.0
2026-03-06 21:15:47.94734,0.0
2026-03-06 21:15:48.948186,0.0
2026-03-06 21:15:49.949013,1516.9578426855803
2026-03-06 21:15:50.950376,0.0
2026-03-06 21:15:51.951371,0.0
2026-03-06 21:15:52.952799,1516.52088976264
2026-03-06 21:15:53.954288,0.0
2026-03-06 21:15:54.955539,0.0
2026-03-06 21:15:55.957203,0.0
2026-03-06 21:15:56.958075,0.0
2026-03-06 21:15:57.959106,0.0
2026-03-06 21:15:58.959914,1515.9909572029114
2026-03-06 21:15:59.960742,0.0
2026-03-06 21:16:00.961686,1516.8788356792927
2026-03-06 21:16:01.962737,0.0
2026-03-06 21:16:02.963963,1516.4511293500661
2026-03-06 21:16:03.964867,1516.2419508522748
2026-03-06 21:16:04.966265,1516.1071560639143
2026-03-06 21:16:05.967492,1517.4227408695222
2026-03-06 21:16:06.96801,0.0
2026-03-06 21:16:07.968873,1515.507463091612
2026-03-06 21:16:08.969448,0.0
2026-03-06 21:16:09.97053,1521.0999057096244
2026-03-06 21:16:10.971808,0.0
2026-03-06 21:16:11.97256,0.0
2026-03-06 21:16:12.973711,1521.0161726665497
2026-03-06 21:16:13.974686,0.0
2026-03-06 21:16:14.975479,1515.1030787265302
2026-03-06 21:16:15.976298,0.0
2026-03-06 21:16:16.977535,0.0
2026-03-06 21:16:17.978511,1502.3748342597485
2026-03-06 21:16:18.979865,0.0
2026-03-06 21:16:19.980989,1512.1789975744487
2026-03-06 21:16:20.982256,0.0
2026-03-06 21:16:21.983571,0.0
2026-03-06 21:16:22.984691,0.0
2026-03-06 21:16:23.985713,1521.2625430190565
2026-03-06 21:16:24.986879,0.0
2026-03-06 21:16:25.988337,0.0
2026-03-06 21:16:26.989431,0.0
2026-03-06 21:16:27.991026,0.0
2026-03-06 21:16:28.991825,0.0
2026-03-06 21:16:29.992516,0.0
2026-03-06 21:16:30.993528,1517.93870079875
2026-03-06 21:16:31.994802,0.0
2026-03-06 21:16:32.995891,1514.480063790083
2026-03-06 21:16:33.996742,0.0
2026-03-06 21:16:34.997492,0.0
2026-03-06 21:16:35.998581,0.0
2026-03-06 21:16:36.999096,1519.6494233757257
2026-03-06 21:16:38.000108,0.0
2026-03-06 21:16:39.000863,0.0
2026-03-06 21:16:40.001986,0.0
2026-03-06 21:16:41.003245,1521.8436400640012
2026-03-06 21:16:42.004298,0.0
2026-03-06 21:16:43.005405,0.0
2026-03-06 21:16:44.006218,0.0
2026-03-06 21:16:45.007389,0.0
2026-03-06 21:16:46.008126,1520.9231930297613
2026-03-06 21:16:47.009009,0.0
2026-03-06 21:16:48.009684,0.0
2026-03-06 21:16:49.010632,0.0
2026-03-06 21:16:50.011069,1520.9837068486215
2026-03-06 21:16:51.011876,0.0
2026-03-06 21:16:52.012607,0.0
2026-03-06 21:16:53.013253,0.0
2026-03-06 21:16:54.013939,1516.1629438459875
2026-03-06 21:16:55.014534,1520.2724383121729
2026-03-06 21:16:56.015428,0.0
2026-03-06 21:16:57.016603,0.0
2026-03-06 21:16:58.017529,0.0
2026-03-06 21:16:59.018512,0.0
2026-03-06 21:17:00.019412,1521.113775600195
2026-03-06 21:17:01.02026,0.0
2026-03-06 21:17:02.02101,0.0
2026-03-06 21:17:03.021806,1520.435075621605
2026-03-06 21:17:04.022715,0.0
2026-03-06 21:17:05.024169,1520.9697342181207
2026-03-06 21:17:06.025435,0.0
2026-03-06 21:17:07.02651,1521.1323715275526
2026-03-06 21:17:08.027924,0.0
2026-03-06 21:17:09.028981,0.0
2026-03-06 21:17:10.029866,0.0
2026-03-06 21:17:11.030941,0.0
2026-03-06 21:17:12.031919,0.0
2026-03-06 21:17:13.032707,0.0
2026-03-06 21:17:14.033828,0.0
2026-03-06 21:17:15.034897,1515.7631827777625
2026-03-06 21:17:16.035907,1520.3932604700328
2026-03-06 21:17:17.037107,1516.646437957287
2026-03-06 21:17:18.037914,0.0
2026-03-06 21:17:19.039054,0.0
2026-03-06 21:17:20.040197,1516.52088976264
2026-03-06 21:17:21.041514,0.0
2026-03-06 21:17:22.041982,0.0
2026-03-06 21:17:23.042766,0.0
2026-03-06 21:17:24.043887,1516.3209578585625
2026-03-06 21:17:25.044676,0.0
2026-03-06 21:17:26.045707,1516.7254449635745
2026-03-06 21:17:27.046638,1520.6117883014679
2026-03-06 21:17:28.047494,1520.6861720108986
2026-03-06 21:17:29.048599,0.0
2026-03-06 21:17:30.049533,0.0
2026-03-06 21:17:31.050519,0.0
2026-03-06 21:17:32.051544,1521.2718923527002
2026-03-06 21:17:33.052455,0.0
2026-03-06 21:17:34.053297,1520.439801658392
2026-03-06 21:17:35.05423,0.0
2026-03-06 21:17:36.05503,0.0
2026-03-06 21:17:37.056396,0.0
2026-03-06 21:17:38.057416,1520.2816849058868
2026-03-06 21:17:39.058682,0.0
2026-03-06 21:17:40.059815,0.0
2026-03-06 21:17:41.061286,1516.469725277424
2026-03-06 21:17:42.062193,0.0
2026-03-06 21:17:43.062929,0.0
2026-03-06 21:17:44.063837,0.0
2026-03-06 21:17:45.064439,1518.4315442436935
2026-03-06 21:17:46.065525,1513.1134172391892
2026-03-06 21:17:47.066632,0.0
2026-03-06 21:17:48.067789,1517.1205827349424
2026-03-06 21:17:49.069101,0.0
2026-03-06 21:17:50.070095,0.0
2026-03-06 21:17:51.071356,1517.1717472201585
2026-03-06 21:17:52.072573,1512.611327200532
2026-03-06 21:17:53.073752,1512.7926631772518
2026-03-06 21:17:54.07499,1517.5249671000242
2026-03-06 21:17:55.075949,1512.3045457690955
2026-03-06 21:17:56.077175,1512.722902764678
2026-03-06 21:17:57.07832,0.0
2026-03-06 21:17:58.079177,0.0
2026-03-06 21:17:59.080431,0.0
2026-03-06 21:18:00.0815,0.0
2026-03-06 21:18:01.082643,0.0
2026-03-06 21:18:02.083423,0.0
2026-03-06 21:18:03.084139,0.0
2026-03-06 21:18:04.084723,1516.5022938352824
2026-03-06 21:18:05.086207,0.0
2026-03-06 21:18:06.087559,1516.2187316280604
2026-03-06 21:18:07.088692,0.0
2026-03-06 21:18:08.08977,0.0
2026-03-06 21:18:09.091111,1516.4279101258517
2026-03-06 21:18:10.092066,1516.6650338846446
2026-03-06 21:18:11.092922,1520.7326104593278
2026-03-06 21:18:12.094014,1519.9609308439494
2026-03-06 21:18:13.09536,0.0
2026-03-06 21:18:14.096514,0.0
2026-03-06 21:18:15.097318,0.0
2026-03-06 21:18:16.098468,1520.8627819508315
2026-03-06 21:18:17.099448,1517.5761315852403
2026-03-06 21:18:18.100535,0.0
2026-03-06 21:18:19.101759,0.0
2026-03-06 21:18:20.102932,0.0
2026-03-06 21:18:21.104033,0.0
2026-03-06 21:18:22.105,0.0
2026-03-06 21:18:23.106372,1516.0885601365567
2026-03-06 21:18:24.107504,0.0
2026-03-06 21:18:25.107995,1521.509016111493
2026-03-06 21:18:26.108852,1515.619038655758
2026-03-06 21:18:27.109948,1516.1629438459875
2026-03-06 21:18:28.110793,1516.469725277424
2026-03-06 21:18:29.11199,0.0
2026-03-06 21:18:30.112769,0.0
2026-03-06 21:18:31.113721,0.0
2026-03-06 21:18:32.115086,0.0
2026-03-06 21:18:33.116222,1516.1583205491304
2026-03-06 21:18:34.117711,1521.9599416649341
2026-03-06 21:18:35.119463,1514.7451328098775
2026-03-06 21:18:36.120051,1516.227978221774
2026-03-06 21:18:37.120906,0.0
2026-03-06 21:18:38.121845,1516.804451969862
2026-03-06 21:18:39.123029,1517.5343164336682
2026-03-06 21:18:40.124691,0.0
2026-03-06 21:18:41.125664,0.0
2026-03-06 21:18:42.126682,1516.916027534008
2026-03-06 21:18:43.127346,1520.0167186260223
2026-03-06 21:18:44.127931,0.0
2026-03-06 21:18:45.12868,1520.6628500467539
2026-03-06 21:18:46.12938,0.0
2026-03-06 21:18:47.129992,0.0
2026-03-06 21:18:48.130586,0.0
2026-03-06 21:18:49.131685,0.0
2026-03-06 21:18:50.13277,0.0
2026-03-06 21:18:51.134014,1516.525513059497
2026-03-06 21:18:52.134948,1516.4325334227085
2026-03-06 21:18:53.135888,0.0
2026-03-06 21:18:54.137007,0.0
2026-03-06 21:18:55.138264,0.0
2026-03-06 21:18:56.139388,0.0
2026-03-06 21:18:57.140296,0.0
2026-03-06 21:18:58.141387,0.0
2026-03-06 21:18:59.142891,1515.9630119419098
2026-03-06 21:19:00.143938,1520.1794586753845
2026-03-06 21:19:01.144905,0.0
2026-03-06 21:19:02.146054,0.0
2026-03-06 21:19:03.146539,0.0
2026-03-06 21:19:04.14744,0.0
2026-03-06 21:19:05.147953,0.0
2026-03-06 21:19:06.148787,1505.861416529417
2026-03-06 21:19:07.149342,0.0
2026-03-06 21:19:08.150113,1516.474451314211
2026-03-06 21:19:09.150715,1520.2910342395305
2026-03-06 21:19:10.151517,1517.0555483591556
2026-03-06 21:19:11.152322,1519.41702565372
2026-03-06 21:19:12.153754,1516.804451969862
2026-03-06 21:19:13.154765,0.0
2026-03-06 21:19:14.155682,1516.3628757500649
2026-03-06 21:19:15.156929,0.0
2026-03-06 21:19:16.157735,0.0
2026-03-06 21:19:17.159087,0.0
2026-03-06 21:19:18.160262,0.0
2026-03-06 21:19:19.160913,1516.8834589761495
2026-03-06 21:19:20.161634,0.0
2026-03-06 21:19:21.162892,1515.856162414551
2026-03-06 21:19:22.163639,0.0
2026-03-06 21:19:23.165072,0.0
2026-03-06 21:19:24.165781,1516.9950345402956
2026-03-06 21:19:25.166684,1521.3555226558447
2026-03-06 21:19:26.167788,0.0
2026-03-06 21:19:27.168979,0.0
2026-03-06 21:19:28.169711,0.0
2026-03-06 21:19:29.170649,0.0
2026-03-06 21:19:30.171434,1520.7744256109
2026-03-06 21:19:31.172391,1503.3185005182029
2026-03-06 21:19:32.173246,1516.5534583204985
2026-03-06 21:19:33.174326,1517.088014177084
2026-03-06 21:19:34.175155,1517.1531512928009
2026-03-06 21:19:35.176024,0.0
2026-03-06 21:19:36.176919,0.0
2026-03-06 21:19:37.177741,1516.9996578371524
2026-03-06 21:19:38.178957,0.0
2026-03-06 21:19:39.179833,0.0
2026-03-06 21:19:40.18088,0.0
2026-03-06 21:19:41.181731,0.0
2026-03-06 21:19:42.182887,0.0
2026-03-06 21:19:43.183796,1516.2837660038472
2026-03-06 21:19:44.184402,1515.5260590189696
2026-03-06 21:19:45.185426,0.0
2026-03-06 21:19:46.186455,0.0
2026-03-06 21:19:47.187324,1516.8509931582214
2026-03-06 21:19:48.188064,1516.469725277424
2026-03-06 21:19:49.189288,1520.6768226772547
2026-03-06 21:19:50.190106,1519.9609308439494
2026-03-06 21:19:51.190851,1516.8834589761495
2026-03-06 21:19:52.191962,1520.1654860448837
2026-03-06 21:19:53.193143,1516.6742804783582
2026-03-06 21:19:54.193829,1520.0818557417392
2026-03-06 21:19:55.19495,1516.9950345402956
2026-03-06 21:19:56.196366,1516.3349304890633
2026-03-06 21:19:57.197409,0.0
2026-03-06 21:19:58.198172,0.0
2026-03-06 21:19:59.19913,0.0
2026-03-06 21:20:00.199799,0.0
2026-03-06 21:20:01.200414,1521.3508993589878
2026-03-06 21:20:02.201176,1515.8747583419085
2026-03-06 21:20:03.202079,0.0
2026-03-06 21:20:04.202743,0.0
2026-03-06 21:20:05.204253,0.0
2026-03-06 21:20:06.205505,0.0
2026-03-06 21:20:07.206521,0.0
2026-03-06 21:20:08.207408,1515.2424968117475
2026-03-06 21:20:09.208266,1516.46047868371
2026-03-06 21:20:10.20926,0.0
2026-03-06 21:20:11.21011,0.0
2026-03-06 21:20:12.211106,1516.33955378592
2026-03-06 21:20:13.212657,1516.0421216881275
2026-03-06 21:20:14.213284,0.0
2026-03-06 21:20:15.214256,0.0
2026-03-06 21:20:16.215332,0.0
2026-03-06 21:20:17.216107,0.0
2026-03-06 21:20:18.21657,1517.1391786623
2026-03-06 21:20:19.21771,1516.0467449849843
2026-03-06 21:20:20.218737,1516.8184246003627
2026-03-06 21:20:21.219797,1517.5529123610258
2026-03-06 21:20:22.220697,0.0
2026-03-06 21:20:23.22187,1516.9439727950096
2026-03-06 21:20:24.22276,0.0
2026-03-06 21:20:25.224,1512.2394086533786
2026-03-06 21:20:26.22506,1518.7708942329884
2026-03-06 21:20:27.225929,0.0
2026-03-06 21:20:28.227077,1516.5580816173554
2026-03-06 21:20:29.228301,0.0
2026-03-06 21:20:30.229418,0.0
2026-03-06 21:20:31.230523,1516.4372594594956
2026-03-06 21:20:32.23156,1516.8370205277206
2026-03-06 21:20:33.232676,1516.8323972308635
2026-03-06 21:20:34.233601,1517.1438019591571
2026-03-06 21:20:35.234458,0.0
2026-03-06 21:20:36.23519,0.0
2026-03-06 21:20:37.236629,0.0
2026-03-06 21:20:38.23755,1513.8897201514244
2026-03-06 21:20:39.238317,0.0
2026-03-06 21:20:40.239167,0.0
2026-03-06 21:20:41.240082,1512.4625597816705
2026-03-06 21:20:42.240801,1517.7063030767442
2026-03-06 21:20:43.241836,1510.2125553113221
2026-03-06 21:20:44.243036,0.0
2026-03-06 21:20:45.243907,1515.8328404504061
2026-03-06 21:20:46.24499,1517.0415757286548
2026-03-06 21:20:47.245919,1516.7718834120035
2026-03-06 21:20:48.246703,1512.5323201942444
2026-03-06 21:20:49.247541,0.0
2026-03-06 21:20:50.248135,1499.5995205265283
2026-03-06 21:20:51.249124,1515.6469839167596
2026-03-06 21:20:52.250073,1511.6908801662923
2026-03-06 21:20:53.250691,0.0
2026-03-06 21:20:54.251508,0.0
2026-03-06 21:20:55.252397,0.0
2026-03-06 21:20:56.253196,1517.5715082883835
2026-03-06 21:20:57.253958,0.0
2026-03-06 21:20:58.254998,0.0
2026-03-06 21:20:59.256216,1513.2482120275497
2026-03-06 21:21:00.257418,1513.4806097495557
2026-03-06 21:21:01.258529,0.0
2026-03-06 21:21:02.259568,1519.6633960062265
2026-03-06 21:21:03.260653,1516.2837660038472
2026-03-06 21:21:04.261816,0.0
2026-03-06 21:21:05.262743,0.0
2026-03-06 21:21:06.263577,1515.8328404504061
2026-03-06 21:21:07.264502,1515.5214357221128
2026-03-06 21:21:08.265232,1520.8441860234739
2026-03-06 21:21:09.266145,1515.5540042799712
2026-03-06 21:21:10.267022,1515.5354083526136
2026-03-06 21:21:11.267749,1521.2393237948418
2026-03-06 21:21:12.268331,0.0
2026-03-06 21:21:13.269102,0.0
2026-03-06 21:21:14.269755,1516.7858560425043
2026-03-06 21:21:15.270789,1501.050002860427
2026-03-06 21:21:16.271667,0.0
2026-03-06 21:21:17.27259,0.0
2026-03-06 21:21:18.273468,0.0
2026-03-06 21:21:19.274661,1516.3721223437788
2026-03-06 21:21:20.275575,1520.4583975857497
2026-03-06 21:21:21.276701,1513.1226638329028
2026-03-06 21:21:22.277492,1520.328226094246
2026-03-06 21:21:23.278622,1517.3855490148069
2026-03-06 21:21:24.27971,1516.8974316066503
2026-03-06 21:21:25.281244,0.0
2026-03-06 21:21:26.282179,1517.036952431798
2026-03-06 21:21:27.282894,0.0
2026-03-06 21:21:28.283785,1516.6650338846446
2026-03-06 21:21:29.284541,1516.0513682818414
2026-03-06 21:21:30.285466,1517.8643170893192
2026-03-06 21:21:31.286727,0.0
2026-03-06 21:21:32.287501,1513.410952076912
2026-03-06 21:21:33.288329,0.0
2026-03-06 21:21:34.289106,0.0
2026-03-06 21:21:35.289782,1516.7022257393598
2026-03-06 21:21:36.291071,0.0
2026-03-06 21:21:37.291955,1517.4459600937366
2026-03-06 21:21:38.292689,1517.3391105663777
2026-03-06 21:21:39.293421,0.0
2026-03-06 21:21:40.29425,1517.5203438031674
2026-03-06 21:21:41.294713,0.0
2026-03-06 21:21:42.295355,1517.027603098154
2026-03-06 21:21:43.296108,1517.366953087449
2026-03-06 21:21:44.296814,1516.6417119204998
2026-03-06 21:21:45.297426,0.0
2026-03-06 21:21:46.298201,1517.6458919978143
2026-03-06 21:21:47.298989,1512.8065330678226
2026-03-06 21:21:48.299442,1520.8488093203307
2026-03-06 21:21:49.300138,0.0
2026-03-06 21:21:50.300804,1521.067337151766
2026-03-06 21:21:51.301646,1518.161851927042
2026-03-06 21:21:52.302913,1516.6417119204998
2026-03-06 21:21:53.303728,0.0
2026-03-06 21:21:54.304571,0.0
2026-03-06 21:21:55.305661,1516.1211286944151
2026-03-06 21:21:56.307041,1520.0818557417392
2026-03-06 21:21:57.308198,1519.3519912779332
2026-03-06 21:21:58.309005,0.0
2026-03-06 21:21:59.310548,1521.397440547347
2026-03-06 21:22:00.311113,0.0
2026-03-06 21:22:01.31186,1515.447052012682
2026-03-06 21:22:02.312657,0.0
2026-03-06 21:22:03.313761,1521.7786056882144
2026-03-06 21:22:04.314685,0.0
2026-03-06 21:22:05.316027,0.0
2026-03-06 21:22:06.316798,0.0
2026-03-06 21:22:07.317573,0.0
2026-03-06 21:22:08.318602,1519.928362286091
2026-03-06 21:22:09.319286,1504.4714480143787
2026-03-06 21:22:10.320026,0.0
2026-03-06 21:22:11.320829,1518.0782216238977
2026-03-06 21:22:12.322173,1517.8830157566072
2026-03-06 21:22:13.323362,0.0
2026-03-06 21:22:14.324459,1520.0260679596663
2026-03-06 21:22:15.325427,1519.9051430618763
2026-03-06 21:22:16.326305,1516.6928764057159
2026-03-06 21:22:17.326888,1519.867951207161
2026-03-06 21:22:18.327596,0.0
2026-03-06 21:22:19.328726,0.0
2026-03-06 21:22:20.329556,1520.723363865614
2026-03-06 21:22:21.330494,0.0
2026-03-06 21:22:22.33163,1517.7434949314595
2026-03-06 21:22:23.332515,0.0
2026-03-06 21:22:24.333537,1520.267712275386
2026-03-06 21:22:25.334663,0.0
2026-03-06 21:22:26.335611,1519.6169575577974
2026-03-06 21:22:27.33675,1521.178912715912
2026-03-06 21:22:28.337734,0.0
2026-03-06 21:22:29.338686,0.0
2026-03-06 21:22:30.339548,1516.6696571815014
2026-03-06 21:22:31.34047,1516.6232187330722
2026-03-06 21:22:32.34119,1517.3623297905922
2026-03-06 21:22:33.341856,0.0
2026-03-06 21:22:34.342883,1505.4430595338345
2026-03-06 21:22:35.343484,1515.6562305104733
2026-03-06 21:22:36.344263,0.0
2026-03-06 21:22:37.345382,1515.958388645053
2026-03-06 21:22:38.346293,1515.6887990683317
2026-03-06 21:22:39.347199,1516.799828673005
2026-03-06 21:22:40.347972,0.0
2026-03-06 21:22:41.348638,1508.023064659834
2026-03-06 21:22:42.349337,0.0
2026-03-06 21:22:43.349893,1517.7202757072448
2026-03-06 21:22:44.350607,1514.9775305318833
2026-03-06 21:22:45.351698,1516.3117112648488
2026-03-06 21:22:46.352472,0.0
2026-03-06 21:22:47.353221,1516.5022938352824
2026-03-06 21:22:48.353957,1517.0043838739396
2026-03-06 21:22:49.354636,1517.1205827349424
2026-03-06 21:22:50.35548,1520.151513414383
2026-03-06 21:22:51.357101,0.0
2026-03-06 21:22:52.357808,0.0
2026-03-06 21:22:53.359024,1516.0839368396998
2026-03-06 21:22:54.360149,1517.3483571600914
2026-03-06 21:22:55.361568,0.0
2026-03-06 21:22:56.362345,0.0
2026-03-06 21:22:57.363396,1513.0714993476868
2026-03-06 21:22:58.364918,0.0
2026-03-06 21:22:59.365995,0.0
2026-03-06 21:23:00.366716,1516.4883212047816
2026-03-06 21:23:01.36784,0.0
2026-03-06 21:23:02.36901,1520.1422668206692
2026-03-06 21:23:03.369699,1516.8556164550782
2026-03-06 21:23:04.370552,0.0
2026-03-06 21:23:05.371481,1515.5540042799712
2026-03-06 21:23:06.372334,1506.4005956828594
2026-03-06 21:23:07.373225,0.0
2026-03-06 21:23:08.373882,1519.593738333583
2026-03-06 21:23:09.374765,1517.1717472201585
2026-03-06 21:23:10.375503,1516.2698961132764
2026-03-06 21:23:11.376242,0.0
2026-03-06 21:23:12.377409,1516.697499702573
2026-03-06 21:23:13.378574,0.0
2026-03-06 21:23:14.37979,0.0
2026-03-06 21:23:15.380481,0.0
2026-03-06 21:23:16.381278,0.0
2026-03-06 21:23:17.382406,1515.7724293714762
2026-03-06 21:23:18.383244,0.0
2026-03-06 21:23:19.384302,1515.5726002073288
2026-03-06 21:23:20.385096,0.0
2026-03-06 21:23:21.385729,1520.5327812951803
2026-03-06 21:23:22.386492,0.0
2026-03-06 21:23:23.387394,0.0
2026-03-06 21:23:24.38813,1515.7538334441185
2026-03-06 21:23:25.388749,0.0
2026-03-06 21:23:26.389469,1516.804451969862
2026-03-06 21:23:27.390362,1515.9211967903377
2026-03-06 21:23:28.391002,1516.4372594594956
2026-03-06 21:23:29.391877,1516.9439727950096
2026-03-06 21:23:30.392726,0.0
2026-03-06 21:23:31.393457,0.0
2026-03-06 21:23:32.394375,0.0
2026-03-06 21:23:33.395467,1520.439801658392
2026-03-06 21:23:34.396604,0.0
2026-03-06 21:23:35.39751,1516.8323972308635
2026-03-06 21:23:36.398471,0.0
2026-03-06 21:23:37.399577,0.0
2026-03-06 21:23:38.40075,1516.5022938352824
2026-03-06 21:23:39.401552,1515.5540042799712
2026-03-06 21:23:40.402533,1516.7114723330737
2026-03-06 21:23:41.403799,1516.8509931582214
2026-03-06 21:23:42.404469,1516.7068490362167
2026-03-06 21:23:43.405464,0.0
2026-03-06 21:23:44.406577,0.0
2026-03-06 21:23:45.407475,1516.227978221774
2026-03-06 21:23:46.40853,1516.2931153374911
2026-03-06 21:23:47.409701,0.0
2026-03-06 21:23:48.410495,0.0
2026-03-06 21:23:49.411826,1517.5761315852403
2026-03-06 21:23:50.413185,0.0
2026-03-06 21:23:51.414129,1516.4976705384254
2026-03-06 21:23:52.414878,0.0
2026-03-06 21:23:53.416057,0.0
2026-03-06 21:23:54.416907,0.0
2026-03-06 21:23:55.418152,1516.469725277424
2026-03-06 21:23:56.419258,0.0
2026-03-06 21:23:57.420079,0.0
2026-03-06 21:23:58.421477,1516.0653409123422
2026-03-06 21:23:59.422385,1516.1629438459875
2026-03-06 21:24:00.423517,0.0
2026-03-06 21:24:01.424619,0.0
2026-03-06 21:24:02.425586,1516.7068490362167
2026-03-06 21:24:03.426513,1517.7992827135324
2026-03-06 21:24:04.42728,1516.0235257607699
2026-03-06 21:24:05.428197,0.0
2026-03-06 21:24:06.429533,0.0
2026-03-06 21:24:07.430641,1515.8189705598354
2026-03-06 21:24:08.431823,1519.9609308439494
2026-03-06 21:24:09.432546,1518.2362356364727
2026-03-06 21:24:10.433447,0.0
2026-03-06 21:24:11.434327,1522.9314504444599
2026-03-06 21:24:12.435774,1521.9552156281472
2026-03-06 21:24:13.436364,1520.4676441794634
2026-03-06 21:24:14.437384,0.0
2026-03-06 21:24:15.438327,0.0
2026-03-06 21:24:16.439337,1519.5100052905084
2026-03-06 21:24:17.440279,1517.0229798012972
2026-03-06 21:24:18.441086,0.0
2026-03-06 21:24:19.44174,0.0
2026-03-06 21:24:20.442957,1516.3767456406356
2026-03-06 21:24:21.443919,0.0
2026-03-06 21:24:22.444946,0.0
2026-03-06 21:24:23.445948,0.0
2026-03-06 21:24:24.44667,1520.384013876319
2026-03-06 21:24:25.447585,0.0
2026-03-06 21:24:26.44858,1520.3700412458181
2026-03-06 21:24:27.449596,1521.5600778567791
2026-03-06 21:24:28.450253,1525.246489290595
2026-03-06 21:24:29.45121,0.0
2026-03-06 21:24:30.452273,0.0
2026-03-06 21:24:31.453473,1516.469725277424
2026-03-06 21:24:32.454264,1516.4279101258517
2026-03-06 21:24:33.455122,0.0
2026-03-06 21:24:34.455903,0.0
2026-03-06 21:24:35.456894,0.0
2026-03-06 21:24:36.457924,1516.4372594594956
2026-03-06 21:24:37.458647,1517.2879460811616
2026-03-06 21:24:38.459872,1519.579765703082
2026-03-06 21:24:39.460534,1516.0373956513406
2026-03-06 21:24:40.46164,0.0
2026-03-06 21:24:41.462522,1516.9346234613658
2026-03-06 21:24:42.463423,1519.2496623075008
2026-03-06 21:24:43.464622,1513.6154045379162
2026-03-06 21:24:44.46549,1511.0353994119168
2026-03-06 21:24:45.466147,0.0
2026-03-06 21:24:46.466836,0.0
2026-03-06 21:24:47.46809,1516.9625687223672
2026-03-06 21:24:48.468754,0.0
2026-03-06 21:24:49.469356,1517.097363510728
2026-03-06 21:24:50.470215,1516.0559915786982
2026-03-06 21:24:51.470928,1516.809075266719
2026-03-06 21:24:52.471828,1515.4702712368965
2026-03-06 21:24:53.472861,0.0
2026-03-06 21:24:54.473776,1516.9996578371524
2026-03-06 21:24:55.474844,1516.6046228057146
2026-03-06 21:24:56.475765,0.0
2026-03-06 21:24:57.477076,1517.376302421093
2026-03-06 21:24:58.477795,0.0
2026-03-06 21:24:59.478724,1520.3560686153173
2026-03-06 21:25:00.479753,1520.5327812951803
2026-03-06 21:25:01.480533,1516.079313542843
2026-03-06 21:25:02.481798,0.0
2026-03-06 21:25:03.482785,1520.2816849058868
2026-03-06 21:25:04.483873,1503.9553853452205
2026-03-06 21:25:05.485276,0.0
2026-03-06 21:25:06.486268,0.0
2026-03-06 21:25:07.487247,1516.6650338846446
2026-03-06 21:25:08.48822,0.0
2026-03-06 21:25:09.489565,0.0
2026-03-06 21:25:10.490486,0.0
2026-03-06 21:25:11.49136,1520.7326104593278
2026-03-06 21:25:12.492007,0.0
2026-03-06 21:25:13.492655,0.0
2026-03-06 21:25:14.493617,0.0
2026-03-06 21:25:15.494617,0.0
2026-03-06 21:25:16.495522,0.0
2026-03-06 21:25:17.496372,0.0
2026-03-06 21:25:18.49713,0.0
2026-03-06 21:25:19.497948,1521.0719604486228
2026-03-06 21:25:20.498796,1515.9119501966238
2026-03-06 21:25:21.499636,0.0
2026-03-06 21:25:22.500429,0.0
2026-03-06 21:25:23.50106,1515.7073949956894
2026-03-06 21:25:24.501724,0.0
2026-03-06 21:25:25.502459,1520.1933285659552
2026-03-06 21:25:26.503275,1520.95576158762
2026-03-06 21:25:27.504325,1516.000203796625
2026-03-06 21:25:28.505075,1520.9231930297613
2026-03-06 21:25:29.505938,0.0
2026-03-06 21:25:30.506934,1520.039937850237
2026-03-06 21:25:31.507686,0.0
2026-03-06 21:25:32.508516,1515.6330112862588
2026-03-06 21:25:33.509149,0.0
2026-03-06 21:25:34.509744,1516.4139374953509
2026-03-06 21:25:35.510469,1517.655138591528
2026-03-06 21:25:36.511252,1516.5906501752138
2026-03-06 21:25:37.512001,1519.7795948672294
2026-03-06 21:25:38.513013,1516.6232187330722
2026-03-06 21:25:39.513785,1520.5280552583934
2026-03-06 21:25:40.514609,1520.4630208826065
2026-03-06 21:25:41.515459,1520.5420278888942
2026-03-06 21:25:42.516328,1515.9258200871946
2026-03-06 21:25:43.517142,0.0
2026-03-06 21:25:44.51815,1516.6092461025714
2026-03-06 21:25:45.519155,1516.9067809402943
2026-03-06 21:25:46.520191,1520.9837068486215
2026-03-06 21:25:47.521141,0.0
2026-03-06 21:25:48.521765,0.0
2026-03-06 21:25:49.522764,1520.9279190665484
2026-03-06 21:25:50.52353,0.0
2026-03-06 21:25:51.524864,1520.8627819508315
2026-03-06 21:25:52.525673,0.0
2026-03-06 21:25:53.526232,0.0
2026-03-06 21:25:54.526892,1515.6934223651886
2026-03-06 21:25:55.527699,0.0
2026-03-06 21:25:56.528499,1520.4536715489626
2026-03-06 21:25:57.52931,0.0
2026-03-06 21:25:58.530103,0.0
2026-03-06 21:25:59.531111,1520.1747326385976
2026-03-06 21:26:00.532055,0.0
2026-03-06 21:26:01.533162,0.0
2026-03-06 21:26:02.533992,0.0
2026-03-06 21:26:03.535167,1516.000203796625
2026-03-06 21:26:04.5362,1520.3700412458181
2026-03-06 21:26:05.536767,1520.439801658392
2026-03-06 21:26:06.53776,0.0
2026-03-06 21:26:07.538469,1520.7465830898286
2026-03-06 21:26:08.539315,0.0
2026-03-06 21:26:09.540046,1519.8633279103042
2026-03-06 21:26:10.541269,1520.9185697329044
2026-03-06 21:26:11.542238,0.0
2026-03-06 21:26:12.54303,1521.406687141061
2026-03-06 21:26:13.543829,0.0
2026-03-06 21:26:14.544491,0.0
2026-03-06 21:26:15.545318,1519.3612378716468
2026-03-06 21:26:16.546111,1520.0120953291655
2026-03-06 21:26:17.546919,0.0
2026-03-06 21:26:18.548127,0.0
2026-03-06 21:26:19.548978,1520.2816849058868
2026-03-06 21:26:20.550433,0.0
2026-03-06 21:26:21.551997,1517.6133234399558
2026-03-06 21:26:22.553047,1519.8401086860895
2026-03-06 21:26:23.554253,1520.7047679382563
2026-03-06 21:26:24.55501,1520.6814459741115
2026-03-06 21:26:25.555716,1516.0653409123422
2026-03-06 21:26:26.556361,0.0
2026-03-06 21:26:27.556943,1516.5116431689262
2026-03-06 21:26:28.558025,0.0
2026-03-06 21:26:29.558697,0.0
2026-03-06 21:26:30.559348,0.0
2026-03-06 21:26:31.560136,1516.353526416421
2026-03-06 21:26:32.560891,1515.7724293714762
2026-03-06 21:26:33.561658,0.0
2026-03-06 21:26:34.562494,0.0
2026-03-06 21:26:35.563415,0.0
2026-03-06 21:26:36.56455,1517.2414048928024
2026-03-06 21:26:37.56567,0.0
2026-03-06 21:26:38.566786,1521.0347685939073
2026-03-06 21:26:39.567632,0.0
2026-03-06 21:26:40.568287,0.0
2026-03-06 21:26:41.569343,1520.2444930511713
2026-03-06 21:26:42.570068,0.0
2026-03-06 21:26:43.571039,1515.2982845938207
2026-03-06 21:26:44.572105,1516.860239751935
2026-03-06 21:26:45.573013,0.0
2026-03-06 21:26:46.573692,1511.0075568908453
2026-03-06 21:26:47.574516,0.0
2026-03-06 21:26:48.575242,0.0
2026-03-06 21:26:49.576177,0.0
2026-03-06 21:26:50.577108,1521.45312558949
2026-03-06 21:26:51.577927,1515.8607857114077
2026-03-06 21:26:52.578526,1521.3090842074157
2026-03-06 21:26:53.57936,0.0
2026-03-06 21:26:54.580074,1506.5029246532918
2026-03-06 21:26:55.580994,1516.1629438459875
2026-03-06 21:26:56.581876,0.0
2026-03-06 21:26:57.582685,1515.907224159837
2026-03-06 21:26:58.583403,0.0
2026-03-06 21:26:59.584428,0.0
2026-03-06 21:27:00.585156,0.0
2026-03-06 21:27:01.585966,0.0
2026-03-06 21:27:02.587066,0.0
2026-03-06 21:27:03.587873,1515.6887990683317
2026-03-06 21:27:04.588878,0.0
2026-03-06 21:27:05.589802,1512.090641234517
2026-03-06 21:27:06.590719,0.0
2026-03-06 21:27:07.591948,1512.7182794678213
2026-03-06 21:27:08.592806,1520.4072331005336
2026-03-06 21:27:09.593823,1515.4238327884675
2026-03-06 21:27:10.594878,1519.5425738483668
2026-03-06 21:27:11.595887,1517.1809938138724
2026-03-06 21:27:12.596728,0.0
2026-03-06 21:27:13.597396,1521.1231249338389
2026-03-06 21:27:14.598549,1516.5116431689262
2026-03-06 21:27:15.599779,0.0
2026-03-06 21:27:16.600805,0.0
2026-03-06 21:27:17.601701,1519.198600562215
2026-03-06 21:27:18.602862,0.0
2026-03-06 21:27:19.603908,1521.0347685939073
2026-03-06 21:27:20.605414,1516.9810619097948
2026-03-06 21:27:21.60636,0.0
2026-03-06 21:27:22.60744,1515.9026008629799
2026-03-06 21:27:23.608341,0.0
2026-03-06 21:27:24.609361,1520.6814459741115
2026-03-06 21:27:25.610249,0.0
2026-03-06 21:27:26.610826,0.0
2026-03-06 21:27:27.611626,0.0
2026-03-06 21:27:28.612527,1516.3303071922064
2026-03-06 21:27:29.613649,1516.813801303506
2026-03-06 21:27:30.614809,1520.4676441794634
2026-03-06 21:27:31.616023,1516.58130084157
2026-03-06 21:27:32.617139,0.0
2026-03-06 21:27:33.6185,0.0
2026-03-06 21:27:34.619502,1521.2486731284857
2026-03-06 21:27:35.620481,0.0
2026-03-06 21:27:36.621474,1519.2264430832863
2026-03-06 21:27:37.622442,1516.530239096284
2026-03-06 21:27:38.623431,0.0
2026-03-06 21:27:39.624418,1515.3400997453928
2026-03-06 21:27:40.62522,1520.486240106821
2026-03-06 21:27:41.626132,1521.067337151766
2026-03-06 21:27:42.626845,1516.1025327670575
2026-03-06 21:27:43.628139,0.0
2026-03-06 21:27:44.628968,0.0
2026-03-06 21:27:45.629894,0.0
2026-03-06 21:27:46.630768,0.0
2026-03-06 21:27:47.631647,0.0
2026-03-06 21:27:48.632505,1516.3023619312048
2026-03-06 21:27:49.633371,0.0
2026-03-06 21:27:50.634167,1519.7749715703726
2026-03-06 21:27:51.634966,1519.3333953505755
2026-03-06 21:27:52.635734,0.0
2026-03-06 21:27:53.636607,1519.2124704527855
2026-03-06 21:27:54.637876,1521.0022000360489
2026-03-06 21:27:55.63911,1520.7744256109
2026-03-06 21:27:56.640046,1520.5838430404663
2026-03-06 21:27:57.641065,1514.5266049784423
2026-03-06 21:27:58.641999,0.0
2026-03-06 21:27:59.642944,0.0
2026-03-06 21:28:00.643689,1525.9763537544013
2026-03-06 21:28:01.644781,0.0
2026-03-06 21:28:02.645644,0.0
2026-03-06 21:28:03.646451,0.0
2026-03-06 21:28:04.647593,0.0
2026-03-06 21:28:05.648506,1504.8014486700297
2026-03-06 21:28:06.649323,1516.4511293500661
2026-03-06 21:28:07.650382,0.0
2026-03-06 21:28:08.651359,0.0
2026-03-06 21:28:09.65211,0.0
2026-03-06 21:28:10.653001,0.0
2026-03-06 21:28:11.653913,1516.637088623643
2026-03-06 21:28:12.654954,0.0
2026-03-06 21:28:13.655762,1516.079313542843
2026-03-06 21:28:14.656837,1517.2321582990885
2026-03-06 21:28:15.658112,0.0
2026-03-06 21:28:16.659138,1520.323500057459
2026-03-06 21:28:17.659861,1513.0157115656139
2026-03-06 21:28:18.660808,1516.8509931582214
2026-03-06 21:28:19.661975,1520.0585337775947
2026-03-06 21:28:20.66279,1517.0833908802272
2026-03-06 21:28:21.663715,1521.6576807904244
2026-03-06 21:28:22.664646,1520.318876760602
2026-03-06 21:28:23.665799,1516.237327555418
2026-03-06 21:28:24.666592,1517.538939730525
2026-03-06 21:28:25.667462,0.0
2026-03-06 21:28:26.668213,0.0
2026-03-06 21:28:27.669081,0.0
2026-03-06 21:28:28.669948,0.0
2026-03-06 21:28:29.671174,1516.3628757500649
2026-03-06 21:28:30.672075,1516.0559915786982
2026-03-06 21:28:31.673112,1519.6867179703713
2026-03-06 21:28:32.673862,0.0
2026-03-06 21:28:33.674716,1517.478528651595
2026-03-06 21:28:34.675672,0.0
2026-03-06 21:28:35.676501,0.0
2026-03-06 21:28:36.678962,0.0
2026-03-06 21:28:37.678529,0.0
2026-03-06 21:28:38.679421,1516.6696571815014
2026-03-06 21:28:39.680221,0.0
2026-03-06 21:28:40.681206,0.0
2026-03-06 21:28:41.68251,0.0
2026-03-06 21:28:42.683133,1515.665477104187
2026-03-06 21:28:43.683964,0.0
2026-03-06 21:28:44.684771,1516.6789037752153
2026-03-06 21:28:45.68583,1516.3767456406356
2026-03-06 21:28:46.68678,1517.2181856685877
2026-03-06 21:28:47.687785,0.0
2026-03-06 21:28:48.688558,0.0
2026-03-06 21:28:49.68943,1513.1738283181191
2026-03-06 21:28:50.690197,1516.4465060532093
2026-03-06 21:28:51.691176,1516.8462671214343
2026-03-06 21:28:52.692097,1520.0585337775947
2026-03-06 21:28:53.692822,0.0
2026-03-06 21:28:54.693722,0.0
2026-03-06 21:28:55.69449,0.0
2026-03-06 21:28:56.695437,1517.1205827349424
2026-03-06 21:28:57.696082,1517.7248990041019
2026-03-06 21:28:58.696946,0.0
2026-03-06 21:28:59.698037,1517.8690431261064
2026-03-06 21:29:00.698905,1517.32051463902
2026-03-06 21:29:01.699751,1516.8509931582214
2026-03-06 21:29:02.700599,1516.307087967992
2026-03-06 21:29:03.701448,1516.7254449635745
2026-03-06 21:29:04.702228,1517.1903431475164
2026-03-06 21:29:05.703315,1512.0116342282295
2026-03-06 21:29:06.704387,1512.9924923413992
2026-03-06 21:29:07.705531,1518.2688041943313
2026-03-06 21:29:08.70654,0.0
2026-03-06 21:29:09.707311,1511.704852796793
2026-03-06 21:29:10.708238,0.0
2026-03-06 21:29:11.708923,1520.7558296835423
2026-03-06 21:29:12.709921,0.0
2026-03-06 21:29:13.710952,0.0
2026-03-06 21:29:14.711964,1516.585924138427
2026-03-06 21:29:15.713105,0.0
2026-03-06 21:29:16.713794,1504.8851817131042
2026-03-06 21:29:17.714729,1517.4645560210943
2026-03-06 21:29:18.715552,1516.6556845510006
2026-03-06 21:29:19.716369,1516.2419508522748
2026-03-06 21:29:20.717274,0.0
2026-03-06 21:29:21.717933,0.0
2026-03-06 21:29:22.719069,1512.7926631772518
2026-03-06 21:29:23.719908,1520.0074720323087
2026-03-06 21:29:24.721046,1516.3349304890633
2026-03-06 21:29:25.722028,1517.088014177084
2026-03-06 21:29:26.72317,0.0
2026-03-06 21:29:27.723845,0.0
2026-03-06 21:29:28.724694,0.0
2026-03-06 21:29:29.725749,0.0
2026-03-06 21:29:30.726511,1521.0533645212652
2026-03-06 21:29:31.727412,1521.0999057096244
2026-03-06 21:29:32.728328,1515.8049979293346
2026-03-06 21:29:33.729401,1517.6691112220287
2026-03-06 21:29:34.730637,1512.4671830785276
2026-03-06 21:29:35.73246,1516.0327723544835
2026-03-06 21:29:36.733083,1516.2791427069903
2026-03-06 21:29:37.734205,1516.916027534008
2026-03-06 21:29:38.734855,1521.0022000360489
2026-03-06 21:29:39.735706,1516.6789037752153
2026-03-06 21:29:40.736828,1519.8307593524457
2026-03-06 21:29:41.737624,0.0
2026-03-06 21:29:42.738435,1520.2863082027436
2026-03-06 21:29:43.739547,0.0
2026-03-06 21:29:44.740584,0.0
2026-03-06 21:29:45.741289,1520.1143215596676
2026-03-06 21:29:46.741895,0.0
2026-03-06 21:29:47.74276,0.0
2026-03-06 21:29:48.74373,1516.246574149132
2026-03-06 21:29:49.744714,1515.6144153589012
2026-03-06 21:29:50.745864,0.0
2026-03-06 21:29:51.746886,1516.237327555418
2026-03-06 21:29:52.747711,0.0
2026-03-06 21:29:53.748501,0.0
2026-03-06 21:29:54.749537,0.0
2026-03-06 21:29:55.750581,0.0
2026-03-06 21:29:56.751365,1517.6691112220287
2026-03-06 21:29:57.751975,0.0
2026-03-06 21:29:58.753232,1516.5394856899977
2026-03-06 21:29:59.754207,1518.0782216238977
2026-03-06 21:30:00.755022,0.0
2026-03-06 21:30:01.755802,1516.3303071922064
2026-03-06 21:30:02.756484,1516.530239096284
2026-03-06 21:30:03.757179,1515.958388645053
2026-03-06 21:30:04.757933,0.0
2026-03-06 21:30:05.7588,0.0
2026-03-06 21:30:06.759965,1515.9211967903377
2026-03-06 21:30:07.760772,0.0
2026-03-06 21:30:08.761481,0.0
2026-03-06 21:30:09.76223,1515.6840730315448
2026-03-06 21:30:10.763096,0.0
2026-03-06 21:30:11.764009,0.0
2026-03-06 21:30:12.765204,0.0
2026-03-06 21:30:13.766148,1515.2843119633199
2026-03-06 21:30:14.76705,1516.52088976264
2026-03-06 21:30:15.768355,1516.6556845510006
2026-03-06 21:30:16.76939,1520.258465681672
2026-03-06 21:30:17.770346,0.0
2026-03-06 21:30:18.771175,1520.4118563973905
2026-03-06 21:30:19.771932,1520.4583975857497
2026-03-06 21:30:20.772725,0.0
2026-03-06 21:30:21.773745,1516.1349985849859
2026-03-06 21:30:22.774443,0.0
2026-03-06 21:30:23.775526,1516.6603078478574
2026-03-06 21:30:24.77632,1516.3163345617056
2026-03-06 21:30:25.777068,1518.4035989826918
2026-03-06 21:30:26.777833,1520.4164796942473
2026-03-06 21:30:27.778579,1517.7295223009587
2026-03-06 21:30:28.779503,0.0
2026-03-06 21:30:29.780559,1516.4558553868533
2026-03-06 21:30:30.781252,0.0
2026-03-06 21:30:31.782049,0.0
2026-03-06 21:30:32.782907,0.0
2026-03-06 21:30:33.786571,1516.5487322837114
2026-03-06 21:30:34.787399,0.0
2026-03-06 21:30:35.78825,1515.735237516761
2026-03-06 21:30:36.789371,0.0
2026-03-06 21:30:37.789969,1520.3468220216037
2026-03-06 21:30:38.790728,0.0
2026-03-06 21:30:39.791586,1514.5730434268714
2026-03-06 21:30:40.792443,0.0
2026-03-06 21:30:41.793323,0.0
2026-03-06 21:30:42.794067,1516.5441089868546
2026-03-06 21:30:43.794991,1516.6650338846446
2026-03-06 21:30:44.795988,1515.7584567409754
2026-03-06 21:30:45.796824,0.0
2026-03-06 21:30:46.79762,1520.1329174870252
2026-03-06 21:30:47.798312,1520.597815670967
2026-03-06 21:30:48.799143,1514.7125642520189
2026-03-06 21:30:49.799897,0.0
2026-03-06 21:30:50.800583,0.0
2026-03-06 21:30:51.801419,1520.3468220216037
2026-03-06 21:30:52.802165,1520.5745964467526
2026-03-06 21:30:53.803018,1520.1003489291668
2026-03-06 21:30:54.803898,1520.5745964467526
2026-03-06 21:30:55.80458,0.0
2026-03-06 21:30:56.805285,0.0
2026-03-06 21:30:57.80627,1517.204213038087
2026-03-06 21:30:58.807168,1516.4279101258517
2026-03-06 21:30:59.80821,1513.0157115656139
2026-03-06 21:31:00.809007,0.0
2026-03-06 21:31:01.809603,0.0
2026-03-06 21:31:02.810616,1512.3509842175247
2026-03-06 21:31:03.811445,1515.665477104187
2026-03-06 21:31:04.812121,1517.1949664443732
2026-03-06 21:31:05.812829,1517.3623297905922
2026-03-06 21:31:06.813579,1512.9646498203278
2026-03-06 21:31:07.814135,0.0
2026-03-06 21:31:08.814952,1513.7688979935647
2026-03-06 21:31:09.815584,1519.9423349165918
2026-03-06 21:31:10.816592,1520.039937850237
2026-03-06 21:31:11.817376,1518.3757564616203
2026-03-06 21:31:12.818123,1520.379287839532
2026-03-06 21:31:13.818913,0.0
2026-03-06 21:31:14.819836,1516.1721904397011
2026-03-06 21:31:15.820879,0.0
2026-03-06 21:31:16.821689,0.0
2026-03-06 21:31:17.822709,0.0
2026-03-06 21:31:18.823433,0.0
2026-03-06 21:31:19.824223,0.0
2026-03-06 21:31:20.825063,0.0
2026-03-06 21:31:21.826012,0.0
2026-03-06 21:31:22.826672,1517.6133234399558
2026-03-06 21:31:23.827756,0.0
2026-03-06 21:31:24.828814,0.0
2026-03-06 21:31:25.829789,1522.1597708290815
2026-03-06 21:31:26.830733,0.0
2026-03-06 21:31:27.831971,0.0
2026-03-06 21:31:28.832971,1520.9325423634052
2026-03-06 21:31:29.833829,1520.444424955249
2026-03-06 21:31:30.834819,1520.435075621605
2026-03-06 21:31:31.835595,1515.5864700978996
2026-03-06 21:31:32.836344,1519.6819919335842
2026-03-06 21:31:33.837222,0.0
2026-03-06 21:31:34.837899,0.0
2026-03-06 21:31:35.83898,1517.5854809188843
2026-03-06 21:31:36.839714,1516.6417119204998
2026-03-06 21:31:37.840574,1523.3079922884704
2026-03-06 21:31:38.841565,1519.3844570958615
2026-03-06 21:31:39.842556,1519.6355534851552
2026-03-06 21:31:40.843016,0.0
2026-03-06 21:31:41.843871,0.0
2026-03-06 21:31:42.844751,0.0
2026-03-06 21:31:43.845601,0.0
2026-03-06 21:31:44.846484,1516.4836979079248
2026-03-06 21:31:45.847283,0.0
2026-03-06 21:31:46.848025,1517.4319874632358
2026-03-06 21:31:47.849023,0.0
2026-03-06 21:31:48.849701,1520.3420959848165
2026-03-06 21:31:49.850589,1518.73832567513
2026-03-06 21:31:50.851356,1519.8819238376618
2026-03-06 21:31:51.852248,0.0
2026-03-06 21:31:52.853098,0.0
2026-03-06 21:31:53.853874,1521.0347685939073
2026-03-06 21:31:54.854655,1520.207301196456
2026-03-06 21:31:55.855414,1518.956853506565
2026-03-06 21:31:56.856245,0.0
2026-03-06 21:31:57.857015,1515.9397927176954
2026-03-06 21:31:58.857839,0.0
2026-03-06 21:31:59.858636,1519.7191837882997
2026-03-06 21:32:00.8597,0.0
2026-03-06 21:32:01.860503,1520.3096301668884
2026-03-06 21:32:02.861951,1516.5394856899977
2026-03-06 21:32:03.86318,1521.0999057096244
2026-03-06 21:32:04.863903,1520.9651109212637
2026-03-06 21:32:05.864899,0.0
2026-03-06 21:32:06.865408,0.0
2026-03-06 21:32:07.866491,1516.1025327670575
2026-03-06 21:32:08.867562,1520.937165660262
2026-03-06 21:32:09.868753,0.0
2026-03-06 21:32:10.869558,0.0
2026-03-06 21:32:11.870395,1521.2161045706273
2026-03-06 21:32:12.871171,1519.8029168313742
2026-03-06 21:32:13.8723,1517.5435630273819
2026-03-06 21:32:14.872934,0.0
2026-03-06 21:32:15.87375,1516.6510612541438
2026-03-06 21:32:16.87446,0.0
2026-03-06 21:32:17.875494,1516.8370205277206
2026-03-06 21:32:18.876585,1516.353526416421
2026-03-06 21:32:19.877825,1514.9449619740249
2026-03-06 21:32:20.878608,0.0
2026-03-06 21:32:21.879426,1521.230077201128
2026-03-06 21:32:22.880519,1515.2471201086046
2026-03-06 21:32:23.881234,1516.9439727950096
2026-03-06 21:32:24.882034,0.0
2026-03-06 21:32:25.882959,0.0
2026-03-06 21:32:26.883663,1521.4903174442054
2026-03-06 21:32:27.884641,1517.2228089654445
2026-03-06 21:32:28.885355,0.0
2026-03-06 21:32:29.886018,1516.3814716774225
2026-03-06 21:32:30.886793,1517.5529123610258
2026-03-06 21:32:31.88749,0.0
2026-03-06 21:32:32.888118,1519.9423349165918
2026-03-06 21:32:33.888853,1516.2141083312035
2026-03-06 21:32:34.889849,0.0
2026-03-06 21:32:35.890842,1516.8370205277206
2026-03-06 21:32:36.891618,1520.318876760602
2026-03-06 21:32:37.892565,1520.3654179489613
2026-03-06 21:32:38.893577,0.0
2026-03-06 21:32:39.894616,1520.1608627480268
2026-03-06 21:32:40.895368,1517.2181856685877
2026-03-06 21:32:41.896266,1515.1309212476015
2026-03-06 21:32:42.902447,0.0
2026-03-06 21:32:43.905561,0.0
2026-03-06 21:32:44.909824,1516.916027534008
2026-03-06 21:32:45.916225,0.0
2026-03-06 21:32:46.919459,0.0
2026-03-06 21:32:47.925851,1517.0090071707964
2026-03-06 21:32:48.930219,1520.4630208826065
2026-03-06 21:32:49.931253,0.0
2026-03-06 21:32:50.93568,1521.2625430190565
2026-03-06 21:32:51.941591,1520.1887052690984
2026-03-06 21:32:52.942572,1517.0136304676532
2026-03-06 21:32:53.943413,1515.8003746324778
2026-03-06 21:32:54.945491,0.0
2026-03-06 21:32:55.950714,1515.907224159837
2026-03-06 21:32:56.951674,1519.7145604914426
2026-03-06 21:32:57.953592,1516.9114042371511
2026-03-06 21:32:58.95494,0.0
2026-03-06 21:32:59.957012,1515.1448938781023
2026-03-06 21:33:00.958725,1521.109152303338
2026-03-06 21:33:01.961342,1521.0533645212652
2026-03-06 21:33:02.962403,0.0
2026-03-06 21:33:03.963427,1516.1489712154867
2026-03-06 21:33:04.965777,1516.8323972308635
2026-03-06 21:33:05.970095,0.0
2026-03-06 21:33:06.980049,1519.6633960062265
2026-03-06 21:33:07.989644,0.0
2026-03-06 21:33:08.993631,1516.4930472415685
2026-03-06 21:33:09.996881,1515.279688666463
2026-03-06 21:33:11.001104,1516.1349985849859
2026-03-06 21:33:12.008152,1518.566339032054
2026-03-06 21:33:13.012041,1515.9211967903377
2026-03-06 21:33:14.015558,0.0
2026-03-06 21:33:15.017066,0.0
2026-03-06 21:33:16.020148,1516.2837660038472
2026-03-06 21:33:17.031501,1517.0182537645103
2026-03-06 21:33:18.035739,0.0
2026-03-06 21:33:19.037399,0.0
2026-03-06 21:33:20.0506,1516.3303071922064
2026-03-06 21:33:21.064547,0.0
2026-03-06 21:33:22.077439,0.0
2026-03-06 21:33:23.103845,1516.2884920406343
2026-03-06 21:33:24.161525,1512.611327200532
2026-03-06 21:33:25.222544,0.0
2026-03-06 21:33:26.247914,1516.3023619312048
2026-03-06 21:33:27.290191,1512.722902764678
2026-03-06 21:33:28.312626,1516.6789037752153
2026-03-06 21:33:29.319568,1516.0513682818414
2026-03-06 21:33:30.323485,1515.5214357221128
2026-03-06 21:33:31.335393,0.0
2026-03-06 21:33:32.351856,1521.1881593096257
2026-03-06 21:33:33.372585,0.0
2026-03-06 21:33:34.384174,0.0
2026-03-06 21:33:35.397098,1521.0719604486228
2026-03-06 21:33:36.665111,0.0
2026-03-06 21:33:40.05826,0.0
2026-03-06 21:33:40.959521,1517.7342483377456
2026-03-06 21:33:41.96389,1519.0822989612818
2026-03-06 21:33:42.971584,1517.1066101044416
2026-03-06 21:33:43.972513,1516.9904112434388
2026-03-06 21:33:44.98098,0.0
2026-03-06 21:33:45.984345,1519.988876104951
2026-03-06 21:33:47.148225,0.0
2026-03-06 21:34:20.791267,0.0
2026-03-06 21:34:21.782601,1517.1066101044416
2026-03-06 21:34:22.784497,1517.2739734506608
2026-03-06 21:34:23.785775,0.0
2026-03-06 21:34:24.786734,0.0
2026-03-06 21:34:25.788055,1512.090641234517
2026-03-06 21:34:26.789594,0.0
2026-03-06 21:34:27.791177,1517.3948983484506
2026-03-06 21:34:28.792801,0.0
2026-03-06 21:34:29.794631,0.0
2026-03-06 21:34:30.795824,0.0
2026-03-06 21:34:31.796971,1516.9020549035072
2026-03-06 21:34:32.79775,1516.916027534008
2026-03-06 21:34:33.79887,1515.949142051339
2026-03-06 21:34:34.799696,1516.3907182711364
2026-03-06 21:34:35.800445,1516.8928083097935
2026-03-06 21:34:36.8013,0.0
2026-03-06 21:34:37.801994,1517.3065420085193
2026-03-06 21:34:38.802714,1516.7346915572882
2026-03-06 21:34:39.803427,1515.4748945337535
2026-03-06 21:34:40.804239,0.0
2026-03-06 21:34:41.804969,0.0
2026-03-06 21:34:42.805739,0.0
2026-03-06 21:34:43.806433,0.0
2026-03-06 21:34:44.807098,0.0
2026-03-06 21:34:45.807741,1516.7114723330737
2026-03-06 21:34:46.809129,1516.9346234613658
2026-03-06 21:34:47.810232,0.0
2026-03-06 21:34:48.811416,0.0
2026-03-06 21:34:49.812505,1513.118040536046
2026-03-06 21:34:50.813603,0.0
2026-03-06 21:34:51.814323,1513.5457468652726
2026-03-06 21:34:52.815104,1516.2791427069903
2026-03-06 21:34:53.815851,1516.7766094487906
2026-03-06 21:34:54.8166,0.0
2026-03-06 21:34:55.817502,1520.1840819722415
2026-03-06 21:34:56.8189,1515.9723612755538
2026-03-06 21:34:57.819975,1516.3953415679932
2026-03-06 21:34:58.820999,1516.181539773345
2026-03-06 21:34:59.822374,0.0
2026-03-06 21:35:00.823507,1516.3023619312048
2026-03-06 21:35:01.824514,1516.3349304890633
2026-03-06 21:35:02.825669,1516.1071560639143
2026-03-06 21:35:03.826694,0.0
2026-03-06 21:35:04.827648,1512.090641234517
2026-03-06 21:35:05.828823,0.0
2026-03-06 21:35:06.829595,1516.809075266719
2026-03-06 21:35:07.830716,0.0
2026-03-06 21:35:08.831954,1512.9134853351118
2026-03-06 21:35:09.832919,1516.0653409123422
2026-03-06 21:35:10.834231,1513.2016708391905
2026-03-06 21:35:11.835174,1516.9439727950096
2026-03-06 21:35:12.836205,1512.1185864955187
2026-03-06 21:35:13.837246,1516.7068490362167
2026-03-06 21:35:14.838043,1510.97036503613
2026-03-06 21:35:15.839244,1516.3023619312048
2026-03-06 21:35:16.840465,1516.4279101258517
2026-03-06 21:35:17.841388,1516.5534583204985
2026-03-06 21:35:18.842047,0.0
2026-03-06 21:35:19.842911,1517.3343845295906
2026-03-06 21:35:20.843573,0.0
2026-03-06 21:35:21.844887,1501.449763928652
2026-03-06 21:35:22.845738,1516.3023619312048
2026-03-06 21:35:23.846857,1512.1975935018063
2026-03-06 21:35:24.848195,0.0
2026-03-06 21:35:25.849085,0.0
2026-03-06 21:35:26.849988,1517.0926374739408
2026-03-06 21:35:27.850842,1515.5214357221128
2026-03-06 21:35:28.851579,0.0
2026-03-06 21:35:29.852204,1513.2946504759789
2026-03-06 21:35:30.852642,1515.1309212476015
2026-03-06 21:35:31.85352,1515.9537653481962
2026-03-06 21:35:32.854363,0.0
2026-03-06 21:35:33.85538,1516.8928083097935
2026-03-06 21:35:34.856326,0.0
2026-03-06 21:35:35.857682,1511.3329342496395
2026-03-06 21:35:36.859054,0.0
2026-03-06 21:35:37.860268,0.0
2026-03-06 21:35:38.861841,1512.4161213332416
2026-03-06 21:35:39.86321,1512.9460538929702
2026-03-06 21:35:40.864853,0.0
2026-03-06 21:35:41.866725,0.0
2026-03-06 21:35:42.868325,1517.8086320471764
2026-03-06 21:35:43.869977,1516.46047868371
2026-03-06 21:35:44.871317,0.0
2026-03-06 21:35:45.872516,1515.3633189696075
2026-03-06 21:35:46.874145,1518.636099444628
2026-03-06 21:35:47.875615,1516.758013521433
2026-03-06 21:35:48.876672,1518.333838570118
2026-03-06 21:35:49.877953,0.0
2026-03-06 21:35:50.879594,0.0
2026-03-06 21:35:51.88106,1516.0653409123422
2026-03-06 21:35:52.882138,0.0
2026-03-06 21:35:53.883478,0.0
2026-03-06 21:35:54.884885,1513.578212683201
2026-03-06 21:35:55.886237,1517.7714401924611
2026-03-06 21:35:56.887032,1513.0529034203291
2026-03-06 21:35:57.888672,1516.8509931582214
2026-03-06 21:35:58.889722,0.0
2026-03-06 21:35:59.891047,1516.7952053761483
2026-03-06 21:36:00.892081,1501.1196605330706
2026-03-06 21:36:01.893539,0.0
2026-03-06 21:36:02.895294,0.0
2026-03-06 21:36:03.89634,1512.9042387413979
2026-03-06 21:36:04.897184,1511.9604697430134
2026-03-06 21:36:05.898208,1516.1211286944151
2026-03-06 21:36:06.898936,1516.409314198494
2026-03-06 21:36:07.899792,0.0
2026-03-06 21:36:08.900718,1512.1696482408047
2026-03-06 21:36:09.901727,1517.148425256014
2026-03-06 21:36:10.902836,1515.5260590189696
2026-03-06 21:36:11.903586,1516.0559915786982
2026-03-06 21:36:12.904648,1513.74557602942
2026-03-06 21:36:13.905726,1521.2486731284857
2026-03-06 21:36:14.90676,0.0
2026-03-06 21:36:15.90805,1517.478528651595
2026-03-06 21:36:16.908291,0.0
2026-03-06 21:36:17.908948,0.0
2026-03-06 21:36:18.909744,1516.9346234613658
2026-03-06 21:36:19.910471,1516.7626368182898
2026-03-06 21:36:20.911332,0.0
2026-03-06 21:36:21.911857,0.0
2026-03-06 21:36:22.912575,1515.1216746538878
2026-03-06 21:36:23.91351,1511.8536202156545
2026-03-06 21:36:24.914464,0.0
2026-03-06 21:36:25.915595,1515.9863339060546
2026-03-06 21:36:26.916529,1513.6154045379162
2026-03-06 21:36:27.917599,1511.700126760006
2026-03-06 21:36:28.918472,0.0
2026-03-06 21:36:29.919141,0.0
2026-03-06 21:36:30.920222,0.0
2026-03-06 21:36:31.920957,0.0
2026-03-06 21:36:32.92152,0.0
2026-03-06 21:36:33.922892,1512.4719091153145
2026-03-06 21:36:34.923558,1516.5116431689262
2026-03-06 21:36:35.926296,1517.2785967475177
2026-03-06 21:36:36.928848,0.0
2026-03-06 21:36:37.933283,0.0
2026-03-06 21:36:38.935367,1515.9816078692675
2026-03-06 21:36:39.935315,1519.4960326600076
2026-03-06 21:36:40.934439,1515.735237516761
2026-03-06 21:36:41.935471,0.0
2026-03-06 21:36:42.94028,1516.58130084157
2026-03-06 21:36:43.937727,0.0
2026-03-06 21:36:44.939839,0.0
2026-03-06 21:36:45.943311,0.0
2026-03-06 21:36:46.941433,0.0
2026-03-06 21:36:47.942133,1516.014176427126
2026-03-06 21:36:48.943222,1515.1913323265314
2026-03-06 21:36:49.943943,0.0
2026-03-06 21:36:50.944948,0.0
2026-03-06 21:36:51.94622,0.0
2026-03-06 21:36:52.950251,0.0
2026-03-06 21:36:53.9489,0.0
2026-03-06 21:36:54.949697,1515.846813080907
2026-03-06 21:36:55.951505,0.0
2026-03-06 21:36:56.955307,1516.5998967689277
2026-03-06 21:36:57.952799,1516.1629438459875
2026-03-06 21:36:58.953759,1519.4867860662937
2026-03-06 21:36:59.954838,1516.9067809402943
2026-03-06 21:37:00.958604,1516.358149713278
2026-03-06 21:37:01.960079,0.0
2026-03-06 21:37:02.96011,0.0
2026-03-06 21:37:03.963834,1516.7022257393598
2026-03-06 21:37:04.962897,1515.8654090082646
2026-03-06 21:37:05.96457,0.0
2026-03-06 21:37:06.964312,0.0
2026-03-06 21:37:07.965893,0.0
2026-03-06 21:37:08.968076,1516.8788356792927
2026-03-06 21:37:09.970467,0.0
2026-03-06 21:37:10.970928,1517.4319874632358
2026-03-06 21:37:11.971616,0.0
2026-03-06 21:37:12.972426,0.0
2026-03-06 21:37:13.973253,1516.6603078478574
2026-03-06 21:37:14.973894,1516.358149713278
2026-03-06 21:37:15.974716,0.0
2026-03-06 21:37:16.977414,0.0
2026-03-06 21:37:17.979831,0.0
2026-03-06 21:37:18.982027,0.0
2026-03-06 21:37:19.984743,0.0
2026-03-06 21:37:20.986444,1516.307087967992
2026-03-06 21:37:21.988907,0.0
2026-03-06 21:37:22.990672,1516.1349985849859
2026-03-06 21:37:23.992502,1520.263088978529
2026-03-06 21:37:24.997088,0.0
2026-03-06 21:37:26.000314,0.0
2026-03-06 21:37:27.001417,0.0
2026-03-06 21:37:28.001874,1521.4206597715618
2026-03-06 21:37:29.004633,1520.2816849058868
2026-03-06 21:37:30.007837,0.0
2026-03-06 21:37:31.009516,0.0
2026-03-06 21:37:32.010048,1520.8581586539747
2026-03-06 21:37:33.016404,0.0
2026-03-06 21:37:34.017895,1516.0559915786982
2026-03-06 21:37:35.019423,0.0
2026-03-06 21:37:36.020811,0.0
2026-03-06 21:37:37.021713,0.0
2026-03-06 21:37:38.024095,1516.2698961132764
2026-03-06 21:37:39.025485,0.0
2026-03-06 21:37:40.026822,0.0
2026-03-06 21:37:41.027726,0.0
2026-03-06 21:37:42.030439,1516.585924138427
2026-03-06 21:37:43.030752,1512.3603335511684
2026-03-06 21:37:44.031141,0.0
2026-03-06 21:37:45.034499,0.0
2026-03-06 21:37:46.032963,0.0
2026-03-06 21:37:47.034983,1516.976438612938
2026-03-06 21:37:48.038677,0.0
2026-03-06 21:37:49.041545,1516.6928764057159
2026-03-06 21:37:50.042532,1515.967737978697
2026-03-06 21:37:51.046741,0.0
2026-03-06 21:37:52.049686,1515.6562305104733
2026-03-06 21:37:53.051702,1516.125751991272
2026-03-06 21:37:54.054657,0.0
2026-03-06 21:37:55.057581,0.0
2026-03-06 21:37:56.059718,1518.7057571172716
2026-03-06 21:37:57.060764,1516.7766094487906
2026-03-06 21:37:58.063359,0.0
2026-03-06 21:37:59.064603,1519.8587046134473
2026-03-06 21:38:00.066133,0.0
2026-03-06 21:38:01.070556,1516.2605467796327
2026-03-06 21:38:02.071336,0.0
2026-03-06 21:38:03.073427,1517.5668849915266
2026-03-06 21:38:04.075518,1517.19958974123
2026-03-06 21:38:05.076647,0.0
2026-03-06 21:38:06.077002,1517.8086320471764
2026-03-06 21:38:07.077652,1517.655138591528
2026-03-06 21:38:08.078347,0.0
2026-03-06 21:38:09.079053,0.0
2026-03-06 21:38:10.079722,0.0
2026-03-06 21:38:11.080288,0.0
2026-03-06 21:38:12.081024,0.0
2026-03-06 21:38:13.081743,1517.3855490148069
2026-03-06 21:38:14.082844,1515.386640933752
2026-03-06 21:38:15.08423,1515.958388645053
2026-03-06 21:38:16.085225,0.0
2026-03-06 21:38:17.086015,1517.4599327242374
2026-03-06 21:38:18.087312,0.0
2026-03-06 21:38:19.088517,0.0
2026-03-06 21:38:20.089646,1516.9904112434388
2026-03-06 21:38:21.090688,1516.1164026576282
2026-03-06 21:38:22.091597,0.0
2026-03-06 21:38:23.092871,0.0
2026-03-06 21:38:24.094483,0.0
2026-03-06 21:38:25.09543,0.0
2026-03-06 21:38:26.096515,1516.5069171321393
2026-03-06 21:38:27.097182,0.0
2026-03-06 21:38:28.09842,0.0
2026-03-06 21:38:29.099263,1515.3122572243215
2026-03-06 21:38:30.100012,1520.5792197436094
