time,BOARD.HB_21.timestamp_ns
2026-03-06 21:14:18.311456,4398794198770
2026-03-06 21:14:18.318587,4398801251731
2026-03-06 21:14:19.128483,4399611284966
2026-03-06 21:14:20.134607,4400617386465
2026-03-06 21:14:21.139878,4401622634088
2026-03-06 21:14:22.146112,4402628129955
2026-03-06 21:14:23.150852,4403633622153
2026-03-06 21:14:24.155544,4404638288385
2026-03-06 21:14:25.161018,4405643785723
2026-03-06 21:14:26.166119,4406648833919
2026-03-06 21:14:27.172025,4407654813738
2026-03-06 21:14:28.17663,4408659401501
2026-03-06 21:14:29.181705,4409664475489
2026-03-06 21:14:30.187322,4410669999477
2026-03-06 21:14:31.193145,4411675703909
2026-03-06 21:14:32.197534,4412680331845
2026-03-06 21:14:33.202905,4413685662882
2026-03-06 21:14:34.207729,4414690494683
2026-03-06 21:14:35.212892,4415695590702
2026-03-06 21:14:36.218784,4416701470288
2026-03-06 21:14:37.224363,4417706989074
2026-03-06 21:14:38.228933,4418711619080
2026-03-06 21:14:39.234153,4419716918493
2026-03-06 21:14:40.240282,4420722839056
2026-03-06 21:14:41.245006,4421727772821
2026-03-06 21:14:42.25043,4422733184363
2026-03-06 21:14:43.255007,4423737740016
2026-03-06 21:14:44.260594,4424743253116
2026-03-06 21:14:45.266279,4425748975732
2026-03-06 21:14:46.271341,4426754094837
2026-03-06 21:14:47.276115,4427758887310
2026-03-06 21:14:48.281028,4428763768382
2026-03-06 21:14:49.28798,4429770058423
2026-03-06 21:14:50.292353,4430775118347
2026-03-06 21:14:51.297439,4431780146515
2026-03-06 21:14:52.302056,4432784742927
2026-03-06 21:14:53.307423,4433790126301
2026-03-06 21:14:54.313302,4434795959810
2026-03-06 21:14:55.318342,4435801055236
2026-03-06 21:14:56.323487,4436806195712
2026-03-06 21:14:57.328137,4437810862588
2026-03-06 21:14:58.334575,4438816765530
2026-03-06 21:14:59.339327,4439822080917
2026-03-06 21:15:00.344322,4440827063458
2026-03-06 21:15:01.349451,4441832211852
2026-03-06 21:15:02.354311,4442837079266
2026-03-06 21:15:03.360268,4443843022231
2026-03-06 21:15:04.365412,4444848188472
2026-03-06 21:15:05.370472,4445853232288
2026-03-06 21:15:06.375592,4446858305437
2026-03-06 21:15:07.382281,4447864393178
2026-03-06 21:15:08.386441,4448869135667
2026-03-06 21:15:09.391748,4449874430924
2026-03-06 21:15:10.39648,4450879242574
2026-03-06 21:15:11.401538,4451884251002
2026-03-06 21:15:12.407558,4452890298491
2026-03-06 21:15:13.412663,4453895439835
2026-03-06 21:15:14.417497,4454900299295
2026-03-06 21:15:15.422638,4455905410406
2026-03-06 21:15:16.429592,4456911245563
2026-03-06 21:15:17.433679,4457916457843
2026-03-06 21:15:18.438906,4458921621915
2026-03-06 21:15:19.44377,4459926547318
2026-03-06 21:15:20.449105,4460931840163
2026-03-06 21:15:21.454772,4461937556415
2026-03-06 21:15:22.459751,4462942499442
2026-03-06 21:15:23.464779,4463947522241
2026-03-06 21:15:24.470215,4464952820018
2026-03-06 21:15:25.47647,4465958442114
2026-03-06 21:15:26.480917,4466963654777
2026-03-06 21:15:27.485767,4467968545281
2026-03-06 21:15:28.491169,4468973535996
2026-03-06 21:15:29.495899,4469978675704
2026-03-06 21:15:30.501786,4470984561743
2026-03-06 21:15:31.506844,4471989526855
2026-03-06 21:15:32.511858,4472994606127
2026-03-06 21:15:33.517045,4473999763214
2026-03-06 21:15:34.524039,4475005821081
2026-03-06 21:15:35.528324,4476011064902
2026-03-06 21:15:36.532964,4477015730243
2026-03-06 21:15:37.538079,4478020830489
2026-03-06 21:15:38.542861,4479025594578
2026-03-06 21:15:39.548982,4480031754933
2026-03-06 21:15:40.554139,4481036890715
2026-03-06 21:15:41.559199,4482041962570
2026-03-06 21:15:42.564292,4483047034743
2026-03-06 21:15:43.570926,4484052871795
2026-03-06 21:15:44.575172,4485057907114
2026-03-06 21:15:45.579879,4486062651126
2026-03-06 21:15:46.585116,4487067873182
2026-03-06 21:15:47.59025,4488073063539
2026-03-06 21:15:48.596212,4489079016503
2026-03-06 21:15:49.601193,4490083953957
2026-03-06 21:15:50.606038,4491088787166
2026-03-06 21:15:51.611102,4492093875819
2026-03-06 21:15:52.61783,4493100087030
2026-03-06 21:15:53.622441,4494105173291
2026-03-06 21:15:54.627124,4495109893357
2026-03-06 21:15:55.632028,4496114819307
2026-03-06 21:15:56.637056,4497119820646
2026-03-06 21:15:57.64325,4498126036225
2026-03-06 21:15:58.648147,4499130900467
2026-03-06 21:15:59.653217,4500135939565
2026-03-06 21:16:00.658027,4501140801195
2026-03-06 21:16:01.665015,4502147090035
2026-03-06 21:16:02.669436,4503152183962
2026-03-06 21:16:03.674203,4504156933846
2026-03-06 21:16:04.67942,4505162170826
2026-03-06 21:16:05.684203,4506166983885
2026-03-06 21:16:06.690602,4507173367433
2026-03-06 21:16:07.695393,4508178140945
2026-03-06 21:16:08.70059,4509183363591
2026-03-06 21:16:09.705808,4510188581129
2026-03-06 21:16:10.711429,4511193958923
2026-03-06 21:16:11.716721,4512199492526
2026-03-06 21:16:12.721718,4513204504155
2026-03-06 21:16:13.726785,4514209538298
2026-03-06 21:16:14.731786,4515214523113
2026-03-06 21:16:15.737715,4516220459531
2026-03-06 21:16:16.742885,4517225657839
2026-03-06 21:16:17.747667,4518230402465
2026-03-06 21:16:18.752827,4519235565670
2026-03-06 21:16:19.758959,4520241437974
2026-03-06 21:16:20.763433,4521246222821
2026-03-06 21:16:21.768405,4522251164077
2026-03-06 21:16:22.773419,4523256176864
2026-03-06 21:16:23.778508,4524261312949
2026-03-06 21:16:24.784561,4525267343108
2026-03-06 21:16:25.789579,4526272367677
2026-03-06 21:16:26.794683,4527277420951
2026-03-06 21:16:27.80009,4528282583882
2026-03-06 21:16:28.80634,4529288325393
2026-03-06 21:16:29.811042,4530293818973
2026-03-06 21:16:30.815819,4531298599098
2026-03-06 21:16:31.820572,4532303361971
2026-03-06 21:16:32.82591,4533308672069
2026-03-06 21:16:33.832221,4534314890497
2026-03-06 21:16:34.836928,4535319722940
2026-03-06 21:16:35.841986,4536324727641
2026-03-06 21:16:36.846797,4537329529725
2026-03-06 21:16:37.853405,4538335533239
2026-03-06 21:16:38.858264,4539340894985
2026-03-06 21:16:39.863206,4540345945273
2026-03-06 21:16:40.868018,4541350789168
2026-03-06 21:16:41.873388,4542356146331
2026-03-06 21:16:42.879099,4543361773885
2026-03-06 21:16:43.883903,4544366662270
2026-03-06 21:16:44.888975,4545371749780
2026-03-06 21:16:45.893802,4546376564839
2026-03-06 21:16:46.901168,4547382797047
2026-03-06 21:16:47.904949,4548387709043
2026-03-06 21:16:48.910234,4549393014727
2026-03-06 21:16:49.9152,4550397862764
2026-03-06 21:16:50.920566,4551403244585
2026-03-06 21:16:51.925969,4552408755359
2026-03-06 21:16:52.931425,4553414170264
2026-03-06 21:16:53.935907,4554418685722
2026-03-06 21:16:54.941059,4555423791467
2026-03-06 21:16:55.947732,4556429614656
2026-03-06 21:16:56.952424,4557435187931
2026-03-06 21:16:57.957276,4558440014394
2026-03-06 21:16:58.962561,4559445282035
2026-03-06 21:16:59.967288,4560450040462
2026-03-06 21:17:00.973309,4561456073795
2026-03-06 21:17:01.978332,4562461105497
2026-03-06 21:17:02.983079,4563465782078
2026-03-06 21:17:03.988353,4564471013344
2026-03-06 21:17:04.994707,4565476700366
2026-03-06 21:17:05.999156,4566481820394
2026-03-06 21:17:07.004687,4567487364072
2026-03-06 21:17:08.009545,4568492268708
2026-03-06 21:17:09.014545,4569497272899
2026-03-06 21:17:10.020454,4570503185753
2026-03-06 21:17:11.025414,4571508146626
2026-03-06 21:17:12.030511,4572513208380
2026-03-06 21:17:13.035235,4573517993570
2026-03-06 21:17:14.041711,4574523997547
2026-03-06 21:17:15.046337,4575529056221
2026-03-06 21:17:16.051214,4576533974761
2026-03-06 21:17:17.056752,4577539416421
2026-03-06 21:17:18.061893,4578544521915
2026-03-06 21:17:19.067284,4579550030559
2026-03-06 21:17:20.072454,4580555064408
2026-03-06 21:17:21.077628,4581560421207
2026-03-06 21:17:22.082367,4582565142794
2026-03-06 21:17:23.088885,4583571342306
2026-03-06 21:17:24.093425,4584576148228
2026-03-06 21:17:25.098444,4585581218924
2026-03-06 21:17:26.103583,4586586331542
2026-03-06 21:17:27.10839,4587591155655
2026-03-06 21:17:28.114746,4588597507503
2026-03-06 21:17:29.119877,4589602566549
2026-03-06 21:17:30.124695,4590607458884
2026-03-06 21:17:31.129971,4591612714314
2026-03-06 21:17:32.136968,4592618576429
2026-03-06 21:17:33.140474,4593623207401
2026-03-06 21:17:34.145801,4594628562601
2026-03-06 21:17:35.150862,4595633546826
2026-03-06 21:17:36.155387,4596638179945
2026-03-06 21:17:37.161718,4597644497175
2026-03-06 21:17:38.166607,4598649370524
2026-03-06 21:17:39.171615,4599654389596
2026-03-06 21:17:40.177091,4600659842551
2026-03-06 21:17:41.183069,4601665232145
2026-03-06 21:17:42.187836,4602670593461
2026-03-06 21:17:43.192917,4603675642978
2026-03-06 21:17:44.198888,4604680426256
2026-03-06 21:17:45.202875,4605685560646
2026-03-06 21:17:46.209427,4606691752028
2026-03-06 21:17:47.214329,4607696656410
2026-03-06 21:17:48.219518,4608701696838
2026-03-06 21:17:49.224531,4609706448184
2026-03-06 21:17:50.230201,4610712260017
2026-03-06 21:17:51.234671,4611717428362
2026-03-06 21:17:52.239576,4612722368707
2026-03-06 21:17:53.244727,4613727504392
2026-03-06 21:17:54.250109,4614732860990
2026-03-06 21:17:55.255752,4615738534993
2026-03-06 21:17:56.261249,4616743973281
2026-03-06 21:17:57.265733,4617748510941
2026-03-06 21:17:58.270986,4618753761573
2026-03-06 21:17:59.278376,4619760127469
2026-03-06 21:18:00.282188,4620764920767
2026-03-06 21:18:01.28681,4621769559518
2026-03-06 21:18:02.292101,4622774896806
2026-03-06 21:18:03.297239,4623779941046
2026-03-06 21:18:04.303277,4624785922769
2026-03-06 21:18:05.308148,4625790904638
2026-03-06 21:18:06.313358,4626796128148
2026-03-06 21:18:07.318258,4627801023029
2026-03-06 21:18:08.324293,4628806747169
2026-03-06 21:18:09.329154,4629811919960
2026-03-06 21:18:10.334337,4630817102988
2026-03-06 21:18:11.339121,4631821904795
2026-03-06 21:18:12.344395,4632827112229
2026-03-06 21:18:13.35043,4633833225969
2026-03-06 21:18:14.355515,4634838224125
2026-03-06 21:18:15.360466,4635843232148
2026-03-06 21:18:16.365272,4636847990610
2026-03-06 21:18:17.371928,4637853902327
2026-03-06 21:18:18.375943,4638858764172
2026-03-06 21:18:19.381501,4639864310943
2026-03-06 21:18:20.386314,4640869105510
2026-03-06 21:18:21.391507,4641874299234
2026-03-06 21:18:22.3974,4642880161321
2026-03-06 21:18:23.402258,4643885051508
2026-03-06 21:18:24.407271,4644890063013
2026-03-06 21:18:25.4124,4645895193455
2026-03-06 21:18:26.418972,4646901288014
2026-03-06 21:18:27.423266,4647906030876
2026-03-06 21:18:28.428287,4648911016954
2026-03-06 21:18:29.433822,4649916574277
2026-03-06 21:18:30.438512,4650921303488
2026-03-06 21:18:31.444176,4651926932603
2026-03-06 21:18:32.449649,4652932395036
2026-03-06 21:18:33.454166,4653936970393
2026-03-06 21:18:34.459613,4654942426156
2026-03-06 21:18:35.465888,4655948139804
2026-03-06 21:18:36.470491,4656953250678
2026-03-06 21:18:37.475644,4657958418587
2026-03-06 21:18:38.480711,4658963474447
2026-03-06 21:18:39.485274,4659968068952
2026-03-06 21:18:40.491644,4660974423289
2026-03-06 21:18:41.496682,4661979469969
2026-03-06 21:18:42.501466,4662984223605
2026-03-06 21:18:43.50677,4663989449316
2026-03-06 21:18:44.512905,4664995375412
2026-03-06 21:18:45.517539,4666000326786
2026-03-06 21:18:46.522974,4667005742486
2026-03-06 21:18:47.528041,4668010765495
2026-03-06 21:18:48.53251,4669015321135
2026-03-06 21:18:49.53869,4670021477864
2026-03-06 21:18:50.543765,4671026535220
2026-03-06 21:18:51.548887,4672031674163
2026-03-06 21:18:52.554141,4673036856637
2026-03-06 21:18:53.560346,4674042761852
2026-03-06 21:18:54.564561,4675047311009
2026-03-06 21:18:55.570142,4676052875809
2026-03-06 21:18:56.575638,4677057304101
2026-03-06 21:18:57.579785,4678062525067
2026-03-06 21:18:58.585823,4679068533021
2026-03-06 21:18:59.590929,4680073678582
2026-03-06 21:19:00.595759,4681078536740
2026-03-06 21:19:01.601077,4682083833443
2026-03-06 21:19:02.607136,4683089470610
2026-03-06 21:19:03.612105,4684094865947
2026-03-06 21:19:04.616993,4685099726029
2026-03-06 21:19:05.621843,4686104559735
2026-03-06 21:19:06.626883,4687109596371
2026-03-06 21:19:07.633112,4688115849312
2026-03-06 21:19:08.638022,4689120786830
2026-03-06 21:19:09.643236,4690126018971
2026-03-06 21:19:10.647924,4691130670051
2026-03-06 21:19:11.654439,4692136930420
2026-03-06 21:19:12.659222,4693141957671
2026-03-06 21:19:13.664402,4694147156618
2026-03-06 21:19:14.669267,4695152053248
2026-03-06 21:19:15.674083,4696156842456
2026-03-06 21:19:16.679797,4697162587315
2026-03-06 21:19:17.684852,4698167616504
2026-03-06 21:19:18.690138,4699172912251
2026-03-06 21:19:19.694932,4700177674572
2026-03-06 21:19:20.70089,4701183405260
2026-03-06 21:19:21.706395,4702189180105
2026-03-06 21:19:22.711113,4703193866031
2026-03-06 21:19:23.715988,4704198746273
2026-03-06 21:19:24.721263,4705204045121
2026-03-06 21:19:25.727315,4706210069370
2026-03-06 21:19:26.732089,4707214862372
2026-03-06 21:19:27.737098,4708219786609
2026-03-06 21:19:28.742057,4709224740711
2026-03-06 21:19:29.748164,4710230564979
2026-03-06 21:19:30.753133,4711235847983
2026-03-06 21:19:31.758052,4712240834126
2026-03-06 21:19:32.763025,4713245822155
2026-03-06 21:19:33.76847,4714251230643
2026-03-06 21:19:34.774085,4715256867712
2026-03-06 21:19:35.779492,4716262300890
2026-03-06 21:19:36.784283,4717267065560
2026-03-06 21:19:37.789519,4718272300527
2026-03-06 21:19:38.79525,4719277756090
2026-03-06 21:19:39.800716,4720283374364
2026-03-06 21:19:40.805449,4721288211692
2026-03-06 21:19:41.81056,4722293348230
2026-03-06 21:19:42.815771,4723298444912
2026-03-06 21:19:43.821252,4724304023822
2026-03-06 21:19:44.826582,4725309340023
2026-03-06 21:19:45.831531,4726314237480
2026-03-06 21:19:46.836128,4727318920157
2026-03-06 21:19:47.842433,4728325047151
2026-03-06 21:19:48.847398,4729330192767
2026-03-06 21:19:49.85237,4730335142953
2026-03-06 21:19:50.857292,4731340081932
2026-03-06 21:19:51.862382,4732345166207
2026-03-06 21:19:52.86835,4733351149774
2026-03-06 21:19:53.873555,4734356304360
2026-03-06 21:19:54.878498,4735361298215
2026-03-06 21:19:55.883472,4736366273014
2026-03-06 21:19:56.889402,4737371986638
2026-03-06 21:19:57.894616,4738377340241
2026-03-06 21:19:58.899424,4739382088870
2026-03-06 21:19:59.904312,4740387093947
2026-03-06 21:20:00.90958,4741392327093
2026-03-06 21:20:01.915752,4742398496453
2026-03-06 21:20:02.920303,4743403108484
2026-03-06 21:20:03.925467,4744408207562
2026-03-06 21:20:04.93062,4745413437170
2026-03-06 21:20:05.936909,4746419241206
2026-03-06 21:20:06.941973,4747424700106
2026-03-06 21:20:07.946537,4748429353113
2026-03-06 21:20:08.951739,4749434441744
2026-03-06 21:20:09.956901,4750439488969
2026-03-06 21:20:10.962655,4751445421593
2026-03-06 21:20:11.967773,4752450372698
2026-03-06 21:20:12.97288,4753455680679
2026-03-06 21:20:13.978042,4754460772956
2026-03-06 21:20:14.983801,4755466609092
2026-03-06 21:20:15.988896,4756471643684
2026-03-06 21:20:16.993619,4757476391085
2026-03-06 21:20:17.998756,4758481427354
2026-03-06 21:20:19.003583,4759486340453
2026-03-06 21:20:20.009633,4760492443588
2026-03-06 21:20:21.0146,4761497406693
2026-03-06 21:20:22.020017,4762502769055
2026-03-06 21:20:23.024858,4763507655494
2026-03-06 21:20:24.031096,4764513694443
2026-03-06 21:20:25.035936,4765518710080
2026-03-06 21:20:26.04081,4766523592540
2026-03-06 21:20:27.046081,4767528837829
2026-03-06 21:20:28.051675,4768533501859
2026-03-06 21:20:29.057014,4769539769855
2026-03-06 21:20:30.062333,4770545111397
2026-03-06 21:20:31.067115,4771549788764
2026-03-06 21:20:32.072061,4772554843658
2026-03-06 21:20:33.07807,4773560595462
2026-03-06 21:20:34.082852,4774565629661
2026-03-06 21:20:35.088177,4775570893141
2026-03-06 21:20:36.093205,4776576012816
2026-03-06 21:20:37.098338,4777581018831
2026-03-06 21:20:38.10418,4778586923296
2026-03-06 21:20:39.109276,4779592023611
2026-03-06 21:20:40.114287,4780596982431
2026-03-06 21:20:41.119004,4781601779128
2026-03-06 21:20:42.125479,4782607837669
2026-03-06 21:20:43.12993,4783612721664
2026-03-06 21:20:44.135013,4784617746142
2026-03-06 21:20:45.140307,4785623092244
2026-03-06 21:20:46.145327,4786628135289
2026-03-06 21:20:47.150894,4787633710764
2026-03-06 21:20:48.1563,4788639083035
2026-03-06 21:20:49.160933,4789643711735
2026-03-06 21:20:50.166054,4790648784960
2026-03-06 21:20:51.172398,4791655212052
2026-03-06 21:20:52.177285,4792659958908
2026-03-06 21:20:53.182209,4793664959767
2026-03-06 21:20:54.187174,4794669917800
2026-03-06 21:20:55.192387,4795675166710
2026-03-06 21:20:56.19803,4796680812560
2026-03-06 21:20:57.20313,4797685900880
2026-03-06 21:20:58.208568,4798691358459
2026-03-06 21:20:59.213462,4799696233768
2026-03-06 21:21:00.21918,4800701642926
2026-03-06 21:21:01.224585,4801707331421
2026-03-06 21:21:02.229161,4802711936835
2026-03-06 21:21:03.234331,4803717111202
2026-03-06 21:21:04.239141,4804721918783
2026-03-06 21:21:05.245252,4805728036579
2026-03-06 21:21:06.250168,4806732959213
2026-03-06 21:21:07.255261,4807738040968
2026-03-06 21:21:08.260488,4808743172092
2026-03-06 21:21:09.266212,4809748840219
2026-03-06 21:21:10.27133,4810754053604
2026-03-06 21:21:11.276287,4811759048975
2026-03-06 21:21:12.281773,4812764571716
2026-03-06 21:21:13.286688,4813769456194
2026-03-06 21:21:14.292764,4814775507015
2026-03-06 21:21:15.297688,4815780493694
2026-03-06 21:21:16.302566,4816785290148
2026-03-06 21:21:17.307393,4817790166724
2026-03-06 21:21:18.313796,4818796105038
2026-03-06 21:21:19.318458,4819801263146
2026-03-06 21:21:20.323784,4820806475076
2026-03-06 21:21:21.328762,4821811543891
2026-03-06 21:21:22.333651,4822816436252
2026-03-06 21:21:23.33997,4823822719306
2026-03-06 21:21:24.344501,4824827303201
2026-03-06 21:21:25.349432,4825832226608
2026-03-06 21:21:26.3544,4826837188298
2026-03-06 21:21:27.360912,4827843323454
2026-03-06 21:21:28.365843,4828848627830
2026-03-06 21:21:29.370493,4829853240712
2026-03-06 21:21:30.375619,4830858317051
2026-03-06 21:21:31.380615,4831863389536
2026-03-06 21:21:32.386728,4832869517028
2026-03-06 21:21:33.391678,4833874466889
2026-03-06 21:21:34.396685,4834879472703
2026-03-06 21:21:35.401465,4835884243001
2026-03-06 21:21:36.407885,4836890215280
2026-03-06 21:21:37.412803,4837895528219
2026-03-06 21:21:38.417853,4838900612493
2026-03-06 21:21:39.422758,4839905559396
2026-03-06 21:21:40.427869,4840910656395
2026-03-06 21:21:41.433976,4841916765493
2026-03-06 21:21:42.43887,4842921626527
2026-03-06 21:21:43.443894,4843926657569
2026-03-06 21:21:44.448945,4844931704749
2026-03-06 21:21:45.455162,4845937650989
2026-03-06 21:21:46.459689,4846942482564
2026-03-06 21:21:47.464742,4847947480935
2026-03-06 21:21:48.470094,4848952877384
2026-03-06 21:21:49.47477,4849957499813
2026-03-06 21:21:50.481101,4850963910641
2026-03-06 21:21:51.485791,4851968590634
2026-03-06 21:21:52.490785,4852973582660
2026-03-06 21:21:53.496043,4853978800069
2026-03-06 21:21:54.501978,4854984348336
2026-03-06 21:21:55.506808,4855989595410
2026-03-06 21:21:56.511837,4856994634222
2026-03-06 21:21:57.517201,4857999995072
2026-03-06 21:21:58.521786,4859004549022
2026-03-06 21:21:59.528343,4860011071722
2026-03-06 21:22:00.533099,4861015854906
2026-03-06 21:22:01.538318,4862021080170
2026-03-06 21:22:02.54289,4863025648825
2026-03-06 21:22:03.54917,4864031796385
2026-03-06 21:22:04.553896,4865036677534
2026-03-06 21:22:05.558985,4866041777151
2026-03-06 21:22:06.564431,4867047176696
2026-03-06 21:22:07.569058,4868051866682
2026-03-06 21:22:08.574979,4869057746619
2026-03-06 21:22:09.580504,4870063242749
2026-03-06 21:22:10.585048,4871067790271
2026-03-06 21:22:11.589937,4872072708335
2026-03-06 21:22:12.595993,4873078623100
2026-03-06 21:22:13.60136,4874084098121
2026-03-06 21:22:14.606229,4875089027609
2026-03-06 21:22:15.611212,4876093988647
2026-03-06 21:22:16.616096,4877098893974
2026-03-06 21:22:17.622369,4878105173423
2026-03-06 21:22:18.627265,4879110006361
2026-03-06 21:22:19.632329,4880115121559
2026-03-06 21:22:20.637301,4881120069997
2026-03-06 21:22:21.643515,4882125978729
2026-03-06 21:22:22.64842,4883131197768
2026-03-06 21:22:23.65322,4884136028431
2026-03-06 21:22:24.658281,4885141077375
2026-03-06 21:22:25.66346,4886146243224
2026-03-06 21:22:26.669073,4887151867325
2026-03-06 21:22:27.674541,4888157290402
2026-03-06 21:22:28.67908,4889161889952
2026-03-06 21:22:29.684417,4890167183922
2026-03-06 21:22:30.690317,4891172917656
2026-03-06 21:22:31.6955,4892178308922
2026-03-06 21:22:32.700189,4893182975958
2026-03-06 21:22:33.705269,4894188062520
2026-03-06 21:22:34.710496,4895193298293
2026-03-06 21:22:35.716609,4896199371883
2026-03-06 21:22:36.721287,4897204060404
2026-03-06 21:22:37.726074,4898208892001
2026-03-06 21:22:38.731589,4899214329337
2026-03-06 21:22:39.737483,4900219850380
2026-03-06 21:22:40.742686,4901225444681
2026-03-06 21:22:41.747721,4902230485595
2026-03-06 21:22:42.752275,4903235070947
2026-03-06 21:22:43.757463,4904240232152
2026-03-06 21:22:44.763307,4905246103824
2026-03-06 21:22:45.76839,4906251056188
2026-03-06 21:22:46.77368,4907256471861
2026-03-06 21:22:47.778535,4908261296862
2026-03-06 21:22:48.784333,4909267018500
2026-03-06 21:22:49.789298,4910272081266
2026-03-06 21:22:50.794396,4911277152364
2026-03-06 21:22:51.79971,4912282447027
2026-03-06 21:22:52.804576,4913287336516
2026-03-06 21:22:53.810717,4914293514210
2026-03-06 21:22:54.815644,4915298268757
2026-03-06 21:22:55.820763,4916303439499
2026-03-06 21:22:56.825969,4917308717278
2026-03-06 21:22:57.831844,4918314391248
2026-03-06 21:22:58.836786,4919319574163
2026-03-06 21:22:59.841669,4920324484721
2026-03-06 21:23:00.846583,4921329358750
2026-03-06 21:23:01.851735,4922334470944
2026-03-06 21:23:02.857886,4923340659320
2026-03-06 21:23:03.863,4924345762730
2026-03-06 21:23:04.86749,4925350277673
2026-03-06 21:23:05.873077,4926355866164
2026-03-06 21:23:06.878799,4927361292784
2026-03-06 21:23:07.883795,4928366568658
2026-03-06 21:23:08.888621,4929371370548
2026-03-06 21:23:09.893619,4930376395714
2026-03-06 21:23:10.898954,4931381649873
2026-03-06 21:23:11.904918,4932387663726
2026-03-06 21:23:12.909871,4933392672184
2026-03-06 21:23:13.915091,4934397853417
2026-03-06 21:23:14.919706,4935402484985
2026-03-06 21:23:15.925923,4936408405414
2026-03-06 21:23:16.930937,4937413720696
2026-03-06 21:23:17.935749,4938418526936
2026-03-06 21:23:18.941248,4939423920609
2026-03-06 21:23:19.945995,4940428673088
2026-03-06 21:23:20.951913,4941434704508
2026-03-06 21:23:21.957159,4942439971042
2026-03-06 21:23:22.962201,4943444974288
2026-03-06 21:23:23.966906,4944449724095
2026-03-06 21:23:24.973297,4945455609805
2026-03-06 21:23:25.978213,4946460983549
2026-03-06 21:23:26.982907,4947465671538
2026-03-06 21:23:27.987819,4948470614598
2026-03-06 21:23:28.992726,4949475532254
2026-03-06 21:23:29.999239,4950482007206
2026-03-06 21:23:31.004184,4951486927787
2026-03-06 21:23:32.009244,4952492015895
2026-03-06 21:23:33.013946,4953496720587
2026-03-06 21:23:34.019995,4954502423759
2026-03-06 21:23:35.025196,4955507920140
2026-03-06 21:23:36.029854,4956512647689
2026-03-06 21:23:37.035207,4957517969652
2026-03-06 21:23:38.040172,4958522975689
2026-03-06 21:23:39.046316,4959529089798
2026-03-06 21:23:40.051114,4960533808663
2026-03-06 21:23:41.055924,4961538733827
2026-03-06 21:23:42.061117,4962543887463
2026-03-06 21:23:43.067455,4963549941818
2026-03-06 21:23:44.072147,4964554937010
2026-03-06 21:23:45.077067,4965559782667
2026-03-06 21:23:46.082073,4966564855753
2026-03-06 21:23:47.08689,4967569680172
2026-03-06 21:23:48.093009,4968575817606
2026-03-06 21:23:49.09801,4969580789876
2026-03-06 21:23:50.103107,4970585848044
2026-03-06 21:23:51.10811,4971590859956
2026-03-06 21:23:52.114215,4972596898280
2026-03-06 21:23:53.119373,4973602136823
2026-03-06 21:23:54.124195,4974606953105
2026-03-06 21:23:55.129081,4975611835844
2026-03-06 21:23:56.134453,4976617114245
2026-03-06 21:23:57.140109,4977622880341
2026-03-06 21:23:58.145508,4978628264012
2026-03-06 21:23:59.15028,4979633038681
2026-03-06 21:24:00.155389,4980638160044
2026-03-06 21:24:01.161337,4981643667354
2026-03-06 21:24:02.166334,4982648983288
2026-03-06 21:24:03.171535,4983654292687
2026-03-06 21:24:04.176366,4984659131319
2026-03-06 21:24:05.181201,4985663967558
2026-03-06 21:24:06.187084,4986669889910
2026-03-06 21:24:07.19226,4987675037329
2026-03-06 21:24:08.197365,4988680098135
2026-03-06 21:24:09.202656,4989685355734
2026-03-06 21:24:10.208812,4990691217543
2026-03-06 21:24:11.213382,4991696119221
2026-03-06 21:24:12.218258,4992701076158
2026-03-06 21:24:13.223319,4993706007973
2026-03-06 21:24:14.228346,4994711104387
2026-03-06 21:24:15.234372,4995717149690
2026-03-06 21:24:16.239259,4996722044712
2026-03-06 21:24:17.244403,4997727204099
2026-03-06 21:24:18.249449,4998732239305
2026-03-06 21:24:19.255764,4999738147736
2026-03-06 21:24:20.260358,5000743132987
2026-03-06 21:24:21.265466,5001748244669
2026-03-06 21:24:22.270696,5002753485209
2026-03-06 21:24:23.275537,5003758318574
2026-03-06 21:24:24.281587,5004764354957
2026-03-06 21:24:25.286419,5005769210742
2026-03-06 21:24:26.291633,5006774417230
2026-03-06 21:24:27.296753,5007779531609
2026-03-06 21:24:28.302604,5008785061628
2026-03-06 21:24:29.3073,5009790095690
2026-03-06 21:24:30.312669,5010795442316
2026-03-06 21:24:31.317669,5011800404167
2026-03-06 21:24:32.322797,5012805576113
2026-03-06 21:24:33.328615,5013811360839
2026-03-06 21:24:34.333596,5014816379058
2026-03-06 21:24:35.338614,5015821400515
2026-03-06 21:24:36.343819,5016826618547
2026-03-06 21:24:37.349717,5017832286538
2026-03-06 21:24:38.354942,5018837738675
2026-03-06 21:24:39.359604,5019842361683
2026-03-06 21:24:40.36455,5020847346551
2026-03-06 21:24:41.369996,5021852728478
2026-03-06 21:24:42.375718,5022858488585
2026-03-06 21:24:43.380652,5023863440112
2026-03-06 21:24:44.385662,5024868421028
2026-03-06 21:24:45.390969,5025873713555
2026-03-06 21:24:46.397239,5026879427065
2026-03-06 21:24:47.401539,5027884342266
2026-03-06 21:24:48.406863,5028889630738
2026-03-06 21:24:49.411728,5029894482663
2026-03-06 21:24:50.416814,5030899628955
2026-03-06 21:24:51.422809,5031905622230
2026-03-06 21:24:52.427658,5032910465999
2026-03-06 21:24:53.432739,5033915532738
2026-03-06 21:24:54.437707,5034920472024
2026-03-06 21:24:55.443948,5035926597229
2026-03-06 21:24:56.449043,5036931818723
2026-03-06 21:24:57.453693,5037936372280
2026-03-06 21:24:58.458654,5038941394706
2026-03-06 21:24:59.464086,5039946856145
2026-03-06 21:25:00.470246,5040952978725
2026-03-06 21:25:01.47488,5041957676871
2026-03-06 21:25:02.480054,5042962819008
2026-03-06 21:25:03.48494,5043967725033
2026-03-06 21:25:04.490929,5044973430029
2026-03-06 21:25:05.495705,5045978442825
2026-03-06 21:25:06.501026,5046983818610
2026-03-06 21:25:07.506042,5047988782558
2026-03-06 21:25:08.510878,5048993654752
2026-03-06 21:25:09.516837,5049999600913
2026-03-06 21:25:10.521976,5051004631657
2026-03-06 21:25:11.526959,5052009644294
2026-03-06 21:25:12.531842,5053014544766
2026-03-06 21:25:13.537663,5054020299969
2026-03-06 21:25:14.542833,5055025597518
2026-03-06 21:25:15.548262,5056031029714
2026-03-06 21:25:16.553027,5057035799520
2026-03-06 21:25:17.55821,5058040976887
2026-03-06 21:25:18.564282,5059047013055
2026-03-06 21:25:19.569206,5060051947539
2026-03-06 21:25:20.574312,5061057068102
2026-03-06 21:25:21.579101,5062061869492
2026-03-06 21:25:22.585238,5063067697306
2026-03-06 21:25:23.590461,5064073176695
2026-03-06 21:25:24.595123,5065077883224
2026-03-06 21:25:25.600412,5066083192704
2026-03-06 21:25:26.605,5067087752527
2026-03-06 21:25:27.611367,5068094170037
2026-03-06 21:25:28.616323,5069099100274
2026-03-06 21:25:29.621037,5070103809583
2026-03-06 21:25:30.626415,5071109199688
2026-03-06 21:25:31.632524,5072115021729
2026-03-06 21:25:32.637441,5073120215775
2026-03-06 21:25:33.642261,5074125028145
2026-03-06 21:25:34.647262,5075130034563
2026-03-06 21:25:35.652024,5076134808763
2026-03-06 21:25:36.65841,5077141208516
2026-03-06 21:25:37.663193,5078145977832
2026-03-06 21:25:38.668242,5079151029080
2026-03-06 21:25:39.67345,5080156238779
2026-03-06 21:25:40.678967,5081161611321
2026-03-06 21:25:41.684379,5082167147714
2026-03-06 21:25:42.689659,5083172442394
2026-03-06 21:25:43.694135,5084176950771
2026-03-06 21:25:44.699422,5085182206602
2026-03-06 21:25:45.705121,5086187917579
2026-03-06 21:25:46.71026,5087192980266
2026-03-06 21:25:47.714959,5088197763880
2026-03-06 21:25:48.720235,5089202996774
2026-03-06 21:25:49.726447,5090209257522
2026-03-06 21:25:50.731575,5091214303708
2026-03-06 21:25:51.736922,5092219717471
2026-03-06 21:25:52.741599,5093224372428
2026-03-06 21:25:53.746583,5094229372545
2026-03-06 21:25:54.752513,5095235289099
2026-03-06 21:25:55.757531,5096240335950
2026-03-06 21:25:56.76242,5097245205408
2026-03-06 21:25:57.767387,5098250136352
2026-03-06 21:25:58.773495,5099255830008
2026-03-06 21:25:59.778435,5100261232914
2026-03-06 21:26:00.783631,5101266410216
2026-03-06 21:26:01.788618,5102271357972
2026-03-06 21:26:02.793612,5103276251372
2026-03-06 21:26:03.799429,5104282230995
2026-03-06 21:26:04.804632,5105287409317
2026-03-06 21:26:05.809736,5106292484202
2026-03-06 21:26:06.814509,5107297311919
2026-03-06 21:26:07.82072,5108303060491
2026-03-06 21:26:08.825727,5109308410275
2026-03-06 21:26:09.830826,5110313504149
2026-03-06 21:26:10.83531,5111318075139
2026-03-06 21:26:11.840616,5112323376051
2026-03-06 21:26:12.846495,5113329272227
2026-03-06 21:26:13.851468,5114334238729
2026-03-06 21:26:14.856545,5115339309671
2026-03-06 21:26:15.861738,5116344496253
2026-03-06 21:26:16.867709,5117350129441
2026-03-06 21:26:17.872758,5118355565811
2026-03-06 21:26:18.877717,5119360450049
2026-03-06 21:26:19.882626,5120365426284
2026-03-06 21:26:20.887892,5121370651145
2026-03-06 21:26:21.893359,5122376172829
2026-03-06 21:26:22.898559,5123381373220
2026-03-06 21:26:23.903587,5124386394051
2026-03-06 21:26:24.908648,5125391421485
2026-03-06 21:26:25.914675,5126397290289
2026-03-06 21:26:26.91975,5127402527926
2026-03-06 21:26:27.924649,5128407352955
2026-03-06 21:26:28.92971,5129412395096
2026-03-06 21:26:29.934513,5130417267483
2026-03-06 21:26:30.940785,5131423585326
2026-03-06 21:26:31.945995,5132428286314
2026-03-06 21:26:32.951036,5133433797441
2026-03-06 21:26:33.955807,5134438556786
2026-03-06 21:26:34.962111,5135444353148
2026-03-06 21:26:35.966505,5136449300461
2026-03-06 21:26:36.971771,5137454520600
2026-03-06 21:26:37.976709,5138459481458
2026-03-06 21:26:38.981991,5139464761245
2026-03-06 21:26:39.987918,5140470688625
2026-03-06 21:26:40.992797,5141475560523
2026-03-06 21:26:41.997772,5142480529634
2026-03-06 21:26:43.002996,5143485718533
2026-03-06 21:26:44.008808,5144491625613
2026-03-06 21:26:45.013787,5145496560503
2026-03-06 21:26:46.019053,5146501827730
2026-03-06 21:26:47.024204,5147506946473
2026-03-06 21:26:48.029002,5148511794673
2026-03-06 21:26:49.034856,5149517642669
2026-03-06 21:26:50.03977,5150522486560
2026-03-06 21:26:51.044913,5151527688133
2026-03-06 21:26:52.049951,5152532744242
2026-03-06 21:26:53.055992,5153538799057
2026-03-06 21:26:54.061185,5154543964053
2026-03-06 21:26:55.065989,5155548770286
2026-03-06 21:26:56.071359,5156554116263
2026-03-06 21:26:57.076352,5157559129991
2026-03-06 21:26:58.082048,5158564790363
2026-03-06 21:26:59.086948,5159569719573
2026-03-06 21:27:00.091828,5160574623608
2026-03-06 21:27:01.097378,5161580043843
2026-03-06 21:27:02.103285,5162586009925
2026-03-06 21:27:03.108327,5163590994894
2026-03-06 21:27:04.113316,5164596101395
2026-03-06 21:27:05.117924,5165600691285
2026-03-06 21:27:06.123052,5166605725042
2026-03-06 21:27:07.129003,5167611804172
2026-03-06 21:27:08.134251,5168617014244
2026-03-06 21:27:09.138765,5169621573429
2026-03-06 21:27:10.144022,5170626795734
2026-03-06 21:27:11.1503,5171632556453
2026-03-06 21:27:12.155294,5172638090190
2026-03-06 21:27:13.160191,5173642997850
2026-03-06 21:27:14.164996,5174647807855
2026-03-06 21:27:15.169966,5175652771466
2026-03-06 21:27:16.176241,5176659045287
2026-03-06 21:27:17.181228,5177664021624
2026-03-06 21:27:18.186207,5178669019231
2026-03-06 21:27:19.191319,5179674128857
2026-03-06 21:27:20.197121,5180679586404
2026-03-06 21:27:21.202362,5181685156703
2026-03-06 21:27:22.207423,5182690065671
2026-03-06 21:27:23.21241,5183695173350
2026-03-06 21:27:24.217313,5184700114425
2026-03-06 21:27:25.223075,5185705822932
2026-03-06 21:27:26.22843,5186710921500
2026-03-06 21:27:27.233427,5187716219588
2026-03-06 21:27:28.238552,5188721341572
2026-03-06 21:27:29.244239,5189726730345
2026-03-06 21:27:30.249246,5190731924491
2026-03-06 21:27:31.254448,5191737222943
2026-03-06 21:27:32.259272,5192742023669
2026-03-06 21:27:33.264499,5193747277058
2026-03-06 21:27:34.270145,5194752953711
2026-03-06 21:27:35.275257,5195758016999
2026-03-06 21:27:36.280343,5196763165671
2026-03-06 21:27:37.285685,5197768409539
2026-03-06 21:27:38.291745,5198774124355
2026-03-06 21:27:39.29647,5199779219039
2026-03-06 21:27:40.301074,5200783891441
2026-03-06 21:27:41.306232,5201788999409
2026-03-06 21:27:42.311216,5202793948410
2026-03-06 21:27:43.317447,5203800230210
2026-03-06 21:27:44.322564,5204805345773
2026-03-06 21:27:45.327095,5205809882908
2026-03-06 21:27:46.332799,5206815495773
2026-03-06 21:27:47.338251,5207820790225
2026-03-06 21:27:48.343318,5208826103755
2026-03-06 21:27:49.348313,5209831101341
2026-03-06 21:27:50.353512,5210836300090
2026-03-06 21:27:51.358373,5211841145456
2026-03-06 21:27:52.364463,5212847206546
2026-03-06 21:27:53.369644,5213852410538
2026-03-06 21:27:54.374407,5214857213656
2026-03-06 21:27:55.379363,5215862108335
2026-03-06 21:27:56.385366,5216867939047
2026-03-06 21:27:57.390505,5217873237102
2026-03-06 21:27:58.396045,5218878802588
2026-03-06 21:27:59.400526,5219883267703
2026-03-06 21:28:00.405258,5220888045308
2026-03-06 21:28:01.411353,5221894123828
2026-03-06 21:28:02.416645,5222899428231
2026-03-06 21:28:03.421592,5223904385411
2026-03-06 21:28:04.426726,5224909485279
2026-03-06 21:28:05.433122,5225915121603
2026-03-06 21:28:06.437501,5226920293772
2026-03-06 21:28:07.44239,5227925165754
2026-03-06 21:28:08.447667,5228930439443
2026-03-06 21:28:09.452837,5229935629492
2026-03-06 21:28:10.458882,5230941607116
2026-03-06 21:28:11.463494,5231946302988
2026-03-06 21:28:12.468792,5232951556233
2026-03-06 21:28:13.473762,5233956495469
2026-03-06 21:28:14.479616,5234962225356
2026-03-06 21:28:15.485043,5235967659105
2026-03-06 21:28:16.489691,5236972457325
2026-03-06 21:28:17.494803,5237977557499
2026-03-06 21:28:18.499509,5238982322776
2026-03-06 21:28:19.505712,5239988467762
2026-03-06 21:28:20.510858,5240993655244
2026-03-06 21:28:21.515809,5241998580040
2026-03-06 21:28:22.520497,5243003284578
2026-03-06 21:28:23.526802,5244009390069
2026-03-06 21:28:24.531741,5245014477120
2026-03-06 21:28:25.536837,5246019638289
2026-03-06 21:28:26.541728,5247024478226
2026-03-06 21:28:27.546854,5248029661094
2026-03-06 21:28:28.552906,5249035675507
2026-03-06 21:28:29.558152,5250040742246
2026-03-06 21:28:30.56272,5251045501638
2026-03-06 21:28:31.567655,5252050355179
2026-03-06 21:28:32.574019,5253056248255
2026-03-06 21:28:33.578769,5254061457677
2026-03-06 21:28:34.583649,5255066424191
2026-03-06 21:28:35.588842,5256071613281
2026-03-06 21:28:36.59415,5257076912532
2026-03-06 21:28:37.60037,5258083130954
2026-03-06 21:28:38.605393,5259087988774
2026-03-06 21:28:39.609836,5260092645838
2026-03-06 21:28:40.615118,5261097905671
2026-03-06 21:28:41.621151,5262103595150
2026-03-06 21:28:42.625754,5263108520017
2026-03-06 21:28:43.631313,5264114068213
2026-03-06 21:28:44.636152,5265118905644
2026-03-06 21:28:45.641226,5266123968174
2026-03-06 21:28:46.647154,5267129952289
2026-03-06 21:28:47.65228,5268134970917
2026-03-06 21:28:48.656901,5269139660675
2026-03-06 21:28:49.661902,5270144623489
2026-03-06 21:28:50.668266,5271150818395
2026-03-06 21:28:51.672952,5272155744763
2026-03-06 21:28:52.678027,5273160800929
2026-03-06 21:28:53.683256,5274165966958
2026-03-06 21:28:54.687965,5275170708618
2026-03-06 21:28:55.694014,5276176768565
2026-03-06 21:28:56.698893,5277181706168
2026-03-06 21:28:57.704325,5278187099866
2026-03-06 21:28:58.708938,5279191725610
2026-03-06 21:28:59.715234,5280197626907
2026-03-06 21:29:00.72004,5281202783164
2026-03-06 21:29:01.725587,5282208279737
2026-03-06 21:29:02.729971,5283212738471
2026-03-06 21:29:03.7353,5284218085598
2026-03-06 21:29:04.741278,5285224012254
2026-03-06 21:29:05.74618,5286228890159
2026-03-06 21:29:06.750991,5287233780780
2026-03-06 21:29:07.755969,5288238765331
2026-03-06 21:29:08.762318,5289244635133
2026-03-06 21:29:09.767358,5290250137592
2026-03-06 21:29:10.772009,5291254789946
2026-03-06 21:29:11.777573,5292260312999
2026-03-06 21:29:12.781885,5293264677102
2026-03-06 21:29:13.78833,5294271069990
2026-03-06 21:29:14.793273,5295276024532
2026-03-06 21:29:15.798367,5296281178709
2026-03-06 21:29:16.803319,5297286104359
2026-03-06 21:29:17.809499,5298292018368
2026-03-06 21:29:18.814028,5299296802943
2026-03-06 21:29:19.819035,5300301838833
2026-03-06 21:29:20.824226,5301307017733
2026-03-06 21:29:21.829513,5302312259289
2026-03-06 21:29:22.835189,5303317964843
2026-03-06 21:29:23.84067,5304323200976
2026-03-06 21:29:24.845573,5305328276419
2026-03-06 21:29:25.85014,5306332960480
2026-03-06 21:29:26.856473,5307338903814
2026-03-06 21:29:27.8613,5308344106592
2026-03-06 21:29:28.86631,5309349093969
2026-03-06 21:29:29.87151,5310354138398
2026-03-06 21:29:30.876299,5311359047517
2026-03-06 21:29:31.882424,5312365188444
2026-03-06 21:29:32.887214,5313369993445
2026-03-06 21:29:33.892147,5314374950193
2026-03-06 21:29:34.897229,5315380029992
2026-03-06 21:29:35.903955,5316386314122
2026-03-06 21:29:36.90824,5317391008360
2026-03-06 21:29:37.913473,5318396216761
2026-03-06 21:29:38.918709,5319401465363
2026-03-06 21:29:39.923262,5320406056623
2026-03-06 21:29:40.929229,5321412015000
2026-03-06 21:29:41.934268,5322416964104
2026-03-06 21:29:42.939631,5323422408871
2026-03-06 21:29:43.944352,5324427122373
2026-03-06 21:29:44.950693,5325433202114
2026-03-06 21:29:45.95567,5326438399903
2026-03-06 21:29:46.960506,5327443278367
2026-03-06 21:29:47.965468,5328448229176
2026-03-06 21:29:48.970785,5329453559513
2026-03-06 21:29:49.97687,5330459612571
2026-03-06 21:29:50.981457,5331464068928
2026-03-06 21:29:51.986597,5332469374889
2026-03-06 21:29:52.991915,5333474632565
2026-03-06 21:29:53.998096,5334479916046
2026-03-06 21:29:55.002565,5335485354391
2026-03-06 21:29:56.007419,5336490185791
2026-03-06 21:29:57.012772,5337495530460
2026-03-06 21:29:58.017713,5338500495871
2026-03-06 21:29:59.023987,5339506679062
2026-03-06 21:30:00.028781,5340511586806
2026-03-06 21:30:01.033703,5341516345594
2026-03-06 21:30:02.038741,5342521542755
2026-03-06 21:30:03.044588,5343526915103
2026-03-06 21:30:04.049525,5344532279993
2026-03-06 21:30:05.054651,5345537431009
2026-03-06 21:30:06.059532,5346542348314
2026-03-06 21:30:07.064492,5347547276596
2026-03-06 21:30:08.070694,5348553461984
2026-03-06 21:30:09.075611,5349558254072
2026-03-06 21:30:10.080617,5350563412060
2026-03-06 21:30:11.08587,5351568613576
2026-03-06 21:30:12.091678,5352574187800
2026-03-06 21:30:13.096521,5353579279140
2026-03-06 21:30:14.101793,5354584542705
2026-03-06 21:30:15.107021,5355589787335
2026-03-06 21:30:16.111824,5356594612545
2026-03-06 21:30:17.11771,5357600478180
2026-03-06 21:30:18.122874,5358605645962
2026-03-06 21:30:19.127629,5359610372928
2026-03-06 21:30:20.132768,5360615497826
2026-03-06 21:30:21.138862,5361621334759
2026-03-06 21:30:22.144039,5362626790773
2026-03-06 21:30:23.148995,5363631736937
2026-03-06 21:30:24.154046,5364636805038
2026-03-06 21:30:25.159117,5365641839530
2026-03-06 21:30:26.164634,5366647361375
2026-03-06 21:30:27.170134,5367652893280
2026-03-06 21:30:28.17492,5368657660425
2026-03-06 21:30:29.179608,5369662383180
2026-03-06 21:30:30.185997,5370668426606
2026-03-06 21:30:31.190741,5371673502834
2026-03-06 21:30:32.196157,5372678911260
2026-03-06 21:30:33.201216,5373683988851
2026-03-06 21:30:34.205769,5374688521241
2026-03-06 21:30:35.211783,5375694571821
2026-03-06 21:30:36.216767,5376699545065
2026-03-06 21:30:37.222012,5377704801791
2026-03-06 21:30:38.227382,5378710073393
2026-03-06 21:30:39.23322,5379715899034
2026-03-06 21:30:40.238233,5380721008981
2026-03-06 21:30:41.243271,5381726018255
2026-03-06 21:30:42.248148,5382730922905
2026-03-06 21:30:43.253125,5383735892772
2026-03-06 21:30:44.258849,5384741618578
2026-03-06 21:30:45.263908,5385746677518
2026-03-06 21:30:46.269245,5386751998997
2026-03-06 21:30:47.274395,5387757156401
2026-03-06 21:30:48.280246,5388762543993
2026-03-06 21:30:49.284905,5389767672078
2026-03-06 21:30:50.290094,5390772794180
2026-03-06 21:30:51.295322,5391778131209
2026-03-06 21:30:52.299993,5392782740246
2026-03-06 21:30:53.30589,5393788667581
2026-03-06 21:30:54.311582,5394794061716
2026-03-06 21:30:55.316371,5395799163527
2026-03-06 21:30:56.321201,5396803926737
2026-03-06 21:30:57.327058,5397809521471
2026-03-06 21:30:58.332371,5398815149000
2026-03-06 21:30:59.336899,5399819692820
2026-03-06 21:31:00.342302,5400824975423
2026-03-06 21:31:01.347472,5401830222647
2026-03-06 21:31:02.353138,5402835872181
2026-03-06 21:31:03.358588,5403841261750
2026-03-06 21:31:04.363153,5404845937740
2026-03-06 21:31:05.368041,5405850796715
2026-03-06 21:31:06.374482,5406856980200
2026-03-06 21:31:07.379177,5407861904335
2026-03-06 21:31:08.384209,5408866929886
2026-03-06 21:31:09.389108,5409871858060
2026-03-06 21:31:10.394332,5410877100322
2026-03-06 21:31:11.40017,5411882933269
2026-03-06 21:31:12.405109,5412887898522
2026-03-06 21:31:13.410442,5413893211997
2026-03-06 21:31:14.415226,5414898014403
2026-03-06 21:31:15.421122,5415903600094
2026-03-06 21:31:16.426429,5416909202185
2026-03-06 21:31:17.431132,5417913908617
2026-03-06 21:31:18.436104,5418918889048
2026-03-06 21:31:19.441282,5419924085401
2026-03-06 21:31:20.447304,5420930086075
2026-03-06 21:31:21.452499,5421935234054
2026-03-06 21:31:22.457478,5422940244512
2026-03-06 21:31:23.462324,5423945133870
2026-03-06 21:31:24.468401,5424950759416
2026-03-06 21:31:25.473569,5425956342401
2026-03-06 21:31:26.478117,5426960899474
2026-03-06 21:31:27.483287,5427966054311
2026-03-06 21:31:28.488497,5428971253542
2026-03-06 21:31:29.49439,5429977148910
2026-03-06 21:31:30.499546,5430982309616
2026-03-06 21:31:31.504763,5431987503376
2026-03-06 21:31:32.509471,5432992139815
2026-03-06 21:31:33.515381,5433998037041
2026-03-06 21:31:34.52062,5435003385899
2026-03-06 21:31:35.525686,5436008250797
2026-03-06 21:31:36.530572,5437013363371
2026-03-06 21:31:37.535472,5438018243550
2026-03-06 21:31:38.541775,5439024558902
2026-03-06 21:31:39.54662,5440029408618
2026-03-06 21:31:40.551859,5441034616513
2026-03-06 21:31:41.556487,5442039243185
2026-03-06 21:31:42.562524,5443045337002
2026-03-06 21:31:43.567405,5444050160411
2026-03-06 21:31:44.57285,5445055617851
2026-03-06 21:31:45.577486,5446060246316
2026-03-06 21:31:46.582609,5447065393261
2026-03-06 21:31:47.588563,5448071371851
2026-03-06 21:31:48.593461,5449076215553
2026-03-06 21:31:49.598355,5450081100004
2026-03-06 21:31:50.603631,5451086372176
2026-03-06 21:31:51.609919,5452092216736
2026-03-06 21:31:52.614778,5453097536862
2026-03-06 21:31:53.619782,5454102336383
2026-03-06 21:31:54.625096,5455107341068
2026-03-06 21:31:55.629332,5456112143367
2026-03-06 21:31:56.635325,5457118131619
2026-03-06 21:31:57.640888,5458123651016
2026-03-06 21:31:58.645764,5459128564267
2026-03-06 21:31:59.650929,5460133725672
2026-03-06 21:32:00.656692,5461139490493
2026-03-06 21:32:01.661614,5462144301862
2026-03-06 21:32:02.666944,5463149729400
2026-03-06 21:32:03.671737,5464154506623
2026-03-06 21:32:04.676486,5465159290685
2026-03-06 21:32:05.682811,5466165577884
2026-03-06 21:32:06.687763,5467170560518
2026-03-06 21:32:07.692694,5468175501070
2026-03-06 21:32:08.697985,5469180772121
2026-03-06 21:32:09.703529,5470186180686
2026-03-06 21:32:10.709018,5471191786045
2026-03-06 21:32:11.713583,5472196372767
2026-03-06 21:32:12.719171,5473201873742
2026-03-06 21:32:13.723662,5474206455690
2026-03-06 21:32:14.730201,5475212938829
2026-03-06 21:32:15.734811,5476217610733
2026-03-06 21:32:16.73959,5477222350644
2026-03-06 21:32:17.745074,5478227844025
2026-03-06 21:32:18.751218,5479233507601
2026-03-06 21:32:19.755973,5480238740023
2026-03-06 21:32:20.760774,5481243557964
2026-03-06 21:32:21.765878,5482248667911
2026-03-06 21:32:22.770754,5483253335530
2026-03-06 21:32:23.777075,5484259866466
2026-03-06 21:32:24.782256,5485264935183
2026-03-06 21:32:25.786785,5486269601935
2026-03-06 21:32:26.791635,5487274437971
2026-03-06 21:32:27.797894,5488280541361
2026-03-06 21:32:28.803059,5489285863619
2026-03-06 21:32:29.80794,5490290708394
2026-03-06 21:32:30.812951,5491295734832
2026-03-06 21:32:31.818026,5492300809423
2026-03-06 21:32:32.824083,5493306842393
2026-03-06 21:32:33.829074,5494311805536
2026-03-06 21:32:34.833991,5495316733723
2026-03-06 21:32:35.838929,5496321698719
2026-03-06 21:32:36.845428,5497327792450
2026-03-06 21:32:37.849815,5498332582187
2026-03-06 21:32:38.855047,5499337809269
2026-03-06 21:32:39.860167,5500342935048
2026-03-06 21:32:40.864749,5501347535349
2026-03-06 21:32:41.871076,5502353848445
2026-03-06 21:32:42.875935,5503358683881
2026-03-06 21:32:43.881138,5504363910171
2026-03-06 21:32:44.886231,5505368917648
2026-03-06 21:32:45.892393,5506374792908
2026-03-06 21:32:46.897133,5507379870810
2026-03-06 21:32:47.902242,5508384963813
2026-03-06 21:32:48.907084,5509389803699
2026-03-06 21:32:49.912389,5510395110298
2026-03-06 21:32:50.91842,5511400764121
2026-03-06 21:32:51.923376,5512406016512
2026-03-06 21:32:52.92852,5513411240002
2026-03-06 21:32:53.933316,5514416048078
2026-03-06 21:32:54.940059,5515421817103
2026-03-06 21:32:55.944531,5516427248574
2026-03-06 21:32:56.949465,5517432190368
2026-03-06 21:32:57.954061,5518436806118
2026-03-06 21:32:58.959836,5519442123381
2026-03-06 21:32:59.965331,5520448078237
2026-03-06 21:33:00.970385,5521453136345
2026-03-06 21:33:01.975271,5522458019568
2026-03-06 21:33:02.980103,5523462865668
2026-03-06 21:33:03.986303,5524468735909
2026-03-06 21:33:04.991369,5525474132245
2026-03-06 21:33:05.996307,5526479009792
2026-03-06 21:33:07.001377,5527484145824
2026-03-06 21:33:08.0064,5528489133942
2026-03-06 21:33:09.012605,5529495292615
2026-03-06 21:33:10.017759,5530500034726
2026-03-06 21:33:11.02288,5531505025114
2026-03-06 21:33:12.027233,5532509925186
2026-03-06 21:33:13.03469,5533516141342
2026-03-06 21:33:14.038769,5534521451026
2026-03-06 21:33:15.04374,5535526473759
2026-03-06 21:33:16.04861,5536531344344
2026-03-06 21:33:17.053474,5537536250499
2026-03-06 21:33:18.059434,5538542134880
2026-03-06 21:33:19.064571,5539547329252
2026-03-06 21:33:20.069386,5540552070931
2026-03-06 21:33:21.075275,5541556921721
2026-03-06 21:33:22.080969,5542562867035
2026-03-06 21:33:23.085621,5543568353048
2026-03-06 21:33:24.090373,5544573099578
2026-03-06 21:33:25.096738,5545579454808
2026-03-06 21:33:26.103427,5546586154495
2026-03-06 21:33:27.111437,5547594178941
2026-03-06 21:33:28.111638,5548594383566
2026-03-06 21:33:29.116636,5549599378455
2026-03-06 21:33:30.121483,5550604214683
2026-03-06 21:33:31.13119,5551610447747
2026-03-06 21:33:32.132687,5552615432900
2026-03-06 21:33:33.137334,5553620071050
2026-03-06 21:33:34.142542,5554625285672
2026-03-06 21:33:35.150141,5555632870598
2026-03-06 21:33:39.922431,5556636437682
2026-03-06 21:33:40.135878,5559961313205
2026-03-06 21:33:40.354404,5559988994615
2026-03-06 21:33:40.418037,5560027560664
2026-03-06 21:33:40.46028,5560656940348
2026-03-06 21:33:41.179432,5561662192917
2026-03-06 21:33:42.186899,5562669603036
2026-03-06 21:33:43.193132,5563675570698
2026-03-06 21:33:44.197572,5564680285295
2026-03-06 21:33:45.202479,5565685256670
2026-03-06 21:33:46.207928,5566690640062
2026-03-06 21:34:21.185265,5600667536276
2026-03-06 21:34:21.373341,5600755463787
2026-03-06 21:34:21.414112,5600772954077
2026-03-06 21:34:21.433971,5600795732772
2026-03-06 21:34:21.436021,5600867450537
2026-03-06 21:34:21.445442,5601875370873
2026-03-06 21:34:22.397866,5602880624058
2026-03-06 21:34:23.402853,5603885621652
2026-03-06 21:34:24.408153,5604890919608
2026-03-06 21:34:25.41436,5605896480322
2026-03-06 21:34:26.419184,5606901951958
2026-03-06 21:34:27.423788,5607906577656
2026-03-06 21:34:28.428688,5608911474055
2026-03-06 21:34:29.433959,5609916720282
2026-03-06 21:34:30.439951,5610922657732
2026-03-06 21:34:31.444753,5611927544674
2026-03-06 21:34:32.450211,5612932973957
2026-03-06 21:34:33.455314,5613938105736
2026-03-06 21:34:34.461775,5614943868141
2026-03-06 21:34:35.466029,5615948550065
2026-03-06 21:34:36.471009,5616953817015
2026-03-06 21:34:37.476111,5617958921184
2026-03-06 21:34:38.4813,5618964034910
2026-03-06 21:34:39.489303,5619972058140
2026-03-06 21:34:40.493826,5620976607278
2026-03-06 21:34:41.499419,5621981999855
2026-03-06 21:34:42.504032,5622986837486
2026-03-06 21:34:43.510118,5623992929944
2026-03-06 21:34:44.514762,5624997541458
2026-03-06 21:34:45.520322,5626003114724
2026-03-06 21:34:46.524853,5627007643793
2026-03-06 21:34:47.530493,5628013262086
2026-03-06 21:34:48.536462,5629019236381
2026-03-06 21:34:49.541855,5630023960884
2026-03-06 21:34:50.546285,5631029065865
2026-03-06 21:34:51.551122,5632033846334
2026-03-06 21:34:52.557925,5633040021937
2026-03-06 21:34:53.562075,5634044851467
2026-03-06 21:34:54.567043,5635049799947
2026-03-06 21:34:55.572357,5636055122202
2026-03-06 21:34:56.577261,5637060043732
2026-03-06 21:34:57.583152,5638065813199
2026-03-06 21:34:58.588452,5639071218939
2026-03-06 21:34:59.593244,5640075978471
2026-03-06 21:35:00.598445,5641081234624
2026-03-06 21:35:01.605615,5642087140503
2026-03-06 21:35:02.609242,5643091994484
2026-03-06 21:35:03.614136,5644096904884
2026-03-06 21:35:04.619534,5645102277635
2026-03-06 21:35:05.624587,5646107319115
2026-03-06 21:35:06.6302,5647112972685
2026-03-06 21:35:07.635242,5648118039778
2026-03-06 21:35:08.640075,5649122820466
2026-03-06 21:35:09.645315,5650128037030
2026-03-06 21:35:10.652349,5651134545887
2026-03-06 21:35:11.656461,5652139243454
2026-03-06 21:35:12.661088,5653143886334
2026-03-06 21:35:13.666098,5654148882264
2026-03-06 21:35:14.671131,5655153939507
2026-03-06 21:35:15.677079,5656159841555
2026-03-06 21:35:16.68204,5657164843582
2026-03-06 21:35:17.687336,5658170145095
2026-03-06 21:35:18.692215,5659175022791
2026-03-06 21:35:19.699695,5660181432504
2026-03-06 21:35:20.70322,5661185960357
2026-03-06 21:35:21.708344,5662191143809
2026-03-06 21:35:22.71337,5663196147277
2026-03-06 21:35:23.718417,5664201197258
2026-03-06 21:35:24.724247,5665207030523
2026-03-06 21:35:25.72969,5666212466468
2026-03-06 21:35:26.734489,5667217270540
2026-03-06 21:35:27.739477,5668222261553
2026-03-06 21:35:28.745926,5669228080055
2026-03-06 21:35:29.750406,5670233235160
2026-03-06 21:35:30.755346,5671238170728
2026-03-06 21:35:31.760596,5672243378662
2026-03-06 21:35:32.765359,5673248099504
2026-03-06 21:35:33.771635,5674254279615
2026-03-06 21:35:34.776367,5675259139897
2026-03-06 21:35:35.781866,5676264648986
2026-03-06 21:35:36.786246,5677269017490
2026-03-06 21:35:37.793396,5678275169478
2026-03-06 21:35:38.797551,5679280341702
2026-03-06 21:35:39.802552,5680285299539
2026-03-06 21:35:40.807715,5681290476210
2026-03-06 21:35:41.812573,5682295358222
2026-03-06 21:35:42.818545,5683301333348
2026-03-06 21:35:43.823679,5684306463209
2026-03-06 21:35:44.828629,5685311396036
2026-03-06 21:35:45.833736,5686316507062
2026-03-06 21:35:46.840866,5687322148008
2026-03-06 21:35:47.84447,5688327248904
2026-03-06 21:35:48.849562,5689332350477
2026-03-06 21:35:49.854742,5690337524166
2026-03-06 21:35:50.8601,5691342781834
2026-03-06 21:35:51.865542,5692348323571
2026-03-06 21:35:52.870728,5693353504874
2026-03-06 21:35:53.875808,5694358534475
2026-03-06 21:35:54.880691,5695363489556
2026-03-06 21:35:55.887462,5696369546663
2026-03-06 21:35:56.892086,5697374848796
2026-03-06 21:35:57.896879,5698379651598
2026-03-06 21:35:58.902125,5699384524498
2026-03-06 21:35:59.906914,5700389684882
2026-03-06 21:36:00.913013,5701395706279
2026-03-06 21:36:01.917643,5702400405025
2026-03-06 21:36:02.922951,5703405596105
2026-03-06 21:36:03.927678,5704410442687
2026-03-06 21:36:04.934877,5705416297352
2026-03-06 21:36:05.938636,5706421403954
2026-03-06 21:36:06.943615,5707426411486
2026-03-06 21:36:07.948898,5708431670614
2026-03-06 21:36:08.954008,5709436687051
2026-03-06 21:36:09.959533,5710442336628
2026-03-06 21:36:10.965089,5711447359512
2026-03-06 21:36:11.969899,5712452722263
2026-03-06 21:36:12.974579,5713457357280
2026-03-06 21:36:13.981527,5714463828756
2026-03-06 21:36:14.985611,5715468373026
2026-03-06 21:36:15.991262,5716473997330
2026-03-06 21:36:16.995922,5717478721785
2026-03-06 21:36:18.00085,5718483640016
2026-03-06 21:36:19.00697,5719489749856
2026-03-06 21:36:20.012174,5720494953485
2026-03-06 21:36:21.016899,5721499652918
2026-03-06 21:36:22.021726,5722504510863
2026-03-06 21:36:23.02829,5723510607009
2026-03-06 21:36:24.032934,5724515697909
2026-03-06 21:36:25.037652,5725520437011
2026-03-06 21:36:26.042873,5726525648426
2026-03-06 21:36:27.048316,5727530974153
2026-03-06 21:36:28.054121,5728536889980
2026-03-06 21:36:29.058873,5729541684931
2026-03-06 21:36:30.063778,5730546563508
2026-03-06 21:36:31.069184,5731551946233
2026-03-06 21:36:32.074687,5732557353326
2026-03-06 21:36:33.079787,5733562609690
2026-03-06 21:36:34.08751,5734570253590
2026-03-06 21:36:35.090084,5735572843273
2026-03-06 21:36:36.094816,5736577577503
2026-03-06 21:36:37.101231,5737583978680
2026-03-06 21:36:38.106281,5738589036327
2026-03-06 21:36:39.111077,5739593838698
2026-03-06 21:36:40.11593,5740598681133
2026-03-06 21:36:41.122335,5741604904863
2026-03-06 21:36:42.127293,5742610050103
2026-03-06 21:36:43.13202,5743614771032
2026-03-06 21:36:44.137203,5744619977020
2026-03-06 21:36:45.142391,5745625171883
2026-03-06 21:36:46.14827,5746631029452
2026-03-06 21:36:47.152987,5747635738740
2026-03-06 21:36:48.158369,5748641120103
2026-03-06 21:36:49.163222,5749645973283
2026-03-06 21:36:50.169306,5750651622100
2026-03-06 21:36:51.174014,5751656777943
2026-03-06 21:36:52.179073,5752661834844
2026-03-06 21:36:53.184327,5753667078577
2026-03-06 21:36:54.189136,5754671884400
2026-03-06 21:36:55.195028,5755677786267
2026-03-06 21:36:56.200029,5756682782167
2026-03-06 21:36:57.20527,5757688019649
2026-03-06 21:36:58.210206,5758692958506
2026-03-06 21:36:59.216388,5759698955012
2026-03-06 21:37:00.221418,5760704184892
2026-03-06 21:37:01.226336,5761709108233
2026-03-06 21:37:02.231342,5762714085698
2026-03-06 21:37:03.236622,5763719377921
2026-03-06 21:37:04.244626,5764725116557
2026-03-06 21:37:05.247297,5765730076063
2026-03-06 21:37:06.252171,5766734932286
2026-03-06 21:37:07.257331,5767740103966
2026-03-06 21:37:08.263895,5768746180454
2026-03-06 21:37:09.268178,5769750940014
2026-03-06 21:37:10.273451,5770756225730
2026-03-06 21:37:11.27859,5771761354566
2026-03-06 21:37:12.286182,5772767140823
2026-03-06 21:37:13.289307,5773771982352
2026-03-06 21:37:14.294366,5774777132013
2026-03-06 21:37:15.300307,5775782273818
2026-03-06 21:37:16.304361,5776787132853
2026-03-06 21:37:17.310573,5777792780742
2026-03-06 21:37:18.315739,5778798490406
2026-03-06 21:37:19.32027,5779803014282
2026-03-06 21:37:20.329195,5780808554612
2026-03-06 21:37:21.330259,5781813018801
2026-03-06 21:37:22.3366,5782819371029
2026-03-06 21:37:23.341318,5783824064851
2026-03-06 21:37:24.346786,5784829539747
2026-03-06 21:37:25.351373,5785834124111
2026-03-06 21:37:26.359972,5786839960945
2026-03-06 21:37:27.362655,5787845419144
2026-03-06 21:37:28.367675,5788850431191
2026-03-06 21:37:29.372536,5789855283851
2026-03-06 21:37:30.377653,5790860398622
2026-03-06 21:37:31.38363,5791866362395
2026-03-06 21:37:32.388885,5792871626185
2026-03-06 21:37:33.393649,5793876426363
2026-03-06 21:37:34.398753,5794881489925
2026-03-06 21:37:35.404746,5795887394057
2026-03-06 21:37:36.409458,5796892204094
2026-03-06 21:37:37.4147,5797897447482
2026-03-06 21:37:38.419975,5798902716495
2026-03-06 21:37:39.425469,5799908188656
2026-03-06 21:37:40.430457,5800913200530
2026-03-06 21:37:41.435629,5801918394591
2026-03-06 21:37:42.440733,5802923469118
2026-03-06 21:37:43.445623,5803928364399
2026-03-06 21:37:44.45285,5804935380993
2026-03-06 21:37:45.456853,5805939611621
2026-03-06 21:37:46.461518,5806944274100
2026-03-06 21:37:47.466851,5807949607306
2026-03-06 21:37:48.471882,5808954626063
2026-03-06 21:37:49.47779,5809960551474
2026-03-06 21:37:50.48299,5810965722017
2026-03-06 21:37:51.487793,5811970542988
2026-03-06 21:37:52.493051,5812975802060
2026-03-06 21:37:53.498671,5813981203448
2026-03-06 21:37:54.503954,5814986702243
2026-03-06 21:37:55.508733,5815991479610
2026-03-06 21:37:56.513765,5816996526134
2026-03-06 21:37:57.518646,5818001381324
2026-03-06 21:37:58.524912,5819007693207
2026-03-06 21:37:59.529668,5820012415933
2026-03-06 21:38:00.534769,5821017512035
2026-03-06 21:38:01.539812,5822022559183
2026-03-06 21:38:02.546133,5823028795457
2026-03-06 21:38:03.551174,5824033914375
2026-03-06 21:38:04.556046,5825038799263
2026-03-06 21:38:05.561177,5826043936691
2026-03-06 21:38:06.566162,5827048911141
2026-03-06 21:38:07.571898,5828054651192
2026-03-06 21:38:08.577059,5829059831555
2026-03-06 21:38:09.581795,5830064579844
2026-03-06 21:38:10.586671,5831069477186
2026-03-06 21:38:11.592831,5832075342532
2026-03-06 21:38:12.597829,5833080568868
2026-03-06 21:38:13.603133,5834085935089
2026-03-06 21:38:14.607891,5835090715289
2026-03-06 21:38:15.612747,5836095532650
2026-03-06 21:38:16.618822,5837101650451
2026-03-06 21:38:17.623679,5838106514809
2026-03-06 21:38:18.628778,5839111580133
2026-03-06 21:38:19.633845,5840116625670
2026-03-06 21:38:20.641255,5841122827706
2026-03-06 21:38:21.644835,5842127620335
2026-03-06 21:38:22.650254,5843133044021
2026-03-06 21:38:23.654854,5844137638364
2026-03-06 21:38:24.660488,5845142895886
2026-03-06 21:38:25.666305,5846149079535
2026-03-06 21:38:26.671114,5847153872618
2026-03-06 21:38:27.676318,5848159096969
2026-03-06 21:38:28.680799,5849163585353
2026-03-06 21:38:29.688208,5850169902387
2026-03-06 21:38:30.692052,5851174880590
