time,BOARD.HB_12.engine_state
2026-03-06 21:14:18.309903,0
2026-03-06 21:14:18.316737,0
2026-03-06 21:14:18.894567,0
2026-03-06 21:14:19.894618,0
2026-03-06 21:14:20.894255,0
2026-03-06 21:14:21.894583,0
2026-03-06 21:14:22.904474,0
2026-03-06 21:14:23.912688,0
2026-03-06 21:14:24.912758,0
2026-03-06 21:14:25.91238,0
2026-03-06 21:14:26.912509,0
2026-03-06 21:14:27.91251,0
2026-03-06 21:14:28.92232,0
2026-03-06 21:14:29.93076,0
2026-03-06 21:14:30.930953,0
2026-03-06 21:14:31.930363,0
2026-03-06 21:14:32.930891,0
2026-03-06 21:14:33.930375,0
2026-03-06 21:14:34.940302,0
2026-03-06 21:14:35.948864,0
2026-03-06 21:14:36.948901,0
2026-03-06 21:14:37.948834,0
2026-03-06 21:14:38.948753,0
2026-03-06 21:14:39.948732,0
2026-03-06 21:14:40.958278,0
2026-03-06 21:14:41.966587,0
2026-03-06 21:14:42.966506,0
2026-03-06 21:14:43.967121,0
2026-03-06 21:14:44.966792,0
2026-03-06 21:14:45.966984,0
2026-03-06 21:14:46.977518,0
2026-03-06 21:14:47.985182,0
2026-03-06 21:14:48.985249,0
2026-03-06 21:14:49.985227,0
2026-03-06 21:14:50.984702,0
2026-03-06 21:14:51.984511,0
2026-03-06 21:14:52.994577,0
2026-03-06 21:14:54.003182,0
2026-03-06 21:14:55.003296,0
2026-03-06 21:14:56.003063,0
2026-03-06 21:14:57.00284,0
2026-03-06 21:14:58.003011,0
2026-03-06 21:14:59.012854,0
2026-03-06 21:15:00.020885,0
2026-03-06 21:15:01.021559,0
2026-03-06 21:15:02.02074,0
2026-03-06 21:15:03.022018,0
2026-03-06 21:15:04.021133,0
2026-03-06 21:15:05.030842,0
2026-03-06 21:15:06.039,0
2026-03-06 21:15:07.039131,0
2026-03-06 21:15:08.038866,0
2026-03-06 21:15:09.039351,0
2026-03-06 21:15:10.039482,0
2026-03-06 21:15:11.048953,0
2026-03-06 21:15:12.057556,0
2026-03-06 21:15:13.057278,0
2026-03-06 21:15:14.057064,0
2026-03-06 21:15:15.056918,0
2026-03-06 21:15:16.057376,0
2026-03-06 21:15:17.066718,0
2026-03-06 21:15:18.075269,0
2026-03-06 21:15:19.075367,0
2026-03-06 21:15:20.075086,0
2026-03-06 21:15:21.075199,0
2026-03-06 21:15:22.075044,0
2026-03-06 21:15:23.084722,0
2026-03-06 21:15:24.093178,0
2026-03-06 21:15:25.093372,0
2026-03-06 21:15:26.09459,0
2026-03-06 21:15:27.093622,0
2026-03-06 21:15:28.093227,0
2026-03-06 21:15:29.103189,0
2026-03-06 21:15:30.111566,0
2026-03-06 21:15:31.111499,0
2026-03-06 21:15:32.11136,0
2026-03-06 21:15:33.111417,0
2026-03-06 21:15:34.111421,0
2026-03-06 21:15:35.121222,0
2026-03-06 21:15:36.129446,0
2026-03-06 21:15:37.12931,0
2026-03-06 21:15:38.129459,0
2026-03-06 21:15:39.129819,0
2026-03-06 21:15:40.129391,0
2026-03-06 21:15:41.140821,0
2026-03-06 21:15:42.147367,0
2026-03-06 21:15:43.148094,0
2026-03-06 21:15:44.147562,0
2026-03-06 21:15:45.147966,0
2026-03-06 21:15:46.147317,0
2026-03-06 21:15:47.157194,0
2026-03-06 21:15:48.165561,0
2026-03-06 21:15:49.165565,0
2026-03-06 21:15:50.165377,0
2026-03-06 21:15:51.1655,0
2026-03-06 21:15:52.165712,0
2026-03-06 21:15:53.175515,0
2026-03-06 21:15:54.183596,0
2026-03-06 21:15:55.183889,0
2026-03-06 21:15:56.183798,0
2026-03-06 21:15:57.184068,0
2026-03-06 21:15:58.183755,0
2026-03-06 21:15:59.193362,0
2026-03-06 21:16:00.201985,0
2026-03-06 21:16:01.201999,0
2026-03-06 21:16:02.201666,0
2026-03-06 21:16:03.20171,0
2026-03-06 21:16:04.201669,0
2026-03-06 21:16:05.211395,0
2026-03-06 21:16:06.220023,0
2026-03-06 21:16:07.220038,0
2026-03-06 21:16:08.220168,0
2026-03-06 21:16:09.219956,0
2026-03-06 21:16:10.220087,0
2026-03-06 21:16:11.22946,0
2026-03-06 21:16:12.238003,0
2026-03-06 21:16:13.237705,0
2026-03-06 21:16:14.237794,0
2026-03-06 21:16:15.238059,0
2026-03-06 21:16:16.238016,0
2026-03-06 21:16:17.247823,0
2026-03-06 21:16:18.256374,0
2026-03-06 21:16:19.256203,0
2026-03-06 21:16:20.256049,0
2026-03-06 21:16:21.256126,0
2026-03-06 21:16:22.255768,0
2026-03-06 21:16:23.265774,0
2026-03-06 21:16:24.274184,0
2026-03-06 21:16:25.274027,0
2026-03-06 21:16:26.274035,0
2026-03-06 21:16:27.274173,0
2026-03-06 21:16:28.274376,0
2026-03-06 21:16:29.283891,0
2026-03-06 21:16:30.292054,0
2026-03-06 21:16:31.291818,0
2026-03-06 21:16:32.292253,0
2026-03-06 21:16:33.291979,0
2026-03-06 21:16:34.292333,0
2026-03-06 21:16:35.301574,0
2026-03-06 21:16:36.310353,0
2026-03-06 21:16:37.310414,0
2026-03-06 21:16:38.309935,0
2026-03-06 21:16:39.3103,0
2026-03-06 21:16:40.310617,0
2026-03-06 21:16:41.319966,0
2026-03-06 21:16:42.329427,0
2026-03-06 21:16:43.329354,0
2026-03-06 21:16:44.329125,0
2026-03-06 21:16:45.330386,0
2026-03-06 21:16:46.330238,0
2026-03-06 21:16:47.339843,0
2026-03-06 21:16:48.348652,0
2026-03-06 21:16:49.348766,0
2026-03-06 21:16:50.348056,0
2026-03-06 21:16:51.348033,0
2026-03-06 21:16:52.348268,0
2026-03-06 21:16:53.358035,0
2026-03-06 21:16:54.366188,0
2026-03-06 21:16:55.366476,0
2026-03-06 21:16:56.366274,0
2026-03-06 21:16:57.366383,0
2026-03-06 21:16:58.36653,0
2026-03-06 21:16:59.37603,0
2026-03-06 21:17:00.385413,0
2026-03-06 21:17:01.38414,0
2026-03-06 21:17:02.38403,0
2026-03-06 21:17:03.384402,0
2026-03-06 21:17:04.384299,0
2026-03-06 21:17:05.394312,0
2026-03-06 21:17:06.402374,0
2026-03-06 21:17:07.402545,0
2026-03-06 21:17:08.402677,0
2026-03-06 21:17:09.402699,0
2026-03-06 21:17:10.402433,0
2026-03-06 21:17:11.412001,0
2026-03-06 21:17:12.4205,0
2026-03-06 21:17:13.420726,0
2026-03-06 21:17:14.420588,0
2026-03-06 21:17:15.420801,0
2026-03-06 21:17:16.420479,0
2026-03-06 21:17:17.430374,0
2026-03-06 21:17:18.43871,0
2026-03-06 21:17:19.438567,0
2026-03-06 21:17:20.438645,0
2026-03-06 21:17:21.438946,0
2026-03-06 21:17:22.438782,0
2026-03-06 21:17:23.448288,0
2026-03-06 21:17:24.456774,0
2026-03-06 21:17:25.45702,0
2026-03-06 21:17:26.456556,0
2026-03-06 21:17:27.456831,0
2026-03-06 21:17:28.456651,0
2026-03-06 21:17:29.466644,0
2026-03-06 21:17:30.474863,0
2026-03-06 21:17:31.4749,0
2026-03-06 21:17:32.475063,0
2026-03-06 21:17:33.475102,0
2026-03-06 21:17:34.475129,0
2026-03-06 21:17:35.484749,0
2026-03-06 21:17:36.49304,0
2026-03-06 21:17:37.492962,0
2026-03-06 21:17:38.493175,0
2026-03-06 21:17:39.493122,0
2026-03-06 21:17:40.493219,0
2026-03-06 21:17:41.502713,0
2026-03-06 21:17:42.510689,0
2026-03-06 21:17:43.511015,0
2026-03-06 21:17:44.510819,0
2026-03-06 21:17:45.51095,0
2026-03-06 21:17:46.510727,0
2026-03-06 21:17:47.520378,0
2026-03-06 21:17:48.529374,0
2026-03-06 21:17:49.529019,0
2026-03-06 21:17:50.529012,0
2026-03-06 21:17:51.52902,0
2026-03-06 21:17:52.529069,0
2026-03-06 21:17:53.538524,0
2026-03-06 21:17:54.547577,0
2026-03-06 21:17:55.547322,0
2026-03-06 21:17:56.547168,0
2026-03-06 21:17:57.546899,0
2026-03-06 21:17:58.546926,0
2026-03-06 21:17:59.55679,0
2026-03-06 21:18:00.565004,0
2026-03-06 21:18:01.565228,0
2026-03-06 21:18:02.564961,0
2026-03-06 21:18:03.565434,0
2026-03-06 21:18:04.56517,0
2026-03-06 21:18:05.575047,0
2026-03-06 21:18:06.583073,0
2026-03-06 21:18:07.583087,0
2026-03-06 21:18:08.583615,0
2026-03-06 21:18:09.583602,0
2026-03-06 21:18:10.583429,0
2026-03-06 21:18:11.592613,0
2026-03-06 21:18:12.601241,0
2026-03-06 21:18:13.601674,0
2026-03-06 21:18:14.601055,0
2026-03-06 21:18:15.601385,0
2026-03-06 21:18:16.601248,0
2026-03-06 21:18:17.610754,0
2026-03-06 21:18:18.619374,0
2026-03-06 21:18:19.619132,0
2026-03-06 21:18:20.619243,0
2026-03-06 21:18:21.619601,0
2026-03-06 21:18:22.619397,0
2026-03-06 21:18:23.629222,0
2026-03-06 21:18:24.637703,0
2026-03-06 21:18:25.637137,0
2026-03-06 21:18:26.637434,0
2026-03-06 21:18:27.637474,0
2026-03-06 21:18:28.637741,0
2026-03-06 21:18:29.647086,0
2026-03-06 21:18:30.655401,0
2026-03-06 21:18:31.655639,0
2026-03-06 21:18:32.655768,0
2026-03-06 21:18:33.655276,0
2026-03-06 21:18:34.655722,0
2026-03-06 21:18:35.6653,0
2026-03-06 21:18:36.673256,0
2026-03-06 21:18:37.673303,0
2026-03-06 21:18:38.673614,0
2026-03-06 21:18:39.673814,0
2026-03-06 21:18:40.673272,0
2026-03-06 21:18:41.683032,0
2026-03-06 21:18:42.691348,0
2026-03-06 21:18:43.691641,0
2026-03-06 21:18:44.691524,0
2026-03-06 21:18:45.691732,0
2026-03-06 21:18:46.691446,0
2026-03-06 21:18:47.701494,0
2026-03-06 21:18:48.709588,0
2026-03-06 21:18:49.709942,0
2026-03-06 21:18:50.709771,0
2026-03-06 21:18:51.709819,0
2026-03-06 21:18:52.70983,0
2026-03-06 21:18:53.71951,0
2026-03-06 21:18:54.727546,0
2026-03-06 21:18:55.727858,0
2026-03-06 21:18:56.727475,0
2026-03-06 21:18:57.727847,0
2026-03-06 21:18:58.727841,0
2026-03-06 21:18:59.737135,0
2026-03-06 21:19:00.745478,0
2026-03-06 21:19:01.745795,0
2026-03-06 21:19:02.74603,0
2026-03-06 21:19:03.745905,0
2026-03-06 21:19:04.745694,0
2026-03-06 21:19:05.755364,0
2026-03-06 21:19:06.763883,0
2026-03-06 21:19:07.763793,0
2026-03-06 21:19:08.763725,0
2026-03-06 21:19:09.763806,0
2026-03-06 21:19:10.764001,0
2026-03-06 21:19:11.773484,0
2026-03-06 21:19:12.78192,0
2026-03-06 21:19:13.7816,0
2026-03-06 21:19:14.782062,0
2026-03-06 21:19:15.781734,0
2026-03-06 21:19:16.782088,0
2026-03-06 21:19:17.791454,0
2026-03-06 21:19:18.799824,0
2026-03-06 21:19:19.800282,0
2026-03-06 21:19:20.799878,0
2026-03-06 21:19:21.799883,0
2026-03-06 21:19:22.799907,0
2026-03-06 21:19:23.809881,0
2026-03-06 21:19:24.818094,0
2026-03-06 21:19:25.817995,0
2026-03-06 21:19:26.818056,0
2026-03-06 21:19:27.817902,0
2026-03-06 21:19:28.818195,0
2026-03-06 21:19:29.827625,0
2026-03-06 21:19:30.836112,0
2026-03-06 21:19:31.835789,0
2026-03-06 21:19:32.835857,0
2026-03-06 21:19:33.836179,0
2026-03-06 21:19:34.836291,0
2026-03-06 21:19:35.845659,0
2026-03-06 21:19:36.853929,0
2026-03-06 21:19:37.854092,0
2026-03-06 21:19:38.853783,0
2026-03-06 21:19:39.854435,0
2026-03-06 21:19:40.854216,0
2026-03-06 21:19:41.86348,0
2026-03-06 21:19:42.872424,0
2026-03-06 21:19:43.872114,0
2026-03-06 21:19:44.872451,0
2026-03-06 21:19:45.872053,0
2026-03-06 21:19:46.872024,0
2026-03-06 21:19:47.881567,0
2026-03-06 21:19:48.890127,0
2026-03-06 21:19:49.890396,0
2026-03-06 21:19:50.890196,0
2026-03-06 21:19:51.890187,0
2026-03-06 21:19:52.890153,0
2026-03-06 21:19:53.900055,0
2026-03-06 21:19:54.908546,0
2026-03-06 21:19:55.90866,0
2026-03-06 21:19:56.908301,0
2026-03-06 21:19:57.908076,0
2026-03-06 21:19:58.908289,0
2026-03-06 21:19:59.917801,0
2026-03-06 21:20:00.92646,0
2026-03-06 21:20:01.926195,0
2026-03-06 21:20:02.926216,0
2026-03-06 21:20:03.926303,0
2026-03-06 21:20:04.926578,0
2026-03-06 21:20:05.935772,0
2026-03-06 21:20:06.944302,0
2026-03-06 21:20:07.944692,0
2026-03-06 21:20:08.944215,0
2026-03-06 21:20:09.944301,0
2026-03-06 21:20:10.944397,0
2026-03-06 21:20:11.953958,0
2026-03-06 21:20:12.962233,0
2026-03-06 21:20:13.962391,0
2026-03-06 21:20:14.962333,0
2026-03-06 21:20:15.962645,0
2026-03-06 21:20:16.962459,0
2026-03-06 21:20:17.972109,0
2026-03-06 21:20:18.980263,0
2026-03-06 21:20:19.980371,0
2026-03-06 21:20:20.980377,0
2026-03-06 21:20:21.980412,0
2026-03-06 21:20:22.980648,0
2026-03-06 21:20:23.990296,0
2026-03-06 21:20:24.998666,0
2026-03-06 21:20:25.998595,0
2026-03-06 21:20:26.998364,0
2026-03-06 21:20:27.998905,0
2026-03-06 21:20:28.998444,0
2026-03-06 21:20:30.008388,0
2026-03-06 21:20:31.016301,0
2026-03-06 21:20:32.016953,0
2026-03-06 21:20:33.016484,0
2026-03-06 21:20:34.016802,0
2026-03-06 21:20:35.016757,0
2026-03-06 21:20:36.026091,0
2026-03-06 21:20:37.034518,0
2026-03-06 21:20:38.034455,0
2026-03-06 21:20:39.034365,0
2026-03-06 21:20:40.034533,0
2026-03-06 21:20:41.035005,0
2026-03-06 21:20:42.044461,0
2026-03-06 21:20:43.052988,0
2026-03-06 21:20:44.052833,0
2026-03-06 21:20:45.052863,0
2026-03-06 21:20:46.052899,0
2026-03-06 21:20:47.052634,0
2026-03-06 21:20:48.062487,0
2026-03-06 21:20:49.070884,0
2026-03-06 21:20:50.0711,0
2026-03-06 21:20:51.070776,0
2026-03-06 21:20:52.071089,0
2026-03-06 21:20:53.070581,0
2026-03-06 21:20:54.080386,0
2026-03-06 21:20:55.088727,0
2026-03-06 21:20:56.089228,0
2026-03-06 21:20:57.089069,0
2026-03-06 21:20:58.088752,0
2026-03-06 21:20:59.088734,0
2026-03-06 21:21:00.098616,0
2026-03-06 21:21:01.106553,0
2026-03-06 21:21:02.107132,0
2026-03-06 21:21:03.107001,0
2026-03-06 21:21:04.107526,0
2026-03-06 21:21:05.106659,0
2026-03-06 21:21:06.116579,0
2026-03-06 21:21:07.124717,0
2026-03-06 21:21:08.12514,0
2026-03-06 21:21:09.125154,0
2026-03-06 21:21:10.125125,0
2026-03-06 21:21:11.125186,0
2026-03-06 21:21:12.13452,0
2026-03-06 21:21:13.143321,0
2026-03-06 21:21:14.143152,0
2026-03-06 21:21:15.142691,0
2026-03-06 21:21:16.143262,0
2026-03-06 21:21:17.143124,0
2026-03-06 21:21:18.152459,0
2026-03-06 21:21:19.160956,0
2026-03-06 21:21:20.16102,0
2026-03-06 21:21:21.160923,0
2026-03-06 21:21:22.161019,0
2026-03-06 21:21:23.161487,0
2026-03-06 21:21:24.170674,0
2026-03-06 21:21:25.179325,0
2026-03-06 21:21:26.178844,0
2026-03-06 21:21:27.179518,0
2026-03-06 21:21:28.17914,0
2026-03-06 21:21:29.179337,0
2026-03-06 21:21:30.189005,0
2026-03-06 21:21:31.196899,0
2026-03-06 21:21:32.197421,0
2026-03-06 21:21:33.197144,0
2026-03-06 21:21:34.197263,0
2026-03-06 21:21:35.197215,0
2026-03-06 21:21:36.206692,0
2026-03-06 21:21:37.215085,0
2026-03-06 21:21:38.215454,0
2026-03-06 21:21:39.215225,0
2026-03-06 21:21:40.215164,0
2026-03-06 21:21:41.215309,0
2026-03-06 21:21:42.224758,0
2026-03-06 21:21:43.233127,0
2026-03-06 21:21:44.233506,0
2026-03-06 21:21:45.233268,0
2026-03-06 21:21:46.233312,0
2026-03-06 21:21:47.233245,0
2026-03-06 21:21:48.243077,0
2026-03-06 21:21:49.251371,0
2026-03-06 21:21:50.251413,0
2026-03-06 21:21:51.25126,0
2026-03-06 21:21:52.251376,0
2026-03-06 21:21:53.251233,0
2026-03-06 21:21:54.261033,0
2026-03-06 21:21:55.269164,0
2026-03-06 21:21:56.26958,0
2026-03-06 21:21:57.269411,0
2026-03-06 21:21:58.269521,0
2026-03-06 21:21:59.269429,0
2026-03-06 21:22:00.279079,0
2026-03-06 21:22:01.287563,0
2026-03-06 21:22:02.287624,0
2026-03-06 21:22:03.287624,0
2026-03-06 21:22:04.287685,0
2026-03-06 21:22:05.287604,0
2026-03-06 21:22:06.297065,0
2026-03-06 21:22:07.305207,0
2026-03-06 21:22:08.305497,0
2026-03-06 21:22:09.305548,0
2026-03-06 21:22:10.30564,0
2026-03-06 21:22:11.305751,0
2026-03-06 21:22:12.314901,0
2026-03-06 21:22:13.323409,0
2026-03-06 21:22:14.323211,0
2026-03-06 21:22:15.323492,0
2026-03-06 21:22:16.323182,0
2026-03-06 21:22:17.323434,0
2026-03-06 21:22:18.333229,0
2026-03-06 21:22:19.341584,0
2026-03-06 21:22:20.341662,0
2026-03-06 21:22:21.341394,0
2026-03-06 21:22:22.341663,0
2026-03-06 21:22:23.341652,0
2026-03-06 21:22:24.351179,0
2026-03-06 21:22:25.359359,0
2026-03-06 21:22:26.359901,0
2026-03-06 21:22:27.35943,0
2026-03-06 21:22:28.359851,0
2026-03-06 21:22:29.359881,0
2026-03-06 21:22:30.369362,0
2026-03-06 21:22:31.37749,0
2026-03-06 21:22:32.377923,0
2026-03-06 21:22:33.377756,0
2026-03-06 21:22:34.377963,0
2026-03-06 21:22:35.377898,0
2026-03-06 21:22:36.387186,0
2026-03-06 21:22:37.396043,0
2026-03-06 21:22:38.39553,0
2026-03-06 21:22:39.395648,0
2026-03-06 21:22:40.395897,0
2026-03-06 21:22:41.395919,0
2026-03-06 21:22:42.405322,0
2026-03-06 21:22:43.413705,0
2026-03-06 21:22:44.4139,0
2026-03-06 21:22:45.413586,0
2026-03-06 21:22:46.413517,0
2026-03-06 21:22:47.413729,0
2026-03-06 21:22:48.423243,0
2026-03-06 21:22:49.431677,0
2026-03-06 21:22:50.431471,0
2026-03-06 21:22:51.43182,0
2026-03-06 21:22:52.431787,0
2026-03-06 21:22:53.431558,0
2026-03-06 21:22:54.441525,0
2026-03-06 21:22:55.450081,0
2026-03-06 21:22:56.450087,0
2026-03-06 21:22:57.449978,0
2026-03-06 21:22:58.449733,0
2026-03-06 21:22:59.449953,0
2026-03-06 21:23:00.45941,0
2026-03-06 21:23:01.467732,0
2026-03-06 21:23:02.468196,0
2026-03-06 21:23:03.468018,0
2026-03-06 21:23:04.467657,0
2026-03-06 21:23:05.468065,0
2026-03-06 21:23:06.477387,0
2026-03-06 21:23:07.486106,0
2026-03-06 21:23:08.485828,0
2026-03-06 21:23:09.485714,0
2026-03-06 21:23:10.486148,0
2026-03-06 21:23:11.485874,0
2026-03-06 21:23:12.495658,0
2026-03-06 21:23:13.503889,0
2026-03-06 21:23:14.504107,0
2026-03-06 21:23:15.504081,0
2026-03-06 21:23:16.504138,0
2026-03-06 21:23:17.50423,0
2026-03-06 21:23:18.513673,0
2026-03-06 21:23:19.521602,0
2026-03-06 21:23:20.522062,0
2026-03-06 21:23:21.52228,0
2026-03-06 21:23:22.522152,0
2026-03-06 21:23:23.522033,0
2026-03-06 21:23:24.531732,0
2026-03-06 21:23:25.540195,0
2026-03-06 21:23:26.539764,0
2026-03-06 21:23:27.540039,0
2026-03-06 21:23:28.539774,0
2026-03-06 21:23:29.540156,0
2026-03-06 21:23:30.54973,0
2026-03-06 21:23:31.557922,0
2026-03-06 21:23:32.557956,0
2026-03-06 21:23:33.558466,0
2026-03-06 21:23:34.557791,0
2026-03-06 21:23:35.558212,0
2026-03-06 21:23:36.567855,0
2026-03-06 21:23:37.576082,0
2026-03-06 21:23:38.576368,0
2026-03-06 21:23:39.57643,0
2026-03-06 21:23:40.576346,0
2026-03-06 21:23:41.576295,0
2026-03-06 21:23:42.58605,0
2026-03-06 21:23:43.594412,0
2026-03-06 21:23:44.594194,0
2026-03-06 21:23:45.593936,0
2026-03-06 21:23:46.593964,0
2026-03-06 21:23:47.594413,0
2026-03-06 21:23:48.603883,0
2026-03-06 21:23:49.612581,0
2026-03-06 21:23:50.612481,0
2026-03-06 21:23:51.612344,0
2026-03-06 21:23:52.611968,0
2026-03-06 21:23:53.61249,0
2026-03-06 21:23:54.621801,0
2026-03-06 21:23:55.630207,0
2026-03-06 21:23:56.630374,0
2026-03-06 21:23:57.630381,0
2026-03-06 21:23:58.630338,0
2026-03-06 21:23:59.630598,0
2026-03-06 21:24:00.639684,0
2026-03-06 21:24:01.6484,0
2026-03-06 21:24:02.648419,0
2026-03-06 21:24:03.648345,0
2026-03-06 21:24:04.648047,0
2026-03-06 21:24:05.648484,0
2026-03-06 21:24:06.657751,0
2026-03-06 21:24:07.666529,0
2026-03-06 21:24:08.66636,0
2026-03-06 21:24:09.666476,0
2026-03-06 21:24:10.666121,0
2026-03-06 21:24:11.666419,0
2026-03-06 21:24:12.675684,0
2026-03-06 21:24:13.684132,0
2026-03-06 21:24:14.684486,0
2026-03-06 21:24:15.684395,0
2026-03-06 21:24:16.684517,0
2026-03-06 21:24:17.684617,0
2026-03-06 21:24:18.694023,0
2026-03-06 21:24:19.702867,0
2026-03-06 21:24:20.702247,0
2026-03-06 21:24:21.702386,0
2026-03-06 21:24:22.702673,0
2026-03-06 21:24:23.702396,0
2026-03-06 21:24:24.712254,0
2026-03-06 21:24:25.720476,0
2026-03-06 21:24:26.720761,0
2026-03-06 21:24:27.720444,0
2026-03-06 21:24:28.720566,0
2026-03-06 21:24:29.720533,0
2026-03-06 21:24:30.73047,0
2026-03-06 21:24:31.738465,0
2026-03-06 21:24:32.738774,0
2026-03-06 21:24:33.738866,0
2026-03-06 21:24:34.73872,0
2026-03-06 21:24:35.738478,0
2026-03-06 21:24:36.748197,0
2026-03-06 21:24:37.756485,0
2026-03-06 21:24:38.756755,0
2026-03-06 21:24:39.756457,0
2026-03-06 21:24:40.756591,0
2026-03-06 21:24:41.756385,0
2026-03-06 21:24:42.76624,0
2026-03-06 21:24:43.774493,0
2026-03-06 21:24:44.774484,0
2026-03-06 21:24:45.774398,0
2026-03-06 21:24:46.774687,0
2026-03-06 21:24:47.774782,0
2026-03-06 21:24:48.783999,0
2026-03-06 21:24:49.792784,0
2026-03-06 21:24:50.792952,0
2026-03-06 21:24:51.792513,0
2026-03-06 21:24:52.792964,0
2026-03-06 21:24:53.792754,0
2026-03-06 21:24:54.802256,0
2026-03-06 21:24:55.810419,0
2026-03-06 21:24:56.810443,0
2026-03-06 21:24:57.810971,0
2026-03-06 21:24:58.810595,0
2026-03-06 21:24:59.810936,0
2026-03-06 21:25:00.820106,0
2026-03-06 21:25:01.829038,0
2026-03-06 21:25:02.828622,0
2026-03-06 21:25:03.828831,0
2026-03-06 21:25:04.829006,0
2026-03-06 21:25:05.82893,0
2026-03-06 21:25:06.838213,0
2026-03-06 21:25:07.846842,0
2026-03-06 21:25:08.846507,0
2026-03-06 21:25:09.846761,0
2026-03-06 21:25:10.846896,0
2026-03-06 21:25:11.846961,0
2026-03-06 21:25:12.856458,0
2026-03-06 21:25:13.864797,0
2026-03-06 21:25:14.865064,0
2026-03-06 21:25:15.864939,0
2026-03-06 21:25:16.86484,0
2026-03-06 21:25:17.86504,0
2026-03-06 21:25:18.874328,0
2026-03-06 21:25:19.883047,0
2026-03-06 21:25:20.883273,0
2026-03-06 21:25:21.883134,0
2026-03-06 21:25:22.88322,0
2026-03-06 21:25:23.883063,0
2026-03-06 21:25:24.892531,0
2026-03-06 21:25:25.900739,0
2026-03-06 21:25:26.900792,0
2026-03-06 21:25:27.900882,0
2026-03-06 21:25:28.900818,0
2026-03-06 21:25:29.900855,0
2026-03-06 21:25:30.910353,0
2026-03-06 21:25:31.918932,0
2026-03-06 21:25:32.918873,0
2026-03-06 21:25:33.919182,0
2026-03-06 21:25:34.918988,0
2026-03-06 21:25:35.918895,0
2026-03-06 21:25:36.928778,0
2026-03-06 21:25:37.936681,0
2026-03-06 21:25:38.936823,0
2026-03-06 21:25:39.937011,0
2026-03-06 21:25:40.937189,0
2026-03-06 21:25:41.936994,0
2026-03-06 21:25:42.946675,0
2026-03-06 21:25:43.955163,0
2026-03-06 21:25:44.95528,0
2026-03-06 21:25:45.954988,0
2026-03-06 21:25:46.955322,0
2026-03-06 21:25:47.955203,0
2026-03-06 21:25:48.964328,0
2026-03-06 21:25:49.973287,0
2026-03-06 21:25:50.97311,0
2026-03-06 21:25:51.973011,0
2026-03-06 21:25:52.973338,0
2026-03-06 21:25:53.973377,0
2026-03-06 21:25:54.982563,0
2026-03-06 21:25:55.991054,0
2026-03-06 21:25:56.991246,0
2026-03-06 21:25:57.991191,0
2026-03-06 21:25:58.99163,0
2026-03-06 21:25:59.991157,0
2026-03-06 21:26:01.000638,0
2026-03-06 21:26:02.009063,0
2026-03-06 21:26:03.009079,0
2026-03-06 21:26:04.009138,0
2026-03-06 21:26:05.009229,0
2026-03-06 21:26:06.009216,0
2026-03-06 21:26:07.018655,0
2026-03-06 21:26:08.026973,0
2026-03-06 21:26:09.027005,0
2026-03-06 21:26:10.027201,0
2026-03-06 21:26:11.027081,0
2026-03-06 21:26:12.02733,0
2026-03-06 21:26:13.036698,0
2026-03-06 21:26:14.045199,0
2026-03-06 21:26:15.045301,0
2026-03-06 21:26:16.045017,0
2026-03-06 21:26:17.045226,0
2026-03-06 21:26:18.045558,0
2026-03-06 21:26:19.054872,0
2026-03-06 21:26:20.063202,0
2026-03-06 21:26:21.063019,0
2026-03-06 21:26:22.063526,0
2026-03-06 21:26:23.063451,0
2026-03-06 21:26:24.063473,0
2026-03-06 21:26:25.072979,0
2026-03-06 21:26:26.081657,0
2026-03-06 21:26:27.081244,0
2026-03-06 21:26:28.081575,0
2026-03-06 21:26:29.081319,0
2026-03-06 21:26:30.081407,0
2026-03-06 21:26:31.091169,0
2026-03-06 21:26:32.099177,0
2026-03-06 21:26:33.099175,0
2026-03-06 21:26:34.099463,0
2026-03-06 21:26:35.099534,0
2026-03-06 21:26:36.099616,0
2026-03-06 21:26:37.108927,0
2026-03-06 21:26:38.117478,0
2026-03-06 21:26:39.117648,0
2026-03-06 21:26:40.117541,0
2026-03-06 21:26:41.117555,0
2026-03-06 21:26:42.117525,0
2026-03-06 21:26:43.127191,0
2026-03-06 21:26:44.135341,0
2026-03-06 21:26:45.135335,0
2026-03-06 21:26:46.1353,0
2026-03-06 21:26:47.13538,0
2026-03-06 21:26:48.13549,0
2026-03-06 21:26:49.145342,0
2026-03-06 21:26:50.153293,0
2026-03-06 21:26:51.15318,0
2026-03-06 21:26:52.153558,0
2026-03-06 21:26:53.153443,0
2026-03-06 21:26:54.15358,0
2026-03-06 21:26:55.162983,0
2026-03-06 21:26:56.171388,0
2026-03-06 21:26:57.17155,0
2026-03-06 21:26:58.171828,0
2026-03-06 21:26:59.171735,0
2026-03-06 21:27:00.171541,0
2026-03-06 21:27:01.181045,0
2026-03-06 21:27:02.189357,0
2026-03-06 21:27:03.189584,0
2026-03-06 21:27:04.189177,0
2026-03-06 21:27:05.189384,0
2026-03-06 21:27:06.189694,0
2026-03-06 21:27:07.19911,0
2026-03-06 21:27:08.207585,0
2026-03-06 21:27:09.207399,0
2026-03-06 21:27:10.207916,0
2026-03-06 21:27:11.2075,0
2026-03-06 21:27:12.207437,0
2026-03-06 21:27:13.217046,0
2026-03-06 21:27:14.225541,0
2026-03-06 21:27:15.225649,0
2026-03-06 21:27:16.225454,0
2026-03-06 21:27:17.225802,0
2026-03-06 21:27:18.225488,0
2026-03-06 21:27:19.235102,0
2026-03-06 21:27:20.243465,0
2026-03-06 21:27:21.24352,0
2026-03-06 21:27:22.243555,0
2026-03-06 21:27:23.243951,0
2026-03-06 21:27:24.243581,0
2026-03-06 21:27:25.253045,0
2026-03-06 21:27:26.261499,0
2026-03-06 21:27:27.261735,0
2026-03-06 21:27:28.26162,0
2026-03-06 21:27:29.261915,0
2026-03-06 21:27:30.261707,0
2026-03-06 21:27:31.271275,0
2026-03-06 21:27:32.280023,0
2026-03-06 21:27:33.279444,0
2026-03-06 21:27:34.279452,0
2026-03-06 21:27:35.279683,0
2026-03-06 21:27:36.279765,0
2026-03-06 21:27:37.28923,0
2026-03-06 21:27:38.297755,0
2026-03-06 21:27:39.297722,0
2026-03-06 21:27:40.297572,0
2026-03-06 21:27:41.297734,0
2026-03-06 21:27:42.297995,0
2026-03-06 21:27:43.307196,0
2026-03-06 21:27:44.315723,0
2026-03-06 21:27:45.316051,0
2026-03-06 21:27:46.315986,0
2026-03-06 21:27:47.315765,0
2026-03-06 21:27:48.316213,0
2026-03-06 21:27:49.325653,0
2026-03-06 21:27:50.333733,0
2026-03-06 21:27:51.334115,0
2026-03-06 21:27:52.334065,0
2026-03-06 21:27:53.333982,0
2026-03-06 21:27:54.333669,0
2026-03-06 21:27:55.343332,0
2026-03-06 21:27:56.351833,0
2026-03-06 21:27:57.351951,0
2026-03-06 21:27:58.352125,0
2026-03-06 21:27:59.35179,0
2026-03-06 21:28:00.351898,0
2026-03-06 21:28:01.361585,0
2026-03-06 21:28:02.369962,0
2026-03-06 21:28:03.369608,0
2026-03-06 21:28:04.370282,0
2026-03-06 21:28:05.370047,0
2026-03-06 21:28:06.370078,0
2026-03-06 21:28:07.379364,0
2026-03-06 21:28:08.388028,0
2026-03-06 21:28:09.388025,0
2026-03-06 21:28:10.387996,0
2026-03-06 21:28:11.387693,0
2026-03-06 21:28:12.38808,0
2026-03-06 21:28:13.397357,0
2026-03-06 21:28:14.40613,0
2026-03-06 21:28:15.406106,0
2026-03-06 21:28:16.406354,0
2026-03-06 21:28:17.405902,0
2026-03-06 21:28:18.40597,0
2026-03-06 21:28:19.415469,0
2026-03-06 21:28:20.424077,0
2026-03-06 21:28:21.423899,0
2026-03-06 21:28:22.424107,0
2026-03-06 21:28:23.423735,0
2026-03-06 21:28:24.424366,0
2026-03-06 21:28:25.433578,0
2026-03-06 21:28:26.442271,0
2026-03-06 21:28:27.442306,0
2026-03-06 21:28:28.441918,0
2026-03-06 21:28:29.442007,0
2026-03-06 21:28:30.441844,0
2026-03-06 21:28:31.451794,0
2026-03-06 21:28:32.460115,0
2026-03-06 21:28:33.459882,0
2026-03-06 21:28:34.459905,0
2026-03-06 21:28:35.460058,0
2026-03-06 21:28:36.460423,0
2026-03-06 21:28:37.469843,0
2026-03-06 21:28:38.478142,0
2026-03-06 21:28:39.47821,0
2026-03-06 21:28:40.477966,0
2026-03-06 21:28:41.47802,0
2026-03-06 21:28:42.47822,0
2026-03-06 21:28:43.487513,0
2026-03-06 21:28:44.495992,0
2026-03-06 21:28:45.496479,0
2026-03-06 21:28:46.496094,0
2026-03-06 21:28:47.496232,0
2026-03-06 21:28:48.496355,0
2026-03-06 21:28:49.505726,0
2026-03-06 21:28:50.51403,0
2026-03-06 21:28:51.514338,0
2026-03-06 21:28:52.514141,0
2026-03-06 21:28:53.514502,0
2026-03-06 21:28:54.514416,0
2026-03-06 21:28:55.523614,0
2026-03-06 21:28:56.532039,0
2026-03-06 21:28:57.532323,0
2026-03-06 21:28:58.532401,0
2026-03-06 21:28:59.532153,0
2026-03-06 21:29:00.532335,0
2026-03-06 21:29:01.541906,0
2026-03-06 21:29:02.550139,0
2026-03-06 21:29:03.550474,0
2026-03-06 21:29:04.55048,0
2026-03-06 21:29:05.550142,0
2026-03-06 21:29:06.550247,0
2026-03-06 21:29:07.560634,0
2026-03-06 21:29:08.568438,0
2026-03-06 21:29:09.568593,0
2026-03-06 21:29:10.568393,0
2026-03-06 21:29:11.568643,0
2026-03-06 21:29:12.568256,0
2026-03-06 21:29:13.577803,0
2026-03-06 21:29:14.586589,0
2026-03-06 21:29:15.586509,0
2026-03-06 21:29:16.586364,0
2026-03-06 21:29:17.586444,0
2026-03-06 21:29:18.586588,0
2026-03-06 21:29:19.595883,0
2026-03-06 21:29:20.604376,0
2026-03-06 21:29:21.604522,0
2026-03-06 21:29:22.604484,0
2026-03-06 21:29:23.604274,0
2026-03-06 21:29:24.604299,0
2026-03-06 21:29:25.613775,0
2026-03-06 21:29:26.622684,0
2026-03-06 21:29:27.622271,0
2026-03-06 21:29:28.622368,0
2026-03-06 21:29:29.622755,0
2026-03-06 21:29:30.622775,0
2026-03-06 21:29:31.631903,0
2026-03-06 21:29:32.640562,0
2026-03-06 21:29:33.64085,0
2026-03-06 21:29:34.640665,0
2026-03-06 21:29:35.640789,0
2026-03-06 21:29:36.640254,0
2026-03-06 21:29:37.650206,0
2026-03-06 21:29:38.658399,0
2026-03-06 21:29:39.658699,0
2026-03-06 21:29:40.65868,0
2026-03-06 21:29:41.658541,0
2026-03-06 21:29:42.658327,0
2026-03-06 21:29:43.668182,0
2026-03-06 21:29:44.67633,0
2026-03-06 21:29:45.676672,0
2026-03-06 21:29:46.676672,0
2026-03-06 21:29:47.676581,0
2026-03-06 21:29:48.676641,0
2026-03-06 21:29:49.686227,0
2026-03-06 21:29:50.694771,0
2026-03-06 21:29:51.69466,0
2026-03-06 21:29:52.694771,0
2026-03-06 21:29:53.694535,0
2026-03-06 21:29:54.694452,0
2026-03-06 21:29:55.70426,0
2026-03-06 21:29:56.712713,0
2026-03-06 21:29:57.712657,0
2026-03-06 21:29:58.712772,0
2026-03-06 21:29:59.71266,0
2026-03-06 21:30:00.712766,0
2026-03-06 21:30:01.722029,0
2026-03-06 21:30:02.73062,0
2026-03-06 21:30:03.730864,0
2026-03-06 21:30:04.730898,0
2026-03-06 21:30:05.730537,0
2026-03-06 21:30:06.730404,0
2026-03-06 21:30:07.74022,0
2026-03-06 21:30:08.748719,0
2026-03-06 21:30:09.748864,0
2026-03-06 21:30:10.748875,0
2026-03-06 21:30:11.748609,0
2026-03-06 21:30:12.748801,0
2026-03-06 21:30:13.758029,0
2026-03-06 21:30:14.767063,0
2026-03-06 21:30:15.766556,0
2026-03-06 21:30:16.766631,0
2026-03-06 21:30:17.766618,0
2026-03-06 21:30:18.766766,0
2026-03-06 21:30:19.776215,0
2026-03-06 21:30:20.784892,0
2026-03-06 21:30:21.785003,0
2026-03-06 21:30:22.784795,0
2026-03-06 21:30:23.784689,0
2026-03-06 21:30:24.784789,0
2026-03-06 21:30:25.794381,0
2026-03-06 21:30:26.802769,0
2026-03-06 21:30:27.803098,0
2026-03-06 21:30:28.802999,0
2026-03-06 21:30:29.802743,0
2026-03-06 21:30:30.802708,0
2026-03-06 21:30:31.812359,0
2026-03-06 21:30:32.821136,0
2026-03-06 21:30:33.820998,0
2026-03-06 21:30:34.82058,0
2026-03-06 21:30:35.820682,0
2026-03-06 21:30:36.820957,0
2026-03-06 21:30:37.830414,0
2026-03-06 21:30:38.839043,0
2026-03-06 21:30:39.83875,0
2026-03-06 21:30:40.838858,0
2026-03-06 21:30:41.838698,0
2026-03-06 21:30:42.838665,0
2026-03-06 21:30:43.848463,0
2026-03-06 21:30:44.857098,0
2026-03-06 21:30:45.856843,0
2026-03-06 21:30:46.857013,0
2026-03-06 21:30:47.856756,0
2026-03-06 21:30:48.856902,0
2026-03-06 21:30:49.866214,0
2026-03-06 21:30:50.874692,0
2026-03-06 21:30:51.87496,0
2026-03-06 21:30:52.875102,0
2026-03-06 21:30:53.874723,0
2026-03-06 21:30:54.875129,0
2026-03-06 21:30:55.88457,0
2026-03-06 21:30:56.893016,0
2026-03-06 21:30:57.893279,0
2026-03-06 21:30:58.893258,0
2026-03-06 21:30:59.893036,0
2026-03-06 21:31:00.893026,0
2026-03-06 21:31:01.902621,0
2026-03-06 21:31:02.910762,0
2026-03-06 21:31:03.910917,0
2026-03-06 21:31:04.910881,0
2026-03-06 21:31:05.911155,0
2026-03-06 21:31:06.911002,0
2026-03-06 21:31:07.920483,0
2026-03-06 21:31:08.928744,0
2026-03-06 21:31:09.929296,0
2026-03-06 21:31:10.929058,0
2026-03-06 21:31:11.929122,0
2026-03-06 21:31:12.929311,0
2026-03-06 21:31:13.938531,0
2026-03-06 21:31:14.947036,0
2026-03-06 21:31:15.947248,0
2026-03-06 21:31:16.947005,0
2026-03-06 21:31:17.946903,0
2026-03-06 21:31:18.947028,0
2026-03-06 21:31:19.956678,0
2026-03-06 21:31:20.964936,0
2026-03-06 21:31:21.964924,0
2026-03-06 21:31:22.965299,0
2026-03-06 21:31:23.965383,0
2026-03-06 21:31:24.964964,0
2026-03-06 21:31:25.974669,0
2026-03-06 21:31:26.983449,0
2026-03-06 21:31:27.983018,0
2026-03-06 21:31:28.98338,0
2026-03-06 21:31:29.983137,0
2026-03-06 21:31:30.982993,0
2026-03-06 21:31:31.992657,0
2026-03-06 21:31:33.001162,0
2026-03-06 21:31:34.001237,0
2026-03-06 21:31:35.001445,0
2026-03-06 21:31:36.001213,0
2026-03-06 21:31:37.00146,0
2026-03-06 21:31:38.01064,0
2026-03-06 21:31:39.01939,0
2026-03-06 21:31:40.019024,0
2026-03-06 21:31:41.019428,0
2026-03-06 21:31:42.018933,0
2026-03-06 21:31:43.019065,0
2026-03-06 21:31:44.028707,0
2026-03-06 21:31:45.037187,0
2026-03-06 21:31:46.036976,0
2026-03-06 21:31:47.037244,0
2026-03-06 21:31:48.037113,0
2026-03-06 21:31:49.037044,0
2026-03-06 21:31:50.046863,0
2026-03-06 21:31:51.055325,0
2026-03-06 21:31:52.055478,0
2026-03-06 21:31:53.055117,0
2026-03-06 21:31:54.055277,0
2026-03-06 21:31:55.055074,0
2026-03-06 21:31:56.06453,0
2026-03-06 21:31:57.073432,0
2026-03-06 21:31:58.073186,0
2026-03-06 21:31:59.073315,0
2026-03-06 21:32:00.073211,0
2026-03-06 21:32:01.073088,0
2026-03-06 21:32:02.083125,0
2026-03-06 21:32:03.091062,0
2026-03-06 21:32:04.091519,0
2026-03-06 21:32:05.091451,0
2026-03-06 21:32:06.091438,0
2026-03-06 21:32:07.091457,0
2026-03-06 21:32:08.100781,0
2026-03-06 21:32:09.109008,0
2026-03-06 21:32:10.109507,0
2026-03-06 21:32:11.109577,0
2026-03-06 21:32:12.109479,0
2026-03-06 21:32:13.109546,0
2026-03-06 21:32:14.118824,0
2026-03-06 21:32:15.127748,0
2026-03-06 21:32:16.127553,0
2026-03-06 21:32:17.127669,0
2026-03-06 21:32:18.127447,0
2026-03-06 21:32:19.127364,0
2026-03-06 21:32:20.137289,0
2026-03-06 21:32:21.145361,0
2026-03-06 21:32:22.145589,0
2026-03-06 21:32:23.145231,0
2026-03-06 21:32:24.145601,0
2026-03-06 21:32:25.145957,0
2026-03-06 21:32:26.154674,0
2026-03-06 21:32:27.163393,0
2026-03-06 21:32:28.163369,0
2026-03-06 21:32:29.163646,0
2026-03-06 21:32:30.163388,0
2026-03-06 21:32:31.163522,0
2026-03-06 21:32:32.173327,0
2026-03-06 21:32:33.181302,0
2026-03-06 21:32:34.181492,0
2026-03-06 21:32:35.181521,0
2026-03-06 21:32:36.181608,0
2026-03-06 21:32:37.181633,0
2026-03-06 21:32:38.191153,0
2026-03-06 21:32:39.199332,0
2026-03-06 21:32:40.1996,0
2026-03-06 21:32:41.199832,0
2026-03-06 21:32:42.199666,0
2026-03-06 21:32:43.199716,0
2026-03-06 21:32:44.209726,0
2026-03-06 21:32:45.217714,0
2026-03-06 21:32:46.217552,0
2026-03-06 21:32:47.218395,0
2026-03-06 21:32:48.217488,0
2026-03-06 21:32:49.217481,0
2026-03-06 21:32:50.227365,0
2026-03-06 21:32:51.238455,0
2026-03-06 21:32:52.235515,0
2026-03-06 21:32:53.235621,0
2026-03-06 21:32:54.235828,0
2026-03-06 21:32:55.235889,0
2026-03-06 21:32:56.247501,0
2026-03-06 21:32:57.253623,0
2026-03-06 21:32:58.253715,0
2026-03-06 21:32:59.253768,0
2026-03-06 21:33:00.253831,0
2026-03-06 21:33:01.254013,0
2026-03-06 21:33:02.263306,0
2026-03-06 21:33:03.271861,0
2026-03-06 21:33:04.272197,0
2026-03-06 21:33:05.271425,0
2026-03-06 21:33:06.272037,0
2026-03-06 21:33:07.271539,0
2026-03-06 21:33:08.281671,0
2026-03-06 21:33:09.289707,0
2026-03-06 21:33:10.289861,0
2026-03-06 21:33:11.290927,0
2026-03-06 21:33:12.293599,0
2026-03-06 21:33:13.28999,0
2026-03-06 21:33:14.300916,0
2026-03-06 21:33:15.307748,0
2026-03-06 21:33:16.307984,0
2026-03-06 21:33:17.308592,0
2026-03-06 21:33:18.307793,0
2026-03-06 21:33:19.307598,0
2026-03-06 21:33:20.317885,0
2026-03-06 21:33:21.325514,0
2026-03-06 21:33:22.330446,0
2026-03-06 21:33:23.326121,0
2026-03-06 21:33:24.326123,0
2026-03-06 21:33:25.327718,0
2026-03-06 21:33:26.345829,0
2026-03-06 21:33:27.343666,0
2026-03-06 21:33:28.346474,0
2026-03-06 21:33:29.34396,0
2026-03-06 21:33:30.34408,0
2026-03-06 21:33:31.343848,0
2026-03-06 21:33:32.355001,0
2026-03-06 21:33:33.361918,0
2026-03-06 21:33:34.367756,0
2026-03-06 21:33:35.363335,0
2026-03-06 21:33:39.934048,0
2026-03-06 21:33:40.148629,0
2026-03-06 21:33:40.35768,0
2026-03-06 21:33:40.431054,0
2026-03-06 21:33:40.464942,0
2026-03-06 21:33:41.379856,0
2026-03-06 21:33:42.381034,0
2026-03-06 21:33:43.380008,0
2026-03-06 21:33:44.389577,0
2026-03-06 21:33:45.39813,0
2026-03-06 21:33:46.39781,0
2026-03-06 21:34:21.242214,0
2026-03-06 21:34:21.388965,0
2026-03-06 21:34:21.417991,0
2026-03-06 21:34:21.437477,0
2026-03-06 21:34:21.505978,0
2026-03-06 21:34:22.506018,0
2026-03-06 21:34:23.506122,0
2026-03-06 21:34:24.506313,0
2026-03-06 21:34:25.506302,0
2026-03-06 21:34:26.515655,0
2026-03-06 21:34:27.52408,0
2026-03-06 21:34:28.524154,0
2026-03-06 21:34:29.524412,0
2026-03-06 21:34:30.524744,0
2026-03-06 21:34:31.524419,0
2026-03-06 21:34:32.533899,0
2026-03-06 21:34:33.542448,0
2026-03-06 21:34:34.542208,0
2026-03-06 21:34:35.54225,0
2026-03-06 21:34:36.542477,0
2026-03-06 21:34:37.542059,0
2026-03-06 21:34:38.551684,0
2026-03-06 21:34:39.561333,0
2026-03-06 21:34:40.56131,0
2026-03-06 21:34:41.561426,0
2026-03-06 21:34:42.561303,0
2026-03-06 21:34:43.561191,0
2026-03-06 21:34:44.570895,0
2026-03-06 21:34:45.579445,0
2026-03-06 21:34:46.578896,0
2026-03-06 21:34:47.579507,0
2026-03-06 21:34:48.579602,0
2026-03-06 21:34:49.579361,0
2026-03-06 21:34:50.588743,0
2026-03-06 21:34:51.597569,0
2026-03-06 21:34:52.597415,0
2026-03-06 21:34:53.597147,0
2026-03-06 21:34:54.596963,0
2026-03-06 21:34:55.597543,0
2026-03-06 21:34:56.606672,0
2026-03-06 21:34:57.615453,0
2026-03-06 21:34:58.615341,0
2026-03-06 21:34:59.615201,0
2026-03-06 21:35:00.615375,0
2026-03-06 21:35:01.615488,0
2026-03-06 21:35:02.624849,0
2026-03-06 21:35:03.633211,0
2026-03-06 21:35:04.633566,0
2026-03-06 21:35:05.633134,0
2026-03-06 21:35:06.633086,0
2026-03-06 21:35:07.63354,0
2026-03-06 21:35:08.642923,0
2026-03-06 21:35:09.651111,0
2026-03-06 21:35:10.652648,0
2026-03-06 21:35:11.651232,0
2026-03-06 21:35:12.651218,0
2026-03-06 21:35:13.651389,0
2026-03-06 21:35:14.66096,0
2026-03-06 21:35:15.669374,0
2026-03-06 21:35:16.669504,0
2026-03-06 21:35:17.669229,0
2026-03-06 21:35:18.66904,0
2026-03-06 21:35:19.669384,0
2026-03-06 21:35:20.680314,0
2026-03-06 21:35:21.687581,0
2026-03-06 21:35:22.687618,0
2026-03-06 21:35:23.687677,0
2026-03-06 21:35:24.687523,0
2026-03-06 21:35:25.687504,0
2026-03-06 21:35:26.697291,0
2026-03-06 21:35:27.705382,0
2026-03-06 21:35:28.705512,0
2026-03-06 21:35:29.705373,0
2026-03-06 21:35:30.705071,0
2026-03-06 21:35:31.705325,0
2026-03-06 21:35:32.715134,0
2026-03-06 21:35:33.723417,0
2026-03-06 21:35:34.723751,0
2026-03-06 21:35:35.723333,0
2026-03-06 21:35:36.723579,0
2026-03-06 21:35:37.723326,0
2026-03-06 21:35:38.733288,0
2026-03-06 21:35:39.741293,0
2026-03-06 21:35:40.741337,0
2026-03-06 21:35:41.741741,0
2026-03-06 21:35:42.741432,0
2026-03-06 21:35:43.741534,0
2026-03-06 21:35:44.751312,0
2026-03-06 21:35:45.759918,0
2026-03-06 21:35:46.759518,0
2026-03-06 21:35:47.75958,0
2026-03-06 21:35:48.759841,0
2026-03-06 21:35:49.759678,0
2026-03-06 21:35:50.769225,0
2026-03-06 21:35:51.777748,0
2026-03-06 21:35:52.777486,0
2026-03-06 21:35:53.777841,0
2026-03-06 21:35:54.777582,0
2026-03-06 21:35:55.77889,0
2026-03-06 21:35:56.787091,0
2026-03-06 21:35:57.795766,0
2026-03-06 21:35:58.795644,0
2026-03-06 21:35:59.795621,0
2026-03-06 21:36:00.795666,0
2026-03-06 21:36:01.795818,0
2026-03-06 21:36:02.805359,0
2026-03-06 21:36:03.813561,0
2026-03-06 21:36:04.813559,0
2026-03-06 21:36:05.814129,0
2026-03-06 21:36:06.813345,0
2026-03-06 21:36:07.814002,0
2026-03-06 21:36:08.82342,0
2026-03-06 21:36:09.832335,0
2026-03-06 21:36:10.832053,0
2026-03-06 21:36:11.832042,0
2026-03-06 21:36:12.831823,0
2026-03-06 21:36:13.83148,0
2026-03-06 21:36:14.841541,0
2026-03-06 21:36:15.849686,0
2026-03-06 21:36:16.849731,0
2026-03-06 21:36:17.849735,0
2026-03-06 21:36:18.849751,0
2026-03-06 21:36:19.849728,0
2026-03-06 21:36:20.859593,0
2026-03-06 21:36:21.867892,0
2026-03-06 21:36:22.867588,0
2026-03-06 21:36:23.867854,0
2026-03-06 21:36:24.867578,0
2026-03-06 21:36:25.867946,0
2026-03-06 21:36:26.877654,0
2026-03-06 21:36:27.885824,0
2026-03-06 21:36:28.885859,0
2026-03-06 21:36:29.885753,0
2026-03-06 21:36:30.88553,0
2026-03-06 21:36:31.885774,0
2026-03-06 21:36:32.895591,0
2026-03-06 21:36:33.903689,0
2026-03-06 21:36:34.903628,0
2026-03-06 21:36:35.903787,0
2026-03-06 21:36:36.903852,0
2026-03-06 21:36:37.904002,0
2026-03-06 21:36:38.913596,0
2026-03-06 21:36:39.921968,0
2026-03-06 21:36:40.922188,0
2026-03-06 21:36:41.92183,0
2026-03-06 21:36:42.921717,0
2026-03-06 21:36:43.922492,0
2026-03-06 21:36:44.931714,0
2026-03-06 21:36:45.939756,0
2026-03-06 21:36:46.939732,0
2026-03-06 21:36:47.939855,0
2026-03-06 21:36:49.078231,0
2026-03-06 21:36:49.940171,0
2026-03-06 21:36:50.94942,0
2026-03-06 21:36:51.957904,0
2026-03-06 21:36:52.958093,0
2026-03-06 21:36:53.957758,0
2026-03-06 21:36:54.957929,0
2026-03-06 21:36:55.958034,0
2026-03-06 21:36:56.967789,0
2026-03-06 21:36:57.975783,0
2026-03-06 21:36:58.97606,0
2026-03-06 21:36:59.975837,0
2026-03-06 21:37:00.975971,0
2026-03-06 21:37:01.976324,0
2026-03-06 21:37:02.985656,0
2026-03-06 21:37:03.994091,0
2026-03-06 21:37:04.993945,0
2026-03-06 21:37:05.994203,0
2026-03-06 21:37:06.993963,0
2026-03-06 21:37:07.994072,0
2026-03-06 21:37:09.003615,0
2026-03-06 21:37:10.012298,0
2026-03-06 21:37:11.011925,0
2026-03-06 21:37:12.012192,0
2026-03-06 21:37:13.01194,0
2026-03-06 21:37:14.012493,0
2026-03-06 21:37:15.023263,0
2026-03-06 21:37:16.030461,0
2026-03-06 21:37:17.030107,0
2026-03-06 21:37:18.030115,0
2026-03-06 21:37:19.030055,0
2026-03-06 21:37:20.030833,0
2026-03-06 21:37:21.039649,0
2026-03-06 21:37:22.048311,0
2026-03-06 21:37:23.048082,0
2026-03-06 21:37:24.048387,0
2026-03-06 21:37:25.048294,0
2026-03-06 21:37:26.04998,0
2026-03-06 21:37:27.058569,0
2026-03-06 21:37:28.066232,0
2026-03-06 21:37:29.066454,0
2026-03-06 21:37:30.066319,0
2026-03-06 21:37:31.066342,0
2026-03-06 21:37:32.066566,0
2026-03-06 21:37:33.076403,0
2026-03-06 21:37:34.084382,0
2026-03-06 21:37:35.084234,0
2026-03-06 21:37:36.084362,0
2026-03-06 21:37:37.084363,0
2026-03-06 21:37:38.084506,0
2026-03-06 21:37:39.093914,0
2026-03-06 21:37:40.102042,0
2026-03-06 21:37:41.102442,0
2026-03-06 21:37:42.102504,0
2026-03-06 21:37:43.103105,0
2026-03-06 21:37:44.102349,0
2026-03-06 21:37:45.111827,0
2026-03-06 21:37:46.120519,0
2026-03-06 21:37:47.120318,0
2026-03-06 21:37:48.12057,0
2026-03-06 21:37:49.120639,0
2026-03-06 21:37:50.120836,0
2026-03-06 21:37:51.130073,0
2026-03-06 21:37:52.138201,0
2026-03-06 21:37:53.138332,0
2026-03-06 21:37:54.138429,0
2026-03-06 21:37:55.138466,0
2026-03-06 21:37:56.138597,0
2026-03-06 21:37:57.148169,0
2026-03-06 21:37:58.156984,0
2026-03-06 21:37:59.15665,0
2026-03-06 21:38:00.156364,0
2026-03-06 21:38:01.156408,0
2026-03-06 21:38:02.15661,0
2026-03-06 21:38:03.166599,0
2026-03-06 21:38:04.174618,0
2026-03-06 21:38:05.174613,0
2026-03-06 21:38:06.174691,0
2026-03-06 21:38:07.174413,0
2026-03-06 21:38:08.174607,0
2026-03-06 21:38:09.184044,0
2026-03-06 21:38:10.19267,0
2026-03-06 21:38:11.192222,0
2026-03-06 21:38:12.192533,0
2026-03-06 21:38:13.192409,0
2026-03-06 21:38:14.192732,0
2026-03-06 21:38:15.202034,0
2026-03-06 21:38:16.210355,0
2026-03-06 21:38:17.210394,0
2026-03-06 21:38:18.210776,0
2026-03-06 21:38:19.21052,0
2026-03-06 21:38:20.2109,0
2026-03-06 21:38:21.219934,0
2026-03-06 21:38:22.228358,0
2026-03-06 21:38:23.228586,0
2026-03-06 21:38:24.228615,0
2026-03-06 21:38:25.228857,0
2026-03-06 21:38:26.228323,0
2026-03-06 21:38:27.23823,0
2026-03-06 21:38:28.24656,0
2026-03-06 21:38:29.246543,0
2026-03-06 21:38:30.246212,0
