time,BOARD.HB_31.packet_ts_ms
2026-03-06 21:14:18.312334,10878705
2026-03-06 21:14:18.347514,10879705
2026-03-06 21:14:19.356371,10880714
2026-03-06 21:14:20.367615,10881725
2026-03-06 21:14:21.376433,10882734
2026-03-06 21:14:22.385476,10883743
2026-03-06 21:14:23.394922,10884752
2026-03-06 21:14:24.403748,10885761
2026-03-06 21:14:25.411037,10886768
2026-03-06 21:14:26.416038,10887773
2026-03-06 21:14:27.424912,10888782
2026-03-06 21:14:28.433989,10889791
2026-03-06 21:14:29.444536,10890801
2026-03-06 21:14:30.453078,10891810
2026-03-06 21:14:31.461755,10892819
2026-03-06 21:14:32.471072,10893828
2026-03-06 21:14:33.479925,10894837
2026-03-06 21:14:34.488656,10895846
2026-03-06 21:14:35.498958,10896856
2026-03-06 21:14:36.507892,10897865
2026-03-06 21:14:37.517099,10898874
2026-03-06 21:14:38.52891,10899885
2026-03-06 21:14:39.537367,10900894
2026-03-06 21:14:40.542098,10901899
2026-03-06 21:14:41.551379,10902908
2026-03-06 21:14:42.560288,10903917
2026-03-06 21:14:43.569227,10904926
2026-03-06 21:14:44.578474,10905935
2026-03-06 21:14:45.587037,10906944
2026-03-06 21:14:46.595979,10907953
2026-03-06 21:14:47.607306,10908963
2026-03-06 21:14:48.615067,10909972
2026-03-06 21:14:49.624149,10910981
2026-03-06 21:14:50.63313,10911990
2026-03-06 21:14:51.642469,10912999
2026-03-06 21:14:52.651494,10914008
2026-03-06 21:14:53.660306,10915017
2026-03-06 21:14:54.669774,10916026
2026-03-06 21:14:55.6746,10917031
2026-03-06 21:14:56.685978,10918041
2026-03-06 21:14:57.693261,10919050
2026-03-06 21:14:58.702604,10920059
2026-03-06 21:14:59.711422,10921068
2026-03-06 21:15:00.720384,10922077
2026-03-06 21:15:01.729473,10923086
2026-03-06 21:15:02.738593,10924095
2026-03-06 21:15:03.747763,10925104
2026-03-06 21:15:04.757525,10926114
2026-03-06 21:15:05.767819,10927124
2026-03-06 21:15:06.776536,10928133
2026-03-06 21:15:07.786735,10929143
2026-03-06 21:15:08.7962,10930152
2026-03-06 21:15:09.800575,10931157
2026-03-06 21:15:10.809891,10932166
2026-03-06 21:15:11.818609,10933175
2026-03-06 21:15:12.827722,10934184
2026-03-06 21:15:13.836785,10935193
2026-03-06 21:15:14.847139,10936203
2026-03-06 21:15:15.855571,10937212
2026-03-06 21:15:16.865425,10938221
2026-03-06 21:15:17.873995,10939230
2026-03-06 21:15:18.883944,10940240
2026-03-06 21:15:19.892595,10941249
2026-03-06 21:15:20.902416,10942258
2026-03-06 21:15:21.911341,10943267
2026-03-06 21:15:22.921212,10944277
2026-03-06 21:15:23.92847,10945285
2026-03-06 21:15:24.93411,10946290
2026-03-06 21:15:25.942733,10947299
2026-03-06 21:15:26.952029,10948308
2026-03-06 21:15:27.961024,10949317
2026-03-06 21:15:28.970306,10950326
2026-03-06 21:15:29.97945,10951335
2026-03-06 21:15:30.988128,10952344
2026-03-06 21:15:31.997119,10953353
2026-03-06 21:15:33.008824,10954363
2026-03-06 21:15:34.017395,10955373
2026-03-06 21:15:35.026267,10956382
2026-03-06 21:15:36.036374,10957392
2026-03-06 21:15:37.046398,10958402
2026-03-06 21:15:38.055314,10959411
2026-03-06 21:15:39.060316,10960416
2026-03-06 21:15:40.069596,10961425
2026-03-06 21:15:41.078024,10962434
2026-03-06 21:15:42.089123,10963444
2026-03-06 21:15:43.097693,10964453
2026-03-06 21:15:44.106554,10965462
2026-03-06 21:15:45.115749,10966471
2026-03-06 21:15:46.12451,10967480
2026-03-06 21:15:47.133704,10968489
2026-03-06 21:15:48.14239,10969498
2026-03-06 21:15:49.151442,10970507
2026-03-06 21:15:50.16051,10971516
2026-03-06 21:15:51.170517,10972526
2026-03-06 21:15:52.180521,10973536
2026-03-06 21:15:53.185434,10974541
2026-03-06 21:15:54.194748,10975550
2026-03-06 21:15:55.203703,10976559
2026-03-06 21:15:56.213133,10977568
2026-03-06 21:15:57.221599,10978577
2026-03-06 21:15:58.230945,10979586
2026-03-06 21:15:59.240035,10980595
2026-03-06 21:16:00.249521,10981605
2026-03-06 21:16:01.25852,10982614
2026-03-06 21:16:02.267524,10983623
2026-03-06 21:16:03.276525,10984632
2026-03-06 21:16:04.285584,10985641
2026-03-06 21:16:05.295156,10986650
2026-03-06 21:16:06.304093,10987659
2026-03-06 21:16:07.31257,10988668
2026-03-06 21:16:08.317982,10989673
2026-03-06 21:16:09.327774,10990683
2026-03-06 21:16:10.337014,10991692
2026-03-06 21:16:11.345947,10992701
2026-03-06 21:16:12.355725,10993711
2026-03-06 21:16:13.365054,10994720
2026-03-06 21:16:14.373882,10995729
2026-03-06 21:16:15.382866,10996738
2026-03-06 21:16:16.392005,10997747
2026-03-06 21:16:17.401035,10998756
2026-03-06 21:16:18.411437,10999766
2026-03-06 21:16:19.419907,11000775
2026-03-06 21:16:20.429259,11001784
2026-03-06 21:16:21.438443,11002793
2026-03-06 21:16:22.442846,11003798
2026-03-06 21:16:23.451936,11004807
2026-03-06 21:16:24.461143,11005816
2026-03-06 21:16:25.47019,11006825
2026-03-06 21:16:26.479464,11007834
2026-03-06 21:16:27.490012,11008844
2026-03-06 21:16:28.498225,11009853
2026-03-06 21:16:29.507144,11010862
2026-03-06 21:16:30.517254,11011872
2026-03-06 21:16:31.526294,11012881
2026-03-06 21:16:32.535075,11013890
2026-03-06 21:16:33.544678,11014899
2026-03-06 21:16:34.553253,11015908
2026-03-06 21:16:35.562525,11016917
2026-03-06 21:16:36.572278,11017927
2026-03-06 21:16:37.577382,11018932
2026-03-06 21:16:38.586455,11019941
2026-03-06 21:16:39.595703,11020950
2026-03-06 21:16:40.604726,11021959
2026-03-06 21:16:41.613848,11022968
2026-03-06 21:16:42.622481,11023977
2026-03-06 21:16:43.631178,11024986
2026-03-06 21:16:44.640427,11025995
2026-03-06 21:16:45.651534,11027006
2026-03-06 21:16:46.661372,11028016
2026-03-06 21:16:47.67073,11029025
2026-03-06 21:16:48.680977,11030035
2026-03-06 21:16:49.689793,11031044
2026-03-06 21:16:50.698837,11032053
2026-03-06 21:16:51.70382,11033058
2026-03-06 21:16:52.712446,11034067
2026-03-06 21:16:53.721676,11035076
2026-03-06 21:16:54.732132,11036086
2026-03-06 21:16:55.740999,11037095
2026-03-06 21:16:56.749734,11038104
2026-03-06 21:16:57.758673,11039113
2026-03-06 21:16:58.76772,11040122
2026-03-06 21:16:59.77767,11041132
2026-03-06 21:17:00.786778,11042141
2026-03-06 21:17:01.795898,11043150
2026-03-06 21:17:02.803068,11044157
2026-03-06 21:17:03.812913,11045167
2026-03-06 21:17:04.821868,11046176
2026-03-06 21:17:05.827208,11047181
2026-03-06 21:17:06.835911,11048190
2026-03-06 21:17:07.845009,11049199
2026-03-06 21:17:08.853967,11050208
2026-03-06 21:17:09.86348,11051217
2026-03-06 21:17:10.871938,11052226
2026-03-06 21:17:11.881306,11053235
2026-03-06 21:17:12.892332,11054245
2026-03-06 21:17:13.899933,11055254
2026-03-06 21:17:14.910173,11056264
2026-03-06 21:17:15.919008,11057273
2026-03-06 21:17:16.92827,11058282
2026-03-06 21:17:17.937374,11059291
2026-03-06 21:17:18.947696,11060300
2026-03-06 21:17:19.954993,11061309
2026-03-06 21:17:20.960684,11062314
2026-03-06 21:17:21.970573,11063324
2026-03-06 21:17:22.979975,11064333
2026-03-06 21:17:23.988184,11065342
2026-03-06 21:17:24.997597,11066351
2026-03-06 21:17:26.006143,11067360
2026-03-06 21:17:27.015255,11068369
2026-03-06 21:17:28.024007,11069378
2026-03-06 21:17:29.033096,11070387
2026-03-06 21:17:30.042279,11071396
2026-03-06 21:17:31.053195,11072406
2026-03-06 21:17:32.061439,11073415
2026-03-06 21:17:33.070199,11074424
2026-03-06 21:17:34.079709,11075433
2026-03-06 21:17:35.084216,11076438
2026-03-06 21:17:36.093672,11077447
2026-03-06 21:17:37.102357,11078456
2026-03-06 21:17:38.11187,11079465
2026-03-06 21:17:39.120846,11080474
2026-03-06 21:17:40.130246,11081484
2026-03-06 21:17:41.139925,11082493
2026-03-06 21:17:42.148814,11083502
2026-03-06 21:17:43.157766,11084511
2026-03-06 21:17:44.166514,11085520
2026-03-06 21:17:45.175859,11086529
2026-03-06 21:17:46.185099,11087538
2026-03-06 21:17:47.193382,11088547
2026-03-06 21:17:48.203828,11089557
2026-03-06 21:17:49.213822,11090567
2026-03-06 21:17:50.218552,11091572
2026-03-06 21:17:51.227887,11092581
2026-03-06 21:17:52.237482,11093590
2026-03-06 21:17:53.24591,11094599
2026-03-06 21:17:54.25506,11095608
2026-03-06 21:17:55.263861,11096617
2026-03-06 21:17:56.272988,11097626
2026-03-06 21:17:57.281613,11098635
2026-03-06 21:17:58.292333,11099645
2026-03-06 21:17:59.301764,11100655
2026-03-06 21:18:00.311029,11101664
2026-03-06 21:18:01.320386,11102673
2026-03-06 21:18:02.330086,11103683
2026-03-06 21:18:03.338793,11104692
2026-03-06 21:18:04.343822,11105697
2026-03-06 21:18:05.353033,11106706
2026-03-06 21:18:06.362268,11107715
2026-03-06 21:18:07.372762,11108725
2026-03-06 21:18:08.380823,11109734
2026-03-06 21:18:09.390345,11110743
2026-03-06 21:18:10.399421,11111752
2026-03-06 21:18:11.408466,11112761
2026-03-06 21:18:12.417106,11113770
2026-03-06 21:18:13.426996,11114780
2026-03-06 21:18:14.43603,11115789
2026-03-06 21:18:15.445061,11116798
2026-03-06 21:18:16.456444,11117809
2026-03-06 21:18:17.465234,11118818
2026-03-06 21:18:18.470189,11119823
2026-03-06 21:18:19.479259,11120832
2026-03-06 21:18:20.488478,11121841
2026-03-06 21:18:21.49772,11122850
2026-03-06 21:18:22.506247,11123859
2026-03-06 21:18:23.515413,11124868
2026-03-06 21:18:24.524226,11125877
2026-03-06 21:18:25.534693,11126887
2026-03-06 21:18:26.543558,11127896
2026-03-06 21:18:27.552442,11128905
2026-03-06 21:18:28.561697,11129914
2026-03-06 21:18:29.570554,11130923
2026-03-06 21:18:30.580223,11131933
2026-03-06 21:18:31.590322,11132943
2026-03-06 21:18:32.599716,11133952
2026-03-06 21:18:33.604879,11134957
2026-03-06 21:18:34.614496,11135967
2026-03-06 21:18:35.623446,11136976
2026-03-06 21:18:36.632765,11137985
2026-03-06 21:18:37.641891,11138994
2026-03-06 21:18:38.650863,11140003
2026-03-06 21:18:39.659877,11141012
2026-03-06 21:18:40.66886,11142021
2026-03-06 21:18:41.677631,11143030
2026-03-06 21:18:42.686636,11144039
2026-03-06 21:18:43.696884,11145049
2026-03-06 21:18:44.70548,11146058
2026-03-06 21:18:45.714789,11147067
2026-03-06 21:18:46.724134,11148076
2026-03-06 21:18:47.728927,11149081
2026-03-06 21:18:48.737775,11150090
2026-03-06 21:18:49.747037,11151099
2026-03-06 21:18:50.756319,11152108
2026-03-06 21:18:51.764895,11153117
2026-03-06 21:18:52.775017,11154127
2026-03-06 21:18:53.785191,11155137
2026-03-06 21:18:54.794022,11156146
2026-03-06 21:18:55.803717,11157156
2026-03-06 21:18:56.813678,11158166
2026-03-06 21:18:57.822898,11159175
2026-03-06 21:18:58.831765,11160184
2026-03-06 21:18:59.841088,11161193
2026-03-06 21:19:00.849894,11162202
2026-03-06 21:19:01.859872,11163212
2026-03-06 21:19:02.865054,11164217
2026-03-06 21:19:03.874347,11165226
2026-03-06 21:19:04.883799,11166235
2026-03-06 21:19:05.892131,11167244
2026-03-06 21:19:06.900939,11168253
2026-03-06 21:19:07.909861,11169262
2026-03-06 21:19:08.919268,11170271
2026-03-06 21:19:09.927995,11171280
2026-03-06 21:19:10.939924,11172291
2026-03-06 21:19:11.948186,11173300
2026-03-06 21:19:12.957245,11174309
2026-03-06 21:19:13.966487,11175318
2026-03-06 21:19:14.975461,11176327
2026-03-06 21:19:15.984047,11177336
2026-03-06 21:19:16.989102,11178341
2026-03-06 21:19:17.998607,11179350
2026-03-06 21:19:19.007396,11180359
2026-03-06 21:19:20.018053,11181369
2026-03-06 21:19:21.026427,11182378
2026-03-06 21:19:22.035304,11183387
2026-03-06 21:19:23.044384,11184396
2026-03-06 21:19:24.053389,11185405
2026-03-06 21:19:25.062356,11186414
2026-03-06 21:19:26.072638,11187424
2026-03-06 21:19:27.081801,11188433
2026-03-06 21:19:28.090204,11189442
2026-03-06 21:19:29.100226,11190452
2026-03-06 21:19:30.109743,11191461
2026-03-06 21:19:31.114387,11192466
2026-03-06 21:19:32.123239,11193475
2026-03-06 21:19:33.132551,11194484
2026-03-06 21:19:34.141825,11195493
2026-03-06 21:19:35.15073,11196502
2026-03-06 21:19:36.159387,11197511
2026-03-06 21:19:37.16836,11198520
2026-03-06 21:19:38.178442,11199530
2026-03-06 21:19:39.188003,11200539
2026-03-06 21:19:40.196472,11201548
2026-03-06 21:19:41.20579,11202557
2026-03-06 21:19:42.214864,11203566
2026-03-06 21:19:43.224999,11204576
2026-03-06 21:19:44.235118,11205586
2026-03-06 21:19:45.243795,11206595
2026-03-06 21:19:46.248835,11207600
2026-03-06 21:19:47.258799,11208610
2026-03-06 21:19:48.267808,11209619
2026-03-06 21:19:49.277116,11210628
2026-03-06 21:19:50.285639,11211637
2026-03-06 21:19:51.294848,11212646
2026-03-06 21:19:52.304011,11213655
2026-03-06 21:19:53.312939,11214664
2026-03-06 21:19:54.322266,11215673
2026-03-06 21:19:55.330664,11216682
2026-03-06 21:19:56.34077,11217692
2026-03-06 21:19:57.349936,11218701
2026-03-06 21:19:58.359088,11219710
2026-03-06 21:19:59.367985,11220719
2026-03-06 21:20:00.372738,11221724
2026-03-06 21:20:01.382098,11222733
2026-03-06 21:20:02.391111,11223742
2026-03-06 21:20:03.400057,11224751
2026-03-06 21:20:04.409016,11225760
2026-03-06 21:20:05.419098,11226770
2026-03-06 21:20:06.427913,11227779
2026-03-06 21:20:07.43746,11228788
2026-03-06 21:20:08.445912,11229797
2026-03-06 21:20:09.45518,11230806
2026-03-06 21:20:10.464236,11231815
2026-03-06 21:20:11.473231,11232824
2026-03-06 21:20:12.481981,11233833
2026-03-06 21:20:13.491287,11234842
2026-03-06 21:20:14.501145,11235852
2026-03-06 21:20:15.506203,11236857
2026-03-06 21:20:16.515,11237866
2026-03-06 21:20:17.524547,11238875
2026-03-06 21:20:18.533237,11239884
2026-03-06 21:20:19.542685,11240893
2026-03-06 21:20:20.551163,11241902
2026-03-06 21:20:21.56039,11242911
2026-03-06 21:20:22.569396,11243920
2026-03-06 21:20:23.579482,11244930
2026-03-06 21:20:24.588656,11245939
2026-03-06 21:20:25.597458,11246948
2026-03-06 21:20:26.606596,11247957
2026-03-06 21:20:27.615378,11248966
2026-03-06 21:20:28.624764,11249975
2026-03-06 21:20:29.629673,11250980
2026-03-06 21:20:30.638777,11251989
2026-03-06 21:20:31.64741,11252998
2026-03-06 21:20:32.657672,11254008
2026-03-06 21:20:33.666522,11255017
2026-03-06 21:20:34.675645,11256026
2026-03-06 21:20:35.684572,11257035
2026-03-06 21:20:36.693618,11258044
2026-03-06 21:20:37.702315,11259053
2026-03-06 21:20:38.712544,11260063
2026-03-06 21:20:39.721792,11261072
2026-03-06 21:20:40.730678,11262081
2026-03-06 21:20:41.741596,11263092
2026-03-06 21:20:42.750923,11264101
2026-03-06 21:20:43.755722,11265106
2026-03-06 21:20:44.764427,11266115
2026-03-06 21:20:45.773888,11267124
2026-03-06 21:20:46.782641,11268133
2026-03-06 21:20:47.791801,11269142
2026-03-06 21:20:48.800614,11270151
2026-03-06 21:20:49.80962,11271160
2026-03-06 21:20:50.819436,11272170
2026-03-06 21:20:51.829064,11273179
2026-03-06 21:20:52.837925,11274188
2026-03-06 21:20:53.84701,11275197
2026-03-06 21:20:54.856229,11276206
2026-03-06 21:20:55.865752,11277216
2026-03-06 21:20:56.875915,11278226
2026-03-06 21:20:57.885217,11279235
2026-03-06 21:20:58.890002,11280240
2026-03-06 21:20:59.89989,11281250
2026-03-06 21:21:00.908667,11282259
2026-03-06 21:21:01.918228,11283268
2026-03-06 21:21:02.927238,11284277
2026-03-06 21:21:03.936247,11285286
2026-03-06 21:21:04.944802,11286295
2026-03-06 21:21:05.954022,11287304
2026-03-06 21:21:06.963161,11288313
2026-03-06 21:21:07.971836,11289322
2026-03-06 21:21:08.982116,11290332
2026-03-06 21:21:09.991422,11291341
2026-03-06 21:21:11.000229,11292350
2026-03-06 21:21:12.009451,11293359
2026-03-06 21:21:13.014391,11294364
2026-03-06 21:21:14.023107,11295373
2026-03-06 21:21:15.032012,11296382
2026-03-06 21:21:16.041583,11297391
2026-03-06 21:21:17.050112,11298400
2026-03-06 21:21:18.060137,11299410
2026-03-06 21:21:19.070777,11300420
2026-03-06 21:21:20.07961,11301429
2026-03-06 21:21:21.089374,11302439
2026-03-06 21:21:22.099144,11303449
2026-03-06 21:21:23.108353,11304458
2026-03-06 21:21:24.117494,11305467
2026-03-06 21:21:25.126486,11306476
2026-03-06 21:21:26.135527,11307485
2026-03-06 21:21:27.145222,11308495
2026-03-06 21:21:28.150288,11309500
2026-03-06 21:21:29.159529,11310509
2026-03-06 21:21:30.168464,11311518
2026-03-06 21:21:31.177179,11312527
2026-03-06 21:21:32.186604,11313536
2026-03-06 21:21:33.195338,11314545
2026-03-06 21:21:34.204084,11315554
2026-03-06 21:21:35.213445,11316563
2026-03-06 21:21:36.22418,11317574
2026-03-06 21:21:37.233566,11318583
2026-03-06 21:21:38.242477,11319592
2026-03-06 21:21:39.25189,11320601
2026-03-06 21:21:40.260491,11321610
2026-03-06 21:21:41.269586,11322619
2026-03-06 21:21:42.274851,11323624
2026-03-06 21:21:43.28367,11324633
2026-03-06 21:21:44.292694,11325642
2026-03-06 21:21:45.302729,11326652
2026-03-06 21:21:46.311833,11327661
2026-03-06 21:21:47.320558,11328670
2026-03-06 21:21:48.329526,11329679
2026-03-06 21:21:49.338862,11330688
2026-03-06 21:21:50.348018,11331697
2026-03-06 21:21:51.357933,11332707
2026-03-06 21:21:52.36668,11333716
2026-03-06 21:21:53.376063,11334725
2026-03-06 21:21:54.386961,11335735
2026-03-06 21:21:55.394973,11336744
2026-03-06 21:21:56.399658,11337749
2026-03-06 21:21:57.409047,11338758
2026-03-06 21:21:58.417715,11339767
2026-03-06 21:21:59.426938,11340776
2026-03-06 21:22:00.436149,11341785
2026-03-06 21:22:01.44512,11342794
2026-03-06 21:22:02.453732,11343803
2026-03-06 21:22:03.464086,11344813
2026-03-06 21:22:04.472957,11345822
2026-03-06 21:22:05.48236,11346831
2026-03-06 21:22:06.491176,11347840
2026-03-06 21:22:07.500317,11348849
2026-03-06 21:22:08.510177,11349859
2026-03-06 21:22:09.520376,11350869
2026-03-06 21:22:10.528871,11351878
2026-03-06 21:22:11.534091,11352883
2026-03-06 21:22:12.544135,11353893
2026-03-06 21:22:13.552985,11354902
2026-03-06 21:22:14.562187,11355911
2026-03-06 21:22:15.571288,11356920
2026-03-06 21:22:16.580191,11357929
2026-03-06 21:22:17.589011,11358938
2026-03-06 21:22:18.598134,11359947
2026-03-06 21:22:19.60708,11360956
2026-03-06 21:22:20.616167,11361965
2026-03-06 21:22:21.626073,11362975
2026-03-06 21:22:22.635348,11363984
2026-03-06 21:22:23.644134,11364993
2026-03-06 21:22:24.653568,11366002
2026-03-06 21:22:25.658301,11367007
2026-03-06 21:22:26.66729,11368016
2026-03-06 21:22:27.676424,11369025
2026-03-06 21:22:28.685551,11370034
2026-03-06 21:22:29.694034,11371043
2026-03-06 21:22:30.704058,11372053
2026-03-06 21:22:31.713741,11373062
2026-03-06 21:22:32.722358,11374071
2026-03-06 21:22:33.731705,11375080
2026-03-06 21:22:34.740305,11376089
2026-03-06 21:22:35.74956,11377098
2026-03-06 21:22:36.758414,11378107
2026-03-06 21:22:37.767759,11379116
2026-03-06 21:22:38.776308,11380125
2026-03-06 21:22:39.785918,11381135
2026-03-06 21:22:40.791539,11382140
2026-03-06 21:22:41.800641,11383149
2026-03-06 21:22:42.809554,11384158
2026-03-06 21:22:43.818294,11385167
2026-03-06 21:22:44.827588,11386176
2026-03-06 21:22:45.836671,11387185
2026-03-06 21:22:46.845587,11388194
2026-03-06 21:22:47.854816,11389203
2026-03-06 21:22:48.864518,11390213
2026-03-06 21:22:49.873686,11391222
2026-03-06 21:22:50.882533,11392231
2026-03-06 21:22:51.891356,11393240
2026-03-06 21:22:52.901054,11394249
2026-03-06 21:22:53.909649,11395258
2026-03-06 21:22:54.914951,11396263
2026-03-06 21:22:55.923807,11397272
2026-03-06 21:22:56.932601,11398281
2026-03-06 21:22:57.942523,11399291
2026-03-06 21:22:58.952033,11400300
2026-03-06 21:22:59.960892,11401309
2026-03-06 21:23:00.969975,11402318
2026-03-06 21:23:01.979041,11403327
2026-03-06 21:23:02.987645,11404336
2026-03-06 21:23:03.997933,11405346
2026-03-06 21:23:05.006885,11406355
2026-03-06 21:23:06.015763,11407364
2026-03-06 21:23:07.027714,11408375
2026-03-06 21:23:08.035963,11409384
2026-03-06 21:23:09.041246,11410389
2026-03-06 21:23:10.050314,11411398
2026-03-06 21:23:11.059064,11412407
2026-03-06 21:23:12.068135,11413416
2026-03-06 21:23:13.076924,11414425
2026-03-06 21:23:14.086063,11415434
2026-03-06 21:23:15.094828,11416443
2026-03-06 21:23:16.104959,11417453
2026-03-06 21:23:17.114261,11418462
2026-03-06 21:23:18.123197,11419471
2026-03-06 21:23:19.131916,11420480
2026-03-06 21:23:20.141362,11421489
2026-03-06 21:23:21.151252,11422499
2026-03-06 21:23:22.161483,11423509
2026-03-06 21:23:23.170454,11424518
2026-03-06 21:23:24.174945,11425523
2026-03-06 21:23:25.184992,11426533
2026-03-06 21:23:26.193985,11427542
2026-03-06 21:23:27.202951,11428551
2026-03-06 21:23:28.212354,11429560
2026-03-06 21:23:29.221323,11430569
2026-03-06 21:23:30.230092,11431578
2026-03-06 21:23:31.239415,11432587
2026-03-06 21:23:32.248082,11433596
2026-03-06 21:23:33.257292,11434605
2026-03-06 21:23:34.267162,11435615
2026-03-06 21:23:35.276504,11436624
2026-03-06 21:23:36.285667,11437633
2026-03-06 21:23:37.294432,11438642
2026-03-06 21:23:38.299407,11439647
2026-03-06 21:23:39.308439,11440656
2026-03-06 21:23:40.317111,11441665
2026-03-06 21:23:41.326278,11442674
2026-03-06 21:23:42.335709,11443683
2026-03-06 21:23:43.345344,11444693
2026-03-06 21:23:44.355208,11445703
2026-03-06 21:23:45.364362,11446712
2026-03-06 21:23:46.374352,11447722
2026-03-06 21:23:47.384888,11448732
2026-03-06 21:23:48.393698,11449741
2026-03-06 21:23:49.40259,11450750
2026-03-06 21:23:50.411494,11451759
2026-03-06 21:23:51.420571,11452768
2026-03-06 21:23:52.43047,11453778
2026-03-06 21:23:53.435666,11454783
2026-03-06 21:23:54.444833,11455792
2026-03-06 21:23:55.453381,11456801
2026-03-06 21:23:56.462941,11457810
2026-03-06 21:23:57.471717,11458819
2026-03-06 21:23:58.480789,11459828
2026-03-06 21:23:59.489664,11460837
2026-03-06 21:24:00.498699,11461846
2026-03-06 21:24:01.509938,11462857
2026-03-06 21:24:02.51877,11463866
2026-03-06 21:24:03.527661,11464875
2026-03-06 21:24:04.536889,11465884
2026-03-06 21:24:05.545961,11466893
2026-03-06 21:24:06.554727,11467902
2026-03-06 21:24:07.559685,11468907
2026-03-06 21:24:08.568659,11469916
2026-03-06 21:24:09.577533,11470925
2026-03-06 21:24:10.587755,11471935
2026-03-06 21:24:11.59702,11472944
2026-03-06 21:24:12.606054,11473953
2026-03-06 21:24:13.615331,11474962
2026-03-06 21:24:14.624064,11475971
2026-03-06 21:24:15.633055,11476980
2026-03-06 21:24:16.643168,11477990
2026-03-06 21:24:17.652258,11478999
2026-03-06 21:24:18.661027,11480008
2026-03-06 21:24:19.671502,11481018
2026-03-06 21:24:20.68032,11482027
2026-03-06 21:24:21.684832,11483032
2026-03-06 21:24:22.694571,11484041
2026-03-06 21:24:23.703043,11485050
2026-03-06 21:24:24.712934,11486059
2026-03-06 21:24:25.721239,11487068
2026-03-06 21:24:26.72998,11488077
2026-03-06 21:24:27.739214,11489086
2026-03-06 21:24:28.749069,11490096
2026-03-06 21:24:29.758156,11491105
2026-03-06 21:24:30.767245,11492114
2026-03-06 21:24:31.776476,11493123
2026-03-06 21:24:32.784927,11494132
2026-03-06 21:24:33.795376,11495142
2026-03-06 21:24:34.805362,11496152
2026-03-06 21:24:35.814491,11497161
2026-03-06 21:24:36.819316,11498166
2026-03-06 21:24:37.829691,11499176
2026-03-06 21:24:38.838118,11500185
2026-03-06 21:24:39.847219,11501194
2026-03-06 21:24:40.856062,11502203
2026-03-06 21:24:41.86522,11503212
2026-03-06 21:24:42.874434,11504221
2026-03-06 21:24:43.883564,11505230
2026-03-06 21:24:44.892589,11506239
2026-03-06 21:24:45.901787,11507248
2026-03-06 21:24:46.911085,11508258
2026-03-06 21:24:47.920662,11509267
2026-03-06 21:24:48.929698,11510276
2026-03-06 21:24:49.938534,11511285
2026-03-06 21:24:50.94336,11512290
2026-03-06 21:24:51.95275,11513299
2026-03-06 21:24:52.961362,11514308
2026-03-06 21:24:53.970769,11515317
2026-03-06 21:24:54.97957,11516326
2026-03-06 21:24:55.989516,11517336
2026-03-06 21:24:56.998267,11518345
2026-03-06 21:24:58.007656,11519354
2026-03-06 21:24:59.016433,11520363
2026-03-06 21:25:00.025291,11521372
2026-03-06 21:25:01.034996,11522381
2026-03-06 21:25:02.043356,11523390
2026-03-06 21:25:03.052854,11524399
2026-03-06 21:25:04.061312,11525408
2026-03-06 21:25:05.071437,11526418
2026-03-06 21:25:06.076367,11527423
2026-03-06 21:25:07.085569,11528432
2026-03-06 21:25:08.09483,11529441
2026-03-06 21:25:09.103679,11530450
2026-03-06 21:25:10.112868,11531459
2026-03-06 21:25:11.121766,11532468
2026-03-06 21:25:12.131051,11533477
2026-03-06 21:25:13.139822,11534486
2026-03-06 21:25:14.149521,11535496
2026-03-06 21:25:15.158703,11536505
2026-03-06 21:25:16.168032,11537514
2026-03-06 21:25:17.176799,11538523
2026-03-06 21:25:18.186148,11539532
2026-03-06 21:25:19.19494,11540541
2026-03-06 21:25:20.199984,11541546
2026-03-06 21:25:21.209203,11542555
2026-03-06 21:25:22.217761,11543564
2026-03-06 21:25:23.227576,11544574
2026-03-06 21:25:24.237084,11545583
2026-03-06 21:25:25.24607,11546592
2026-03-06 21:25:26.255081,11547601
2026-03-06 21:25:27.264304,11548610
2026-03-06 21:25:28.272871,11549619
2026-03-06 21:25:29.282981,11550629
2026-03-06 21:25:30.292347,11551638
2026-03-06 21:25:31.300894,11552647
2026-03-06 21:25:32.311758,11553658
2026-03-06 21:25:33.321021,11554667
2026-03-06 21:25:34.325801,11555672
2026-03-06 21:25:35.334979,11556681
2026-03-06 21:25:36.344172,11557690
2026-03-06 21:25:37.353333,11558699
2026-03-06 21:25:38.361937,11559708
2026-03-06 21:25:39.371058,11560717
2026-03-06 21:25:40.380402,11561726
2026-03-06 21:25:41.390143,11562736
2026-03-06 21:25:42.399425,11563745
2026-03-06 21:25:43.408284,11564754
2026-03-06 21:25:44.417132,11565763
2026-03-06 21:25:45.426232,11566772
2026-03-06 21:25:46.436273,11567782
2026-03-06 21:25:47.446084,11568792
2026-03-06 21:25:48.455123,11569801
2026-03-06 21:25:49.459997,11570806
2026-03-06 21:25:50.470894,11571816
2026-03-06 21:25:51.479038,11572825
2026-03-06 21:25:52.488444,11573834
2026-03-06 21:25:53.497273,11574843
2026-03-06 21:25:54.506374,11575852
2026-03-06 21:25:55.515479,11576861
2026-03-06 21:25:56.524548,11577870
2026-03-06 21:25:57.533348,11578879
2026-03-06 21:25:58.542687,11579888
2026-03-06 21:25:59.55248,11580898
2026-03-06 21:26:00.561284,11581907
2026-03-06 21:26:01.570697,11582916
2026-03-06 21:26:02.579256,11583925
2026-03-06 21:26:03.584711,11584930
2026-03-06 21:26:04.593326,11585939
2026-03-06 21:26:05.602598,11586948
2026-03-06 21:26:06.611252,11587957
2026-03-06 21:26:07.620481,11588966
2026-03-06 21:26:08.630892,11589976
2026-03-06 21:26:09.640504,11590986
2026-03-06 21:26:10.649858,11591995
2026-03-06 21:26:11.659708,11593005
2026-03-06 21:26:12.669496,11594015
2026-03-06 21:26:13.678904,11595024
2026-03-06 21:26:14.6879,11596033
2026-03-06 21:26:15.696815,11597042
2026-03-06 21:26:16.705496,11598051
2026-03-06 21:26:17.715341,11599061
2026-03-06 21:26:18.720881,11600066
2026-03-06 21:26:19.729546,11601075
2026-03-06 21:26:20.738741,11602084
2026-03-06 21:26:21.74753,11603093
2026-03-06 21:26:22.756876,11604102
2026-03-06 21:26:23.765844,11605111
2026-03-06 21:26:24.774653,11606120
2026-03-06 21:26:25.784042,11607129
2026-03-06 21:26:26.794539,11608140
2026-03-06 21:26:27.803649,11609149
2026-03-06 21:26:28.81305,11610158
2026-03-06 21:26:29.821857,11611167
2026-03-06 21:26:30.831068,11612176
2026-03-06 21:26:31.840322,11613185
2026-03-06 21:26:32.845092,11614190
2026-03-06 21:26:33.854007,11615199
2026-03-06 21:26:34.86275,11616208
2026-03-06 21:26:35.872796,11617218
2026-03-06 21:26:36.882287,11618227
2026-03-06 21:26:37.891017,11619236
2026-03-06 21:26:38.899667,11620245
2026-03-06 21:26:39.909109,11621254
2026-03-06 21:26:40.918095,11622263
2026-03-06 21:26:41.927892,11623273
2026-03-06 21:26:42.936889,11624282
2026-03-06 21:26:43.946003,11625291
2026-03-06 21:26:44.956038,11626301
2026-03-06 21:26:45.965734,11627310
2026-03-06 21:26:46.969834,11628315
2026-03-06 21:26:47.979467,11629324
2026-03-06 21:26:48.988242,11630333
2026-03-06 21:26:49.997106,11631342
2026-03-06 21:26:51.006226,11632351
2026-03-06 21:26:52.01525,11633360
2026-03-06 21:26:53.023963,11634369
2026-03-06 21:26:54.034377,11635379
2026-03-06 21:26:55.043143,11636388
2026-03-06 21:26:56.052187,11637397
2026-03-06 21:26:57.061574,11638406
2026-03-06 21:26:58.070469,11639415
2026-03-06 21:26:59.080545,11640425
2026-03-06 21:27:00.090146,11641435
2026-03-06 21:27:01.099022,11642444
2026-03-06 21:27:02.104397,11643449
2026-03-06 21:27:03.114202,11644459
2026-03-06 21:27:04.123348,11645468
2026-03-06 21:27:05.132149,11646477
2026-03-06 21:27:06.141386,11647486
2026-03-06 21:27:07.150459,11648495
2026-03-06 21:27:08.159186,11649504
2026-03-06 21:27:09.168401,11650513
2026-03-06 21:27:10.17739,11651522
2026-03-06 21:27:11.186579,11652531
2026-03-06 21:27:12.196275,11653541
2026-03-06 21:27:13.205488,11654550
2026-03-06 21:27:14.214205,11655559
2026-03-06 21:27:15.223812,11656568
2026-03-06 21:27:16.228362,11657573
2026-03-06 21:27:17.237228,11658582
2026-03-06 21:27:18.246511,11659591
2026-03-06 21:27:19.255542,11660600
2026-03-06 21:27:20.264246,11661609
2026-03-06 21:27:21.274446,11662619
2026-03-06 21:27:22.283783,11663628
2026-03-06 21:27:23.293053,11664637
2026-03-06 21:27:24.301734,11665646
2026-03-06 21:27:25.310566,11666655
2026-03-06 21:27:26.319431,11667664
2026-03-06 21:27:27.328834,11668673
2026-03-06 21:27:28.337697,11669682
2026-03-06 21:27:29.346858,11670691
2026-03-06 21:27:30.356233,11671701
2026-03-06 21:27:31.361854,11672706
2026-03-06 21:27:32.370919,11673715
2026-03-06 21:27:33.380077,11674724
2026-03-06 21:27:34.388579,11675733
2026-03-06 21:27:35.398011,11676742
2026-03-06 21:27:36.406795,11677751
2026-03-06 21:27:37.416144,11678760
2026-03-06 21:27:38.424689,11679769
2026-03-06 21:27:39.434805,11680779
2026-03-06 21:27:40.443724,11681788
2026-03-06 21:27:41.452766,11682797
2026-03-06 21:27:42.461592,11683806
2026-03-06 21:27:43.471173,11684815
2026-03-06 21:27:44.479849,11685824
2026-03-06 21:27:45.484685,11686829
2026-03-06 21:27:46.494025,11687838
2026-03-06 21:27:47.502921,11688847
2026-03-06 21:27:48.512849,11689857
2026-03-06 21:27:49.521998,11690866
2026-03-06 21:27:50.530969,11691875
2026-03-06 21:27:51.540075,11692884
2026-03-06 21:27:52.548821,11693893
2026-03-06 21:27:53.558052,11694902
2026-03-06 21:27:54.567793,11695912
2026-03-06 21:27:55.576749,11696921
2026-03-06 21:27:56.586198,11697930
2026-03-06 21:27:57.597362,11698941
2026-03-06 21:27:58.606288,11699950
2026-03-06 21:27:59.610904,11700955
2026-03-06 21:28:00.620039,11701964
2026-03-06 21:28:01.628964,11702973
2026-03-06 21:28:02.638427,11703982
2026-03-06 21:28:03.647047,11704991
2026-03-06 21:28:04.656401,11706000
2026-03-06 21:28:05.664921,11707009
2026-03-06 21:28:06.675112,11708019
2026-03-06 21:28:07.68398,11709028
2026-03-06 21:28:08.693438,11710037
2026-03-06 21:28:09.702442,11711046
2026-03-06 21:28:10.711291,11712055
2026-03-06 21:28:11.721644,11713065
2026-03-06 21:28:12.731053,11714075
2026-03-06 21:28:13.74031,11715084
2026-03-06 21:28:14.745532,11716089
2026-03-06 21:28:15.754979,11717099
2026-03-06 21:28:16.764444,11718108
2026-03-06 21:28:17.773366,11719117
2026-03-06 21:28:18.782287,11720126
2026-03-06 21:28:19.791278,11721135
2026-03-06 21:28:20.800091,11722144
2026-03-06 21:28:21.809618,11723153
2026-03-06 21:28:22.818164,11724162
2026-03-06 21:28:23.827347,11725171
2026-03-06 21:28:24.837331,11726181
2026-03-06 21:28:25.846592,11727190
2026-03-06 21:28:26.855509,11728199
2026-03-06 21:28:27.864463,11729208
2026-03-06 21:28:28.869723,11730213
2026-03-06 21:28:29.878489,11731222
2026-03-06 21:28:30.887806,11732231
2026-03-06 21:28:31.896813,11733240
2026-03-06 21:28:32.905661,11734249
2026-03-06 21:28:33.915482,11735259
2026-03-06 21:28:34.925717,11736269
2026-03-06 21:28:35.934317,11737278
2026-03-06 21:28:36.944885,11738288
2026-03-06 21:28:37.954616,11739298
2026-03-06 21:28:38.963536,11740307
2026-03-06 21:28:39.972435,11741316
2026-03-06 21:28:40.98155,11742325
2026-03-06 21:28:41.990458,11743334
2026-03-06 21:28:43.00024,11744344
2026-03-06 21:28:44.005954,11745349
2026-03-06 21:28:45.015023,11746358
2026-03-06 21:28:46.024004,11747367
2026-03-06 21:28:47.032423,11748376
2026-03-06 21:28:48.042055,11749385
2026-03-06 21:28:49.050974,11750394
2026-03-06 21:28:50.060054,11751403
2026-03-06 21:28:51.06898,11752412
2026-03-06 21:28:52.079558,11753423
2026-03-06 21:28:53.088655,11754432
2026-03-06 21:28:54.097941,11755441
2026-03-06 21:28:55.106682,11756450
2026-03-06 21:28:56.116058,11757459
2026-03-06 21:28:57.124837,11758468
2026-03-06 21:28:58.129773,11759473
2026-03-06 21:28:59.13917,11760482
2026-03-06 21:29:00.147877,11761491
2026-03-06 21:29:01.157936,11762501
2026-03-06 21:29:02.167006,11763510
2026-03-06 21:29:03.175671,11764519
2026-03-06 21:29:04.184773,11765528
2026-03-06 21:29:05.19395,11766537
2026-03-06 21:29:06.203268,11767546
2026-03-06 21:29:07.213071,11768556
2026-03-06 21:29:08.222123,11769565
2026-03-06 21:29:09.230784,11770574
2026-03-06 21:29:10.240876,11771584
2026-03-06 21:29:11.250258,11772593
2026-03-06 21:29:12.254723,11773598
2026-03-06 21:29:13.264166,11774607
2026-03-06 21:29:14.273328,11775616
2026-03-06 21:29:15.282131,11776625
2026-03-06 21:29:16.290929,11777634
2026-03-06 21:29:17.29996,11778643
2026-03-06 21:29:18.30922,11779652
2026-03-06 21:29:19.319126,11780662
2026-03-06 21:29:20.328258,11781671
2026-03-06 21:29:21.337168,11782680
2026-03-06 21:29:22.346028,11783689
2026-03-06 21:29:23.354903,11784698
2026-03-06 21:29:24.365274,11785708
2026-03-06 21:29:25.375307,11786718
2026-03-06 21:29:26.384394,11787727
2026-03-06 21:29:27.389004,11788732
2026-03-06 21:29:28.399723,11789742
2026-03-06 21:29:29.408155,11790751
2026-03-06 21:29:30.417152,11791760
2026-03-06 21:29:31.42655,11792769
2026-03-06 21:29:32.43554,11793778
2026-03-06 21:29:33.444299,11794787
2026-03-06 21:29:34.453631,11795796
2026-03-06 21:29:35.462465,11796805
2026-03-06 21:29:36.471611,11797814
2026-03-06 21:29:37.481045,11798824
2026-03-06 21:29:38.490437,11799833
2026-03-06 21:29:39.499346,11800842
2026-03-06 21:29:40.508346,11801851
2026-03-06 21:29:41.513362,11802856
2026-03-06 21:29:42.522235,11803865
2026-03-06 21:29:43.531661,11804874
2026-03-06 21:29:44.540288,11805883
2026-03-06 21:29:45.549558,11806892
2026-03-06 21:29:46.559568,11807902
2026-03-06 21:29:47.568733,11808911
2026-03-06 21:29:48.577258,11809920
2026-03-06 21:29:49.586674,11810929
2026-03-06 21:29:50.595462,11811938
2026-03-06 21:29:51.60429,11812947
2026-03-06 21:29:52.613865,11813956
2026-03-06 21:29:53.622694,11814965
2026-03-06 21:29:54.631814,11815974
2026-03-06 21:29:55.641137,11816984
2026-03-06 21:29:56.646543,11817989
2026-03-06 21:29:57.655571,11818998
2026-03-06 21:29:58.664676,11820007
2026-03-06 21:29:59.673802,11821016
2026-03-06 21:30:00.682734,11822025
2026-03-06 21:30:01.691764,11823034
2026-03-06 21:30:02.700534,11824043
2026-03-06 21:30:03.709873,11825052
2026-03-06 21:30:04.719391,11826062
2026-03-06 21:30:05.728766,11827071
2026-03-06 21:30:06.737751,11828080
2026-03-06 21:30:07.746437,11829089
2026-03-06 21:30:08.755557,11830098
2026-03-06 21:30:09.764934,11831107
2026-03-06 21:30:10.769697,11832112
2026-03-06 21:30:11.779041,11833121
2026-03-06 21:30:12.788072,11834130
2026-03-06 21:30:13.797611,11835140
2026-03-06 21:30:14.807079,11836149
2026-03-06 21:30:15.815754,11837158
2026-03-06 21:30:16.825085,11838167
2026-03-06 21:30:17.834112,11839176
2026-03-06 21:30:18.842728,11840185
2026-03-06 21:30:19.853081,11841195
2026-03-06 21:30:20.861898,11842204
2026-03-06 21:30:21.870838,11843213
2026-03-06 21:30:22.881704,11844224
2026-03-06 21:30:23.890854,11845233
2026-03-06 21:30:24.895812,11846238
2026-03-06 21:30:25.905004,11847247
2026-03-06 21:30:26.914264,11848256
2026-03-06 21:30:27.923253,11849265
2026-03-06 21:30:28.932319,11850274
2026-03-06 21:30:29.941099,11851283
2026-03-06 21:30:30.95025,11852292
2026-03-06 21:30:31.959885,11853302
2026-03-06 21:30:32.96893,11854311
2026-03-06 21:30:33.978386,11855320
2026-03-06 21:30:34.987189,11856329
2026-03-06 21:30:35.995872,11857338
2026-03-06 21:30:37.006289,11858348
2026-03-06 21:30:38.016237,11859358
2026-03-06 21:30:39.025425,11860367
2026-03-06 21:30:40.030463,11861372
2026-03-06 21:30:41.040249,11862382
2026-03-06 21:30:42.049283,11863391
2026-03-06 21:30:43.058422,11864400
2026-03-06 21:30:44.067126,11865409
2026-03-06 21:30:45.076017,11866418
2026-03-06 21:30:46.085039,11867427
2026-03-06 21:30:47.094384,11868436
2026-03-06 21:30:48.10304,11869445
2026-03-06 21:30:49.112241,11870454
2026-03-06 21:30:50.122572,11871464
2026-03-06 21:30:51.131213,11872473
2026-03-06 21:30:52.140475,11873482
2026-03-06 21:30:53.149664,11874491
2026-03-06 21:30:54.154138,11875496
2026-03-06 21:30:55.163763,11876505
2026-03-06 21:30:56.172492,11877514
2026-03-06 21:30:57.181231,11878523
2026-03-06 21:30:58.190561,11879532
2026-03-06 21:30:59.200737,11880542
2026-03-06 21:31:00.210766,11881552
2026-03-06 21:31:01.219286,11882561
2026-03-06 21:31:02.22938,11883571
2026-03-06 21:31:03.239476,11884581
2026-03-06 21:31:04.248254,11885590
2026-03-06 21:31:05.25752,11886599
2026-03-06 21:31:06.266617,11887608
2026-03-06 21:31:07.27535,11888617
2026-03-06 21:31:08.285251,11889627
2026-03-06 21:31:09.290568,11890632
2026-03-06 21:31:10.299344,11891641
2026-03-06 21:31:11.308433,11892650
2026-03-06 21:31:12.317935,11893659
2026-03-06 21:31:13.326532,11894668
2026-03-06 21:31:14.335438,11895677
2026-03-06 21:31:15.34458,11896686
2026-03-06 21:31:16.353687,11897695
2026-03-06 21:31:17.364416,11898706
2026-03-06 21:31:18.373841,11899715
2026-03-06 21:31:19.382876,11900724
2026-03-06 21:31:20.391526,11901733
2026-03-06 21:31:21.400663,11902742
2026-03-06 21:31:22.409887,11903751
2026-03-06 21:31:23.414866,11904756
2026-03-06 21:31:24.424078,11905765
2026-03-06 21:31:25.432547,11906774
2026-03-06 21:31:26.443155,11907784
2026-03-06 21:31:27.451903,11908793
2026-03-06 21:31:28.460753,11909802
2026-03-06 21:31:29.469819,11910811
2026-03-06 21:31:30.478735,11911820
2026-03-06 21:31:31.487659,11912829
2026-03-06 21:31:32.498144,11913839
2026-03-06 21:31:33.506803,11914848
2026-03-06 21:31:34.515944,11915857
2026-03-06 21:31:35.526088,11916867
2026-03-06 21:31:36.534719,11917876
2026-03-06 21:31:37.540311,11918881
2026-03-06 21:31:38.548927,11919890
2026-03-06 21:31:39.557697,11920899
2026-03-06 21:31:40.56733,11921908
2026-03-06 21:31:41.576115,11922917
2026-03-06 21:31:42.585181,11923926
2026-03-06 21:31:43.593816,11924935
2026-03-06 21:31:44.604014,11925945
2026-03-06 21:31:45.612877,11926954
2026-03-06 21:31:46.62228,11927963
2026-03-06 21:31:47.630944,11928972
2026-03-06 21:31:48.640357,11929981
2026-03-06 21:31:49.649938,11930991
2026-03-06 21:31:50.660386,11932001
2026-03-06 21:31:51.668923,11933010
2026-03-06 21:31:52.674309,11934015
2026-03-06 21:31:53.68396,11935025
2026-03-06 21:31:54.6934,11936034
2026-03-06 21:31:55.702299,11937043
2026-03-06 21:31:56.711364,11938052
2026-03-06 21:31:57.720396,11939061
2026-03-06 21:31:58.72943,11940070
2026-03-06 21:31:59.738347,11941079
2026-03-06 21:32:00.747476,11942088
2026-03-06 21:32:01.756153,11943097
2026-03-06 21:32:02.766114,11944107
2026-03-06 21:32:03.775317,11945116
2026-03-06 21:32:04.784346,11946125
2026-03-06 21:32:05.793263,11947134
2026-03-06 21:32:06.798287,11948139
2026-03-06 21:32:07.807601,11949148
2026-03-06 21:32:08.816366,11950157
2026-03-06 21:32:09.825583,11951166
2026-03-06 21:32:10.834106,11952175
2026-03-06 21:32:11.84418,11953185
2026-03-06 21:32:12.85359,11954194
2026-03-06 21:32:13.862405,11955203
2026-03-06 21:32:14.871332,11956212
2026-03-06 21:32:15.880408,11957221
2026-03-06 21:32:16.889247,11958230
2026-03-06 21:32:17.898487,11959239
2026-03-06 21:32:18.907391,11960248
2026-03-06 21:32:19.91661,11961257
2026-03-06 21:32:20.926364,11962267
2026-03-06 21:32:21.931763,11963272
2026-03-06 21:32:22.940654,11964281
2026-03-06 21:32:23.949484,11965290
2026-03-06 21:32:24.958558,11966299
2026-03-06 21:32:25.967665,11967308
2026-03-06 21:32:26.976687,11968317
2026-03-06 21:32:27.985987,11969326
2026-03-06 21:32:28.994716,11970335
2026-03-06 21:32:30.004415,11971345
2026-03-06 21:32:31.013808,11972354
2026-03-06 21:32:32.022397,11973363
2026-03-06 21:32:33.031615,11974372
2026-03-06 21:32:34.040926,11975381
2026-03-06 21:32:35.04997,11976390
2026-03-06 21:32:36.054435,11977395
2026-03-06 21:32:37.064003,11978404
2026-03-06 21:32:38.072771,11979413
2026-03-06 21:32:39.082591,11980423
2026-03-06 21:32:40.091465,11981432
2026-03-06 21:32:41.100736,11982441
2026-03-06 21:32:42.110531,11983450
2026-03-06 21:32:43.118835,11984459
2026-03-06 21:32:44.127834,11985468
2026-03-06 21:32:45.13759,11986478
2026-03-06 21:32:46.148284,11987487
2026-03-06 21:32:47.155953,11988496
2026-03-06 21:32:48.167747,11989507
2026-03-06 21:32:49.176312,11990516
2026-03-06 21:32:50.181255,11991521
2026-03-06 21:32:51.190176,11992530
2026-03-06 21:32:52.198967,11993539
2026-03-06 21:32:53.208182,11994548
2026-03-06 21:32:54.217438,11995557
2026-03-06 21:32:55.22574,11996566
2026-03-06 21:32:56.234989,11997575
2026-03-06 21:32:57.245894,11998585
2026-03-06 21:32:58.254419,11999594
2026-03-06 21:32:59.263545,12000603
2026-03-06 21:33:00.272368,12001612
2026-03-06 21:33:01.281141,12002621
2026-03-06 21:33:02.291132,12003631
2026-03-06 21:33:03.300972,12004641
2026-03-06 21:33:04.311476,12005650
2026-03-06 21:33:05.315082,12006655
2026-03-06 21:33:06.326636,12007665
2026-03-06 21:33:07.334247,12008674
2026-03-06 21:33:08.343619,12009683
2026-03-06 21:33:09.352016,12010692
2026-03-06 21:33:10.361063,12011701
2026-03-06 21:33:11.370413,12012710
2026-03-06 21:33:12.380832,12013719
2026-03-06 21:33:13.388166,12014728
2026-03-06 21:33:14.397214,12015737
2026-03-06 21:33:15.407768,12016747
2026-03-06 21:33:16.41652,12017756
2026-03-06 21:33:17.425618,12018765
2026-03-06 21:33:18.434501,12019774
2026-03-06 21:33:19.439713,12020779
2026-03-06 21:33:20.448455,12021788
2026-03-06 21:33:21.460283,12022797
2026-03-06 21:33:22.469614,12023806
2026-03-06 21:33:23.475642,12024815
2026-03-06 21:33:24.485363,12025825
2026-03-06 21:33:25.495244,12026835
2026-03-06 21:33:26.50446,12027844
2026-03-06 21:33:27.514445,12028854
2026-03-06 21:33:28.524706,12029864
2026-03-06 21:33:29.53331,12030873
2026-03-06 21:33:30.5428,12031882
2026-03-06 21:33:31.554329,12032891
2026-03-06 21:33:32.560718,12033900
2026-03-06 21:33:33.574899,12034910
2026-03-06 21:33:34.592921,12035915
2026-03-06 21:33:35.584248,12036924
2026-03-06 21:33:40.097956,12037933
2026-03-06 21:33:40.160016,12038942
2026-03-06 21:33:40.366314,12039951
2026-03-06 21:33:40.438795,12040960
2026-03-06 21:33:40.677779,12041971
2026-03-06 21:33:41.640697,12042980
2026-03-06 21:33:42.658595,12043990
2026-03-06 21:33:43.66003,12044999
2026-03-06 21:33:44.668469,12046008
2026-03-06 21:33:45.677893,12047017
2026-03-06 21:34:20.984337,12048026
2026-03-06 21:34:21.293038,12049035
2026-03-06 21:34:21.399194,12050040
2026-03-06 21:34:21.425296,12051049
2026-03-06 21:34:21.441805,12082324
2026-03-06 21:34:21.998104,12083337
2026-03-06 21:34:23.006863,12084346
2026-03-06 21:34:24.016301,12085355
2026-03-06 21:34:25.024972,12086364
2026-03-06 21:34:26.034429,12087373
2026-03-06 21:34:27.042992,12088382
2026-03-06 21:34:28.053598,12089392
2026-03-06 21:34:29.062217,12090401
2026-03-06 21:34:30.071045,12091410
2026-03-06 21:34:31.078323,12092417
2026-03-06 21:34:32.083229,12093422
2026-03-06 21:34:33.092598,12094431
2026-03-06 21:34:34.101384,12095440
2026-03-06 21:34:35.110311,12096449
2026-03-06 21:34:36.119323,12097458
2026-03-06 21:34:37.129976,12098469
2026-03-06 21:34:38.139304,12099478
2026-03-06 21:34:39.149432,12100488
2026-03-06 21:34:40.160242,12101499
2026-03-06 21:34:41.16922,12102508
2026-03-06 21:34:42.178052,12103517
2026-03-06 21:34:43.187219,12104526
2026-03-06 21:34:44.196192,12105535
2026-03-06 21:34:45.205062,12106544
2026-03-06 21:34:46.215087,12107554
2026-03-06 21:34:47.220208,12108559
2026-03-06 21:34:48.229492,12109568
2026-03-06 21:34:49.238275,12110577
2026-03-06 21:34:50.24771,12111586
2026-03-06 21:34:51.256801,12112595
2026-03-06 21:34:52.266301,12113605
2026-03-06 21:34:53.27567,12114614
2026-03-06 21:34:54.284767,12115623
2026-03-06 21:34:55.29539,12116633
2026-03-06 21:34:56.303405,12117642
2026-03-06 21:34:57.312718,12118651
2026-03-06 21:34:58.319739,12119658
2026-03-06 21:34:59.328868,12120667
2026-03-06 21:35:00.337439,12121676
2026-03-06 21:35:01.342633,12122681
2026-03-06 21:35:02.351445,12123690
2026-03-06 21:35:03.360458,12124699
2026-03-06 21:35:04.372548,12125709
2026-03-06 21:35:05.379288,12126718
2026-03-06 21:35:06.388709,12127727
2026-03-06 21:35:07.397406,12128736
2026-03-06 21:35:08.406545,12129745
2026-03-06 21:35:09.41556,12130754
2026-03-06 21:35:10.424818,12131763
2026-03-06 21:35:11.433446,12132772
2026-03-06 21:35:12.442743,12133781
2026-03-06 21:35:13.453361,12134791
2026-03-06 21:35:14.46182,12135800
2026-03-06 21:35:15.466795,12136805
2026-03-06 21:35:16.475539,12137814
2026-03-06 21:35:17.484814,12138823
2026-03-06 21:35:18.494059,12139832
2026-03-06 21:35:19.502917,12140841
2026-03-06 21:35:20.512132,12141850
2026-03-06 21:35:21.520946,12142859
2026-03-06 21:35:22.531793,12143869
2026-03-06 21:35:23.53975,12144878
2026-03-06 21:35:24.548737,12145887
2026-03-06 21:35:25.55774,12146896
2026-03-06 21:35:26.566811,12147905
2026-03-06 21:35:27.575983,12148914
2026-03-06 21:35:28.586122,12149924
2026-03-06 21:35:29.594524,12150933
2026-03-06 21:35:30.600056,12151938
2026-03-06 21:35:31.610556,12152948
2026-03-06 21:35:32.619058,12153957
2026-03-06 21:35:33.62809,12154966
2026-03-06 21:35:34.636963,12155975
2026-03-06 21:35:35.64618,12156984
2026-03-06 21:35:36.65489,12157993
2026-03-06 21:35:37.664237,12159002
2026-03-06 21:35:38.67279,12160011
2026-03-06 21:35:39.681953,12161020
2026-03-06 21:35:40.693141,12162030
2026-03-06 21:35:41.701067,12163039
2026-03-06 21:35:42.711463,12164049
2026-03-06 21:35:43.720366,12165058
2026-03-06 21:35:44.724904,12166063
2026-03-06 21:35:45.734403,12167072
2026-03-06 21:35:46.743392,12168081
2026-03-06 21:35:47.752273,12169090
2026-03-06 21:35:48.761037,12170099
2026-03-06 21:35:49.771996,12171109
2026-03-06 21:35:50.780152,12172118
2026-03-06 21:35:51.789275,12173127
2026-03-06 21:35:52.799222,12174137
2026-03-06 21:35:53.808106,12175146
2026-03-06 21:35:54.817576,12176155
2026-03-06 21:35:55.826125,12177164
2026-03-06 21:35:56.835085,12178173
2026-03-06 21:35:57.844535,12179182
2026-03-06 21:35:58.854245,12180192
2026-03-06 21:35:59.859267,12181197
2026-03-06 21:36:00.868299,12182206
2026-03-06 21:36:01.877708,12183215
2026-03-06 21:36:02.886444,12184224
2026-03-06 21:36:03.895558,12185233
2026-03-06 21:36:04.904668,12186242
2026-03-06 21:36:05.913516,12187251
2026-03-06 21:36:06.92231,12188260
2026-03-06 21:36:07.933139,12189270
2026-03-06 21:36:08.941795,12190279
2026-03-06 21:36:09.950544,12191288
2026-03-06 21:36:10.959343,12192297
2026-03-06 21:36:11.968728,12193306
2026-03-06 21:36:12.977293,12194315
2026-03-06 21:36:13.982297,12195320
2026-03-06 21:36:14.991299,12196329
2026-03-06 21:36:16.000907,12197338
2026-03-06 21:36:17.010808,12198348
2026-03-06 21:36:18.01976,12199357
2026-03-06 21:36:19.028791,12200366
2026-03-06 21:36:20.038047,12201375
2026-03-06 21:36:21.046485,12202384
2026-03-06 21:36:22.055493,12203393
2026-03-06 21:36:23.06483,12204402
2026-03-06 21:36:24.073839,12205411
2026-03-06 21:36:25.082854,12206420
2026-03-06 21:36:26.09421,12207431
2026-03-06 21:36:27.103501,12208441
2026-03-06 21:36:28.108559,12209446
2026-03-06 21:36:29.118008,12210455
2026-03-06 21:36:30.127034,12211464
2026-03-06 21:36:31.135464,12212473
2026-03-06 21:36:32.144596,12213482
2026-03-06 21:36:33.15501,12214492
2026-03-06 21:36:34.163719,12215501
2026-03-06 21:36:35.174287,12216511
2026-03-06 21:36:36.182742,12217520
2026-03-06 21:36:37.19205,12218529
2026-03-06 21:36:38.200988,12219538
2026-03-06 21:36:39.209864,12220547
2026-03-06 21:36:40.21886,12221556
2026-03-06 21:36:41.229096,12222566
2026-03-06 21:36:42.238578,12223575
2026-03-06 21:36:43.244781,12224580
2026-03-06 21:36:44.252732,12225590
2026-03-06 21:36:45.261747,12226599
2026-03-06 21:36:46.271068,12227608
2026-03-06 21:36:47.280169,12228617
2026-03-06 21:36:48.288898,12229626
2026-03-06 21:36:49.298196,12230635
2026-03-06 21:36:50.307321,12231644
2026-03-06 21:36:51.317081,12232654
2026-03-06 21:36:52.326895,12233664
2026-03-06 21:36:53.336966,12234674
2026-03-06 21:36:54.346013,12235683
2026-03-06 21:36:55.355931,12236693
2026-03-06 21:36:56.365382,12237702
2026-03-06 21:36:57.370327,12238707
2026-03-06 21:36:58.379336,12239716
2026-03-06 21:36:59.388248,12240725
2026-03-06 21:37:00.397117,12241734
2026-03-06 21:37:01.406239,12242743
2026-03-06 21:37:02.415974,12243753
2026-03-06 21:37:03.425518,12244762
2026-03-06 21:37:04.433985,12245771
2026-03-06 21:37:05.443388,12246780
2026-03-06 21:37:06.452465,12247789
2026-03-06 21:37:07.461428,12248798
2026-03-06 21:37:08.47026,12249807
2026-03-06 21:37:09.479624,12250816
2026-03-06 21:37:10.488119,12251825
2026-03-06 21:37:11.497961,12252835
2026-03-06 21:37:12.503622,12253840
2026-03-06 21:37:13.512101,12254849
2026-03-06 21:37:14.521221,12255858
2026-03-06 21:37:15.530404,12256867
2026-03-06 21:37:16.539721,12257876
2026-03-06 21:37:17.548382,12258885
2026-03-06 21:37:18.557558,12259894
2026-03-06 21:37:19.566547,12260903
2026-03-06 21:37:20.576496,12261913
2026-03-06 21:37:21.586232,12262923
2026-03-06 21:37:22.596196,12263932
2026-03-06 21:37:23.604503,12264941
2026-03-06 21:37:24.613727,12265950
2026-03-06 21:37:25.624199,12266959
2026-03-06 21:37:26.627499,12267964
2026-03-06 21:37:27.636331,12268973
2026-03-06 21:37:28.645475,12269982
2026-03-06 21:37:29.655499,12270992
2026-03-06 21:37:30.664533,12272001
2026-03-06 21:37:31.673747,12273010
2026-03-06 21:37:32.685648,12274019
2026-03-06 21:37:33.691422,12275028
2026-03-06 21:37:34.700797,12276037
2026-03-06 21:37:35.709491,12277046
2026-03-06 21:37:36.718623,12278055
2026-03-06 21:37:37.727969,12279064
2026-03-06 21:37:38.737898,12280074
2026-03-06 21:37:39.746678,12281083
2026-03-06 21:37:40.751611,12282088
2026-03-06 21:37:41.760755,12283097
2026-03-06 21:37:42.769762,12284106
2026-03-06 21:37:43.778539,12285115
2026-03-06 21:37:44.78779,12286124
2026-03-06 21:37:45.796771,12287133
2026-03-06 21:37:46.806828,12288143
2026-03-06 21:37:47.817035,12289153
2026-03-06 21:37:48.825956,12290162
2026-03-06 21:37:49.834551,12291171
2026-03-06 21:37:50.845201,12292180
2026-03-06 21:37:51.853011,12293189
2026-03-06 21:37:52.861866,12294198
2026-03-06 21:37:53.871199,12295207
2026-03-06 21:37:54.880054,12296216
2026-03-06 21:37:55.885086,12297221
2026-03-06 21:37:56.895132,12298231
2026-03-06 21:37:57.905281,12299240
2026-03-06 21:37:58.913133,12300249
2026-03-06 21:37:59.921803,12301258
2026-03-06 21:38:00.931315,12302267
2026-03-06 21:38:01.940108,12303276
2026-03-06 21:38:02.949139,12304285
2026-03-06 21:38:03.958043,12305294
2026-03-06 21:38:04.967122,12306303
2026-03-06 21:38:05.977156,12307313
2026-03-06 21:38:06.986095,12308322
2026-03-06 21:38:07.995369,12309331
2026-03-06 21:38:09.004113,12310340
2026-03-06 21:38:10.009122,12311345
2026-03-06 21:38:11.018197,12312354
2026-03-06 21:38:12.027139,12313363
2026-03-06 21:38:13.03626,12314372
2026-03-06 21:38:14.044803,12315381
2026-03-06 21:38:15.05518,12316391
2026-03-06 21:38:16.064195,12317400
2026-03-06 21:38:17.073169,12318409
2026-03-06 21:38:18.081988,12319418
2026-03-06 21:38:19.091253,12320427
2026-03-06 21:38:20.100402,12321436
2026-03-06 21:38:21.109092,12322445
2026-03-06 21:38:22.119381,12323455
2026-03-06 21:38:23.129186,12324465
2026-03-06 21:38:24.138841,12325475
2026-03-06 21:38:25.144222,12326480
2026-03-06 21:38:26.153129,12327489
2026-03-06 21:38:27.162632,12328498
2026-03-06 21:38:28.17131,12329507
2026-03-06 21:38:29.18017,12330516
2026-03-06 21:38:30.18947,12331525
