time,BOARD.HB_51.board_type
2026-03-06 21:14:18.314621,4
2026-03-06 21:14:18.751231,4
2026-03-06 21:14:19.758258,4
2026-03-06 21:14:20.764123,4
2026-03-06 21:14:21.771356,4
2026-03-06 21:14:22.778047,4
2026-03-06 21:14:23.785272,4
2026-03-06 21:14:24.792545,4
2026-03-06 21:14:25.799477,4
2026-03-06 21:14:26.806399,4
2026-03-06 21:14:27.814355,4
2026-03-06 21:14:28.820418,4
2026-03-06 21:14:29.825575,4
2026-03-06 21:14:30.832357,4
2026-03-06 21:14:31.83954,4
2026-03-06 21:14:32.84634,4
2026-03-06 21:14:33.853722,4
2026-03-06 21:14:34.860398,4
2026-03-06 21:14:35.867768,4
2026-03-06 21:14:36.874912,4
2026-03-06 21:14:37.881458,4
2026-03-06 21:14:38.886635,4
2026-03-06 21:14:39.893898,4
2026-03-06 21:14:40.900833,4
2026-03-06 21:14:41.908237,4
2026-03-06 21:14:42.9151,4
2026-03-06 21:14:43.92153,4
2026-03-06 21:14:44.928642,4
2026-03-06 21:14:45.935914,4
2026-03-06 21:14:46.942845,4
2026-03-06 21:14:47.948065,4
2026-03-06 21:14:48.95485,4
2026-03-06 21:14:49.961745,4
2026-03-06 21:14:50.969054,4
2026-03-06 21:14:51.976137,4
2026-03-06 21:14:52.982958,4
2026-03-06 21:14:53.990089,4
2026-03-06 21:14:54.997216,4
2026-03-06 21:14:56.004401,4
2026-03-06 21:14:57.008805,4
2026-03-06 21:14:58.016144,4
2026-03-06 21:14:59.022934,4
2026-03-06 21:15:00.030554,4
2026-03-06 21:15:01.037211,4
2026-03-06 21:15:02.043998,4
2026-03-06 21:15:03.050889,4
2026-03-06 21:15:04.058012,4
2026-03-06 21:15:05.065706,4
2026-03-06 21:15:06.07038,4
2026-03-06 21:15:07.077466,4
2026-03-06 21:15:08.084063,4
2026-03-06 21:15:09.091145,4
2026-03-06 21:15:10.098326,4
2026-03-06 21:15:11.105272,4
2026-03-06 21:15:12.112337,4
2026-03-06 21:15:13.119189,4
2026-03-06 21:15:14.12634,4
2026-03-06 21:15:15.131532,4
2026-03-06 21:15:16.138671,4
2026-03-06 21:15:17.145726,4
2026-03-06 21:15:18.152625,4
2026-03-06 21:15:19.159716,4
2026-03-06 21:15:20.166542,4
2026-03-06 21:15:21.173489,4
2026-03-06 21:15:22.180715,4
2026-03-06 21:15:23.18728,4
2026-03-06 21:15:24.188709,4
2026-03-06 21:15:25.19533,4
2026-03-06 21:15:26.20274,4
2026-03-06 21:15:27.209997,4
2026-03-06 21:15:28.216485,4
2026-03-06 21:15:29.223814,4
2026-03-06 21:15:30.230725,4
2026-03-06 21:15:31.237802,4
2026-03-06 21:15:32.244571,4
2026-03-06 21:15:33.249896,4
2026-03-06 21:15:34.256947,4
2026-03-06 21:15:35.264154,4
2026-03-06 21:15:36.270945,4
2026-03-06 21:15:37.27769,4
2026-03-06 21:15:38.284622,4
2026-03-06 21:15:39.291617,4
2026-03-06 21:15:40.299096,4
2026-03-06 21:15:41.306278,4
2026-03-06 21:15:42.310763,4
2026-03-06 21:15:43.31827,4
2026-03-06 21:15:44.325202,4
2026-03-06 21:15:45.332039,4
2026-03-06 21:15:46.339265,4
2026-03-06 21:15:47.345727,4
2026-03-06 21:15:48.353171,4
2026-03-06 21:15:49.360143,4
2026-03-06 21:15:50.366488,4
2026-03-06 21:15:51.371933,4
2026-03-06 21:15:52.379127,4
2026-03-06 21:15:53.385771,4
2026-03-06 21:15:54.393337,4
2026-03-06 21:15:55.400215,4
2026-03-06 21:15:56.407264,4
2026-03-06 21:15:57.414333,4
2026-03-06 21:15:58.420859,4
2026-03-06 21:15:59.428545,4
2026-03-06 21:16:00.433196,4
2026-03-06 21:16:01.440007,4
2026-03-06 21:16:02.447444,4
2026-03-06 21:16:03.454194,4
2026-03-06 21:16:04.46147,4
2026-03-06 21:16:05.468228,4
2026-03-06 21:16:06.475032,4
2026-03-06 21:16:07.482552,4
2026-03-06 21:16:08.489435,4
2026-03-06 21:16:09.494594,4
2026-03-06 21:16:10.501601,4
2026-03-06 21:16:11.508414,4
2026-03-06 21:16:12.515338,4
2026-03-06 21:16:13.522471,4
2026-03-06 21:16:14.529329,4
2026-03-06 21:16:15.536452,4
2026-03-06 21:16:16.543293,4
2026-03-06 21:16:17.550253,4
2026-03-06 21:16:18.555478,4
2026-03-06 21:16:19.562511,4
2026-03-06 21:16:20.569509,4
2026-03-06 21:16:21.576825,4
2026-03-06 21:16:22.583445,4
2026-03-06 21:16:23.590411,4
2026-03-06 21:16:24.597652,4
2026-03-06 21:16:25.604997,4
2026-03-06 21:16:26.611457,4
2026-03-06 21:16:27.616859,4
2026-03-06 21:16:28.623974,4
2026-03-06 21:16:29.631047,4
2026-03-06 21:16:30.636089,4
2026-03-06 21:16:31.642725,4
2026-03-06 21:16:32.650005,4
2026-03-06 21:16:33.65673,4
2026-03-06 21:16:34.663495,4
2026-03-06 21:16:35.670621,4
2026-03-06 21:16:36.672212,4
2026-03-06 21:16:37.679219,4
2026-03-06 21:16:38.6859,4
2026-03-06 21:16:39.692752,4
2026-03-06 21:16:40.699829,4
2026-03-06 21:16:41.707297,4
2026-03-06 21:16:42.713773,4
2026-03-06 21:16:43.720779,4
2026-03-06 21:16:44.727861,4
2026-03-06 21:16:45.733347,4
2026-03-06 21:16:46.740076,4
2026-03-06 21:16:47.746965,4
2026-03-06 21:16:48.754399,4
2026-03-06 21:16:49.760911,4
2026-03-06 21:16:50.768366,4
2026-03-06 21:16:51.77526,4
2026-03-06 21:16:52.781926,4
2026-03-06 21:16:53.789316,4
2026-03-06 21:16:54.794225,4
2026-03-06 21:16:55.801356,4
2026-03-06 21:16:56.8085,4
2026-03-06 21:16:57.815256,4
2026-03-06 21:16:58.822023,4
2026-03-06 21:16:59.829302,4
2026-03-06 21:17:00.836425,4
2026-03-06 21:17:01.843449,4
2026-03-06 21:17:02.850174,4
2026-03-06 21:17:03.855205,4
2026-03-06 21:17:04.862184,4
2026-03-06 21:17:05.869441,4
2026-03-06 21:17:06.876401,4
2026-03-06 21:17:07.883494,4
2026-03-06 21:17:08.890498,4
2026-03-06 21:17:09.897408,4
2026-03-06 21:17:10.904307,4
2026-03-06 21:17:11.91172,4
2026-03-06 21:17:12.916524,4
2026-03-06 21:17:13.923769,4
2026-03-06 21:17:14.930678,4
2026-03-06 21:17:15.937544,4
2026-03-06 21:17:16.944426,4
2026-03-06 21:17:17.951524,4
2026-03-06 21:17:18.958515,4
2026-03-06 21:17:19.965534,4
2026-03-06 21:17:20.972432,4
2026-03-06 21:17:21.977243,4
2026-03-06 21:17:22.984704,4
2026-03-06 21:17:23.991921,4
2026-03-06 21:17:24.996969,4
2026-03-06 21:17:26.003881,4
2026-03-06 21:17:27.010804,4
2026-03-06 21:17:28.017605,4
2026-03-06 21:17:29.025256,4
2026-03-06 21:17:30.031996,4
2026-03-06 21:17:31.036415,4
2026-03-06 21:17:32.043958,4
2026-03-06 21:17:33.050563,4
2026-03-06 21:17:34.057695,4
2026-03-06 21:17:35.065043,4
2026-03-06 21:17:36.07226,4
2026-03-06 21:17:37.078764,4
2026-03-06 21:17:38.0859,4
2026-03-06 21:17:39.092852,4
2026-03-06 21:17:40.09778,4
2026-03-06 21:17:41.104724,4
2026-03-06 21:17:42.112108,4
2026-03-06 21:17:43.118994,4
2026-03-06 21:17:44.126217,4
2026-03-06 21:17:45.133155,4
2026-03-06 21:17:46.139945,4
2026-03-06 21:17:47.144923,4
2026-03-06 21:17:48.152169,4
2026-03-06 21:17:49.153132,4
2026-03-06 21:17:50.16023,4
2026-03-06 21:17:51.167288,4
2026-03-06 21:17:52.173966,4
2026-03-06 21:17:53.180848,4
2026-03-06 21:17:54.187967,4
2026-03-06 21:17:55.195494,4
2026-03-06 21:17:56.202322,4
2026-03-06 21:17:57.209631,4
2026-03-06 21:17:58.214445,4
2026-03-06 21:17:59.221071,4
2026-03-06 21:18:00.228154,4
2026-03-06 21:18:01.23531,4
2026-03-06 21:18:02.242024,4
2026-03-06 21:18:03.249156,4
2026-03-06 21:18:04.256304,4
2026-03-06 21:18:05.263071,4
2026-03-06 21:18:06.270493,4
2026-03-06 21:18:07.275081,4
2026-03-06 21:18:08.282329,4
2026-03-06 21:18:09.289244,4
2026-03-06 21:18:10.296241,4
2026-03-06 21:18:11.303784,4
2026-03-06 21:18:12.310458,4
2026-03-06 21:18:13.317349,4
2026-03-06 21:18:14.324351,4
2026-03-06 21:18:15.331252,4
2026-03-06 21:18:16.336203,4
2026-03-06 21:18:17.343625,4
2026-03-06 21:18:18.351445,4
2026-03-06 21:18:19.35751,4
2026-03-06 21:18:20.364749,4
2026-03-06 21:18:21.371648,4
2026-03-06 21:18:22.378653,4
2026-03-06 21:18:23.385331,4
2026-03-06 21:18:24.392311,4
2026-03-06 21:18:25.397648,4
2026-03-06 21:18:26.405097,4
2026-03-06 21:18:27.412035,4
2026-03-06 21:18:28.41898,4
2026-03-06 21:18:29.425663,4
2026-03-06 21:18:30.432949,4
2026-03-06 21:18:31.439556,4
2026-03-06 21:18:32.44662,4
2026-03-06 21:18:33.453568,4
2026-03-06 21:18:34.459013,4
2026-03-06 21:18:35.463834,4
2026-03-06 21:18:36.471285,4
2026-03-06 21:18:37.477979,4
2026-03-06 21:18:38.484811,4
2026-03-06 21:18:39.492053,4
2026-03-06 21:18:40.499058,4
2026-03-06 21:18:41.5059,4
2026-03-06 21:18:42.513147,4
2026-03-06 21:18:43.518128,4
2026-03-06 21:18:44.524822,4
2026-03-06 21:18:45.53245,4
2026-03-06 21:18:46.539003,4
2026-03-06 21:18:47.546244,4
2026-03-06 21:18:48.552863,4
2026-03-06 21:18:49.55987,4
2026-03-06 21:18:50.567317,4
2026-03-06 21:18:51.573784,4
2026-03-06 21:18:52.5799,4
2026-03-06 21:18:53.586231,4
2026-03-06 21:18:54.593293,4
2026-03-06 21:18:55.599899,4
2026-03-06 21:18:56.60743,4
2026-03-06 21:18:57.614005,4
2026-03-06 21:18:58.621467,4
2026-03-06 21:18:59.628338,4
2026-03-06 21:19:00.635038,4
2026-03-06 21:19:01.636173,4
2026-03-06 21:19:02.643292,4
2026-03-06 21:19:03.650321,4
2026-03-06 21:19:04.657415,4
2026-03-06 21:19:05.664705,4
2026-03-06 21:19:06.67143,4
2026-03-06 21:19:07.678449,4
2026-03-06 21:19:08.68569,4
2026-03-06 21:19:09.693166,4
2026-03-06 21:19:10.697272,4
2026-03-06 21:19:11.704469,4
2026-03-06 21:19:12.711352,4
2026-03-06 21:19:13.718563,4
2026-03-06 21:19:14.725296,4
2026-03-06 21:19:15.732446,4
2026-03-06 21:19:16.73943,4
2026-03-06 21:19:17.746557,4
2026-03-06 21:19:18.753303,4
2026-03-06 21:19:19.758566,4
2026-03-06 21:19:20.765839,4
2026-03-06 21:19:21.772969,4
2026-03-06 21:19:22.779246,4
2026-03-06 21:19:23.786301,4
2026-03-06 21:19:24.793712,4
2026-03-06 21:19:25.800624,4
2026-03-06 21:19:26.807585,4
2026-03-06 21:19:27.814376,4
2026-03-06 21:19:28.819385,4
2026-03-06 21:19:29.826738,4
2026-03-06 21:19:30.833795,4
2026-03-06 21:19:31.840875,4
2026-03-06 21:19:32.847749,4
2026-03-06 21:19:33.854562,4
2026-03-06 21:19:34.861743,4
2026-03-06 21:19:35.868574,4
2026-03-06 21:19:36.875513,4
2026-03-06 21:19:37.880846,4
2026-03-06 21:19:38.887806,4
2026-03-06 21:19:39.894643,4
2026-03-06 21:19:40.902092,4
2026-03-06 21:19:41.908562,4
2026-03-06 21:19:42.916001,4
2026-03-06 21:19:43.922758,4
2026-03-06 21:19:44.929772,4
2026-03-06 21:19:45.936604,4
2026-03-06 21:19:46.942209,4
2026-03-06 21:19:47.949264,4
2026-03-06 21:19:48.956125,4
2026-03-06 21:19:49.962875,4
2026-03-06 21:19:50.970211,4
2026-03-06 21:19:51.977111,4
2026-03-06 21:19:52.984381,4
2026-03-06 21:19:53.991305,4
2026-03-06 21:19:54.997668,4
2026-03-06 21:19:56.002896,4
2026-03-06 21:19:57.010028,4
2026-03-06 21:19:58.017089,4
2026-03-06 21:19:59.023939,4
2026-03-06 21:20:00.030901,4
2026-03-06 21:20:01.038249,4
2026-03-06 21:20:02.044914,4
2026-03-06 21:20:03.052202,4
2026-03-06 21:20:04.058977,4
2026-03-06 21:20:05.064224,4
2026-03-06 21:20:06.07102,4
2026-03-06 21:20:07.078073,4
2026-03-06 21:20:08.085054,4
2026-03-06 21:20:09.092638,4
2026-03-06 21:20:10.099073,4
2026-03-06 21:20:11.106077,4
2026-03-06 21:20:12.113093,4
2026-03-06 21:20:13.119854,4
2026-03-06 21:20:14.121024,4
2026-03-06 21:20:15.128532,4
2026-03-06 21:20:16.134978,4
2026-03-06 21:20:17.142105,4
2026-03-06 21:20:18.149133,4
2026-03-06 21:20:19.156267,4
2026-03-06 21:20:20.163109,4
2026-03-06 21:20:21.170546,4
2026-03-06 21:20:22.177225,4
2026-03-06 21:20:23.18257,4
2026-03-06 21:20:24.189217,4
2026-03-06 21:20:25.196438,4
2026-03-06 21:20:26.203472,4
2026-03-06 21:20:27.210368,4
2026-03-06 21:20:28.217688,4
2026-03-06 21:20:29.224517,4
2026-03-06 21:20:30.231438,4
2026-03-06 21:20:31.238398,4
2026-03-06 21:20:32.243447,4
2026-03-06 21:20:33.250655,4
2026-03-06 21:20:34.257734,4
2026-03-06 21:20:35.264508,4
2026-03-06 21:20:36.271783,4
2026-03-06 21:20:37.278677,4
2026-03-06 21:20:38.285488,4
2026-03-06 21:20:39.292575,4
2026-03-06 21:20:40.299579,4
2026-03-06 21:20:41.304566,4
2026-03-06 21:20:42.311925,4
2026-03-06 21:20:43.318472,4
2026-03-06 21:20:44.325543,4
2026-03-06 21:20:45.332472,4
2026-03-06 21:20:46.339644,4
2026-03-06 21:20:47.346579,4
2026-03-06 21:20:48.353896,4
2026-03-06 21:20:49.360427,4
2026-03-06 21:20:50.366126,4
2026-03-06 21:20:51.372978,4
2026-03-06 21:20:52.380194,4
2026-03-06 21:20:53.386736,4
2026-03-06 21:20:54.394151,4
2026-03-06 21:20:55.400767,4
2026-03-06 21:20:56.407797,4
2026-03-06 21:20:57.414681,4
2026-03-06 21:20:58.421914,4
2026-03-06 21:20:59.427004,4
2026-03-06 21:21:00.434135,4
2026-03-06 21:21:01.441113,4
2026-03-06 21:21:02.448015,4
2026-03-06 21:21:03.455032,4
2026-03-06 21:21:04.461872,4
2026-03-06 21:21:05.468783,4
2026-03-06 21:21:06.476436,4
2026-03-06 21:21:07.482845,4
2026-03-06 21:21:08.4883,4
2026-03-06 21:21:09.495207,4
2026-03-06 21:21:10.502168,4
2026-03-06 21:21:11.509134,4
2026-03-06 21:21:12.516153,4
2026-03-06 21:21:13.523121,4
2026-03-06 21:21:14.530081,4
2026-03-06 21:21:15.537379,4
2026-03-06 21:21:16.544196,4
2026-03-06 21:21:17.549171,4
2026-03-06 21:21:18.556474,4
2026-03-06 21:21:19.563343,4
2026-03-06 21:21:20.570068,4
2026-03-06 21:21:21.57714,4
2026-03-06 21:21:22.58457,4
2026-03-06 21:21:23.59164,4
2026-03-06 21:21:24.59838,4
2026-03-06 21:21:25.605099,4
2026-03-06 21:21:26.606128,4
2026-03-06 21:21:27.613328,4
2026-03-06 21:21:28.620412,4
2026-03-06 21:21:29.627474,4
2026-03-06 21:21:30.634261,4
2026-03-06 21:21:31.641307,4
2026-03-06 21:21:32.648242,4
2026-03-06 21:21:33.655582,4
2026-03-06 21:21:34.66217,4
2026-03-06 21:21:35.667229,4
2026-03-06 21:21:36.674309,4
2026-03-06 21:21:37.681567,4
2026-03-06 21:21:38.688557,4
2026-03-06 21:21:39.695389,4
2026-03-06 21:21:40.702403,4
2026-03-06 21:21:41.709778,4
2026-03-06 21:21:42.71629,4
2026-03-06 21:21:43.723372,4
2026-03-06 21:21:44.728748,4
2026-03-06 21:21:45.735555,4
2026-03-06 21:21:46.742633,4
2026-03-06 21:21:47.749729,4
2026-03-06 21:21:48.756671,4
2026-03-06 21:21:49.763771,4
2026-03-06 21:21:50.77107,4
2026-03-06 21:21:51.777505,4
2026-03-06 21:21:52.78503,4
2026-03-06 21:21:53.789498,4
2026-03-06 21:21:54.796929,4
2026-03-06 21:21:55.804022,4
2026-03-06 21:21:56.810579,4
2026-03-06 21:21:57.817479,4
2026-03-06 21:21:58.824453,4
2026-03-06 21:21:59.831806,4
2026-03-06 21:22:00.838864,4
2026-03-06 21:22:01.845415,4
2026-03-06 21:22:02.850456,4
2026-03-06 21:22:03.857778,4
2026-03-06 21:22:04.864915,4
2026-03-06 21:22:05.872008,4
2026-03-06 21:22:06.878894,4
2026-03-06 21:22:07.885955,4
2026-03-06 21:22:08.892741,4
2026-03-06 21:22:09.900278,4
2026-03-06 21:22:10.90658,4
2026-03-06 21:22:11.911995,4
2026-03-06 21:22:12.919242,4
2026-03-06 21:22:13.926031,4
2026-03-06 21:22:14.932778,4
2026-03-06 21:22:15.939862,4
2026-03-06 21:22:16.946894,4
2026-03-06 21:22:17.954169,4
2026-03-06 21:22:18.961122,4
2026-03-06 21:22:19.968039,4
2026-03-06 21:22:20.973236,4
2026-03-06 21:22:21.980098,4
2026-03-06 21:22:22.987192,4
2026-03-06 21:22:23.994334,4
2026-03-06 21:22:25.001001,4
2026-03-06 21:22:26.008233,4
2026-03-06 21:22:27.015275,4
2026-03-06 21:22:28.021998,4
2026-03-06 21:22:29.029071,4
2026-03-06 21:22:30.034027,4
2026-03-06 21:22:31.041248,4
2026-03-06 21:22:32.048473,4
2026-03-06 21:22:33.055549,4
2026-03-06 21:22:34.062458,4
2026-03-06 21:22:35.069161,4
2026-03-06 21:22:36.076287,4
2026-03-06 21:22:37.083531,4
2026-03-06 21:22:38.0899,4
2026-03-06 21:22:39.091047,4
2026-03-06 21:22:40.098198,4
2026-03-06 21:22:41.105544,4
2026-03-06 21:22:42.112352,4
2026-03-06 21:22:43.119253,4
2026-03-06 21:22:44.126344,4
2026-03-06 21:22:45.133199,4
2026-03-06 21:22:46.140536,4
2026-03-06 21:22:47.147124,4
2026-03-06 21:22:48.152629,4
2026-03-06 21:22:49.159581,4
2026-03-06 21:22:50.166373,4
2026-03-06 21:22:51.173682,4
2026-03-06 21:22:52.180542,4
2026-03-06 21:22:53.187291,4
2026-03-06 21:22:54.194411,4
2026-03-06 21:22:55.201657,4
2026-03-06 21:22:56.208396,4
2026-03-06 21:22:57.21345,4
2026-03-06 21:22:58.220314,4
2026-03-06 21:22:59.22749,4
2026-03-06 21:23:00.234801,4
2026-03-06 21:23:01.241883,4
2026-03-06 21:23:02.248717,4
2026-03-06 21:23:03.255979,4
2026-03-06 21:23:04.262976,4
2026-03-06 21:23:05.269267,4
2026-03-06 21:23:06.274585,4
2026-03-06 21:23:07.281784,4
2026-03-06 21:23:08.288712,4
2026-03-06 21:23:09.295883,4
2026-03-06 21:23:10.302798,4
2026-03-06 21:23:11.3096,4
2026-03-06 21:23:12.316993,4
2026-03-06 21:23:13.323708,4
2026-03-06 21:23:14.330511,4
2026-03-06 21:23:15.335559,4
2026-03-06 21:23:16.342616,4
2026-03-06 21:23:17.349755,4
2026-03-06 21:23:18.356708,4
2026-03-06 21:23:19.363975,4
2026-03-06 21:23:20.370951,4
2026-03-06 21:23:21.377674,4
2026-03-06 21:23:22.384664,4
2026-03-06 21:23:23.391767,4
2026-03-06 21:23:24.397154,4
2026-03-06 21:23:25.403879,4
2026-03-06 21:23:26.410695,4
2026-03-06 21:23:27.418047,4
2026-03-06 21:23:28.422934,4
2026-03-06 21:23:29.430171,4
2026-03-06 21:23:30.436954,4
2026-03-06 21:23:31.443832,4
2026-03-06 21:23:32.450987,4
2026-03-06 21:23:33.456097,4
2026-03-06 21:23:34.463112,4
2026-03-06 21:23:35.469724,4
2026-03-06 21:23:36.477305,4
2026-03-06 21:23:37.483829,4
2026-03-06 21:23:38.491312,4
2026-03-06 21:23:39.498382,4
2026-03-06 21:23:40.505305,4
2026-03-06 21:23:41.51177,4
2026-03-06 21:23:42.517315,4
2026-03-06 21:23:43.524404,4
2026-03-06 21:23:44.531305,4
2026-03-06 21:23:45.538045,4
2026-03-06 21:23:46.545444,4
2026-03-06 21:23:47.552392,4
2026-03-06 21:23:48.558995,4
2026-03-06 21:23:49.56668,4
2026-03-06 21:23:50.572758,4
2026-03-06 21:23:51.574327,4
2026-03-06 21:23:52.581225,4
2026-03-06 21:23:53.588171,4
2026-03-06 21:23:54.595384,4
2026-03-06 21:23:55.602806,4
2026-03-06 21:23:56.609556,4
2026-03-06 21:23:57.616213,4
2026-03-06 21:23:58.623287,4
2026-03-06 21:23:59.630293,4
2026-03-06 21:24:00.635589,4
2026-03-06 21:24:01.642546,4
2026-03-06 21:24:02.649602,4
2026-03-06 21:24:03.656309,4
2026-03-06 21:24:04.663271,4
2026-03-06 21:24:05.670665,4
2026-03-06 21:24:06.677737,4
2026-03-06 21:24:07.68468,4
2026-03-06 21:24:08.691388,4
2026-03-06 21:24:09.696751,4
2026-03-06 21:24:10.70332,4
2026-03-06 21:24:11.710672,4
2026-03-06 21:24:12.717444,4
2026-03-06 21:24:13.72467,4
2026-03-06 21:24:14.731424,4
2026-03-06 21:24:15.738542,4
2026-03-06 21:24:16.745691,4
2026-03-06 21:24:17.752532,4
2026-03-06 21:24:18.757337,4
2026-03-06 21:24:19.764409,4
2026-03-06 21:24:20.771474,4
2026-03-06 21:24:21.778413,4
2026-03-06 21:24:22.785667,4
2026-03-06 21:24:23.792734,4
2026-03-06 21:24:24.799537,4
2026-03-06 21:24:25.806693,4
2026-03-06 21:24:26.813368,4
2026-03-06 21:24:27.818656,4
2026-03-06 21:24:28.825517,4
2026-03-06 21:24:29.832577,4
2026-03-06 21:24:30.839998,4
2026-03-06 21:24:31.846954,4
2026-03-06 21:24:32.853739,4
2026-03-06 21:24:33.860762,4
2026-03-06 21:24:34.867677,4
2026-03-06 21:24:35.874484,4
2026-03-06 21:24:36.880254,4
2026-03-06 21:24:37.886652,4
2026-03-06 21:24:38.892083,4
2026-03-06 21:24:39.898791,4
2026-03-06 21:24:40.90612,4
2026-03-06 21:24:41.912974,4
2026-03-06 21:24:42.919875,4
2026-03-06 21:24:43.926807,4
2026-03-06 21:24:44.933741,4
2026-03-06 21:24:45.938681,4
2026-03-06 21:24:46.945795,4
2026-03-06 21:24:47.953185,4
2026-03-06 21:24:48.960108,4
2026-03-06 21:24:49.966997,4
2026-03-06 21:24:50.974178,4
2026-03-06 21:24:51.980779,4
2026-03-06 21:24:52.988167,4
2026-03-06 21:24:53.994724,4
2026-03-06 21:24:54.999946,4
2026-03-06 21:24:56.007314,4
2026-03-06 21:24:57.013881,4
2026-03-06 21:24:58.021004,4
2026-03-06 21:24:59.027855,4
2026-03-06 21:25:00.03493,4
2026-03-06 21:25:01.040325,4
2026-03-06 21:25:02.046894,4
2026-03-06 21:25:03.052317,4
2026-03-06 21:25:04.053033,4
2026-03-06 21:25:05.060515,4
2026-03-06 21:25:06.067097,4
2026-03-06 21:25:07.073871,4
2026-03-06 21:25:08.080873,4
2026-03-06 21:25:09.088204,4
2026-03-06 21:25:10.095403,4
2026-03-06 21:25:11.102377,4
2026-03-06 21:25:12.109254,4
2026-03-06 21:25:13.114313,4
2026-03-06 21:25:14.121483,4
2026-03-06 21:25:15.12842,4
2026-03-06 21:25:16.135156,4
2026-03-06 21:25:17.142471,4
2026-03-06 21:25:18.149518,4
2026-03-06 21:25:19.156323,4
2026-03-06 21:25:20.163083,4
2026-03-06 21:25:21.169937,4
2026-03-06 21:25:22.175269,4
2026-03-06 21:25:23.182174,4
2026-03-06 21:25:24.189659,4
2026-03-06 21:25:25.196528,4
2026-03-06 21:25:26.203404,4
2026-03-06 21:25:27.210539,4
2026-03-06 21:25:28.217458,4
2026-03-06 21:25:29.224345,4
2026-03-06 21:25:30.231209,4
2026-03-06 21:25:31.236473,4
2026-03-06 21:25:32.243302,4
2026-03-06 21:25:33.250534,4
2026-03-06 21:25:34.25778,4
2026-03-06 21:25:35.264809,4
2026-03-06 21:25:36.271698,4
2026-03-06 21:25:37.278543,4
2026-03-06 21:25:38.285455,4
2026-03-06 21:25:39.292082,4
2026-03-06 21:25:40.297669,4
2026-03-06 21:25:41.304589,4
2026-03-06 21:25:42.311556,4
2026-03-06 21:25:43.318744,4
2026-03-06 21:25:44.325593,4
2026-03-06 21:25:45.332557,4
2026-03-06 21:25:46.339963,4
2026-03-06 21:25:47.346687,4
2026-03-06 21:25:48.353389,4
2026-03-06 21:25:49.35849,4
2026-03-06 21:25:50.365799,4
2026-03-06 21:25:51.372428,4
2026-03-06 21:25:52.380068,4
2026-03-06 21:25:53.386476,4
2026-03-06 21:25:54.393863,4
2026-03-06 21:25:55.401039,4
2026-03-06 21:25:56.407594,4
2026-03-06 21:25:57.414393,4
2026-03-06 21:25:58.41985,4
2026-03-06 21:25:59.426772,4
2026-03-06 21:26:00.433498,4
2026-03-06 21:26:01.440633,4
2026-03-06 21:26:02.447934,4
2026-03-06 21:26:03.454893,4
2026-03-06 21:26:04.461706,4
2026-03-06 21:26:05.469231,4
2026-03-06 21:26:06.475764,4
2026-03-06 21:26:07.480834,4
2026-03-06 21:26:08.488245,4
2026-03-06 21:26:09.495061,4
2026-03-06 21:26:10.501679,4
2026-03-06 21:26:11.508887,4
2026-03-06 21:26:12.516027,4
2026-03-06 21:26:13.520964,4
2026-03-06 21:26:14.528032,4
2026-03-06 21:26:15.532572,4
2026-03-06 21:26:16.53435,4
2026-03-06 21:26:17.540855,4
2026-03-06 21:26:18.548245,4
2026-03-06 21:26:19.554919,4
2026-03-06 21:26:20.562274,4
2026-03-06 21:26:21.568932,4
2026-03-06 21:26:22.576149,4
2026-03-06 21:26:23.583124,4
2026-03-06 21:26:24.589812,4
2026-03-06 21:26:25.595018,4
2026-03-06 21:26:26.602293,4
2026-03-06 21:26:27.609571,4
2026-03-06 21:26:28.616105,4
2026-03-06 21:26:29.622963,4
2026-03-06 21:26:30.63015,4
2026-03-06 21:26:31.637218,4
2026-03-06 21:26:32.64393,4
2026-03-06 21:26:33.650973,4
2026-03-06 21:26:34.656061,4
2026-03-06 21:26:35.663274,4
2026-03-06 21:26:36.670151,4
2026-03-06 21:26:37.677284,4
2026-03-06 21:26:38.684088,4
2026-03-06 21:26:39.691081,4
2026-03-06 21:26:40.698057,4
2026-03-06 21:26:41.705461,4
2026-03-06 21:26:42.71228,4
2026-03-06 21:26:43.717683,4
2026-03-06 21:26:44.724441,4
2026-03-06 21:26:45.731198,4
2026-03-06 21:26:46.738166,4
2026-03-06 21:26:47.745586,4
2026-03-06 21:26:48.752256,4
2026-03-06 21:26:49.759354,4
2026-03-06 21:26:50.766383,4
2026-03-06 21:26:51.773327,4
2026-03-06 21:26:52.778552,4
2026-03-06 21:26:53.785398,4
2026-03-06 21:26:54.792878,4
2026-03-06 21:26:55.799125,4
2026-03-06 21:26:56.806726,4
2026-03-06 21:26:57.81344,4
2026-03-06 21:26:58.820659,4
2026-03-06 21:26:59.827308,4
2026-03-06 21:27:00.834414,4
2026-03-06 21:27:01.83959,4
2026-03-06 21:27:02.846539,4
2026-03-06 21:27:03.853796,4
2026-03-06 21:27:04.860429,4
2026-03-06 21:27:05.867912,4
2026-03-06 21:27:06.874894,4
2026-03-06 21:27:07.881575,4
2026-03-06 21:27:08.888823,4
2026-03-06 21:27:09.895444,4
2026-03-06 21:27:10.900808,4
2026-03-06 21:27:11.907404,4
2026-03-06 21:27:12.914331,4
2026-03-06 21:27:13.921528,4
2026-03-06 21:27:14.9288,4
2026-03-06 21:27:15.935617,4
2026-03-06 21:27:16.942575,4
2026-03-06 21:27:17.949669,4
2026-03-06 21:27:18.956471,4
2026-03-06 21:27:19.961763,4
2026-03-06 21:27:20.9686,4
2026-03-06 21:27:21.975555,4
2026-03-06 21:27:22.982675,4
2026-03-06 21:27:23.989601,4
2026-03-06 21:27:24.996656,4
2026-03-06 21:27:26.001472,4
2026-03-06 21:27:27.008758,4
2026-03-06 21:27:28.013391,4
2026-03-06 21:27:29.015095,4
2026-03-06 21:27:30.022002,4
2026-03-06 21:27:31.029127,4
2026-03-06 21:27:32.036292,4
2026-03-06 21:27:33.043022,4
2026-03-06 21:27:34.049714,4
2026-03-06 21:27:35.057058,4
2026-03-06 21:27:36.0638,4
2026-03-06 21:27:37.070659,4
2026-03-06 21:27:38.075978,4
2026-03-06 21:27:39.083155,4
2026-03-06 21:27:40.090055,4
2026-03-06 21:27:41.097025,4
2026-03-06 21:27:42.103882,4
2026-03-06 21:27:43.110796,4
2026-03-06 21:27:44.118187,4
2026-03-06 21:27:45.125124,4
2026-03-06 21:27:46.131781,4
2026-03-06 21:27:47.136807,4
2026-03-06 21:27:48.144154,4
2026-03-06 21:27:49.15125,4
2026-03-06 21:27:50.157882,4
2026-03-06 21:27:51.165297,4
2026-03-06 21:27:52.172105,4
2026-03-06 21:27:53.178886,4
2026-03-06 21:27:54.186193,4
2026-03-06 21:27:55.192998,4
2026-03-06 21:27:56.197967,4
2026-03-06 21:27:57.204868,4
2026-03-06 21:27:58.212333,4
2026-03-06 21:27:59.219399,4
2026-03-06 21:28:00.226148,4
2026-03-06 21:28:01.233077,4
2026-03-06 21:28:02.240625,4
2026-03-06 21:28:03.246834,4
2026-03-06 21:28:04.254093,4
2026-03-06 21:28:05.259327,4
2026-03-06 21:28:06.266478,4
2026-03-06 21:28:07.273274,4
2026-03-06 21:28:08.280507,4
2026-03-06 21:28:09.28744,4
2026-03-06 21:28:10.294202,4
2026-03-06 21:28:11.301392,4
2026-03-06 21:28:12.308475,4
2026-03-06 21:28:13.314876,4
2026-03-06 21:28:14.320531,4
2026-03-06 21:28:15.327368,4
2026-03-06 21:28:16.334113,4
2026-03-06 21:28:17.341474,4
2026-03-06 21:28:18.34837,4
2026-03-06 21:28:19.355289,4
2026-03-06 21:28:20.362103,4
2026-03-06 21:28:21.369132,4
2026-03-06 21:28:22.376267,4
2026-03-06 21:28:23.381721,4
2026-03-06 21:28:24.388257,4
2026-03-06 21:28:25.39562,4
2026-03-06 21:28:26.402775,4
2026-03-06 21:28:27.409392,4
2026-03-06 21:28:28.416678,4
2026-03-06 21:28:29.423687,4
2026-03-06 21:28:30.430944,4
2026-03-06 21:28:31.437715,4
2026-03-06 21:28:32.442603,4
2026-03-06 21:28:33.45002,4
2026-03-06 21:28:34.456409,4
2026-03-06 21:28:35.46346,4
2026-03-06 21:28:36.470615,4
2026-03-06 21:28:37.477837,4
2026-03-06 21:28:38.482805,4
2026-03-06 21:28:39.489611,4
2026-03-06 21:28:40.494242,4
2026-03-06 21:28:41.495831,4
2026-03-06 21:28:42.50298,4
2026-03-06 21:28:43.509609,4
2026-03-06 21:28:44.516664,4
2026-03-06 21:28:45.523541,4
2026-03-06 21:28:46.530796,4
2026-03-06 21:28:47.537746,4
2026-03-06 21:28:48.544983,4
2026-03-06 21:28:49.551424,4
2026-03-06 21:28:50.557058,4
2026-03-06 21:28:51.563647,4
2026-03-06 21:28:52.570511,4
2026-03-06 21:28:53.577647,4
2026-03-06 21:28:54.585228,4
2026-03-06 21:28:55.591962,4
2026-03-06 21:28:56.59887,4
2026-03-06 21:28:57.605984,4
2026-03-06 21:28:58.61276,4
2026-03-06 21:28:59.617932,4
2026-03-06 21:29:00.625223,4
2026-03-06 21:29:01.631792,4
2026-03-06 21:29:02.6391,4
2026-03-06 21:29:03.646083,4
2026-03-06 21:29:04.65291,4
2026-03-06 21:29:05.660151,4
2026-03-06 21:29:06.666809,4
2026-03-06 21:29:07.673734,4
2026-03-06 21:29:08.678853,4
2026-03-06 21:29:09.685955,4
2026-03-06 21:29:10.693333,4
2026-03-06 21:29:11.699997,4
2026-03-06 21:29:12.707066,4
2026-03-06 21:29:13.714121,4
2026-03-06 21:29:14.721065,4
2026-03-06 21:29:15.727999,4
2026-03-06 21:29:16.734717,4
2026-03-06 21:29:17.739948,4
2026-03-06 21:29:18.746967,4
2026-03-06 21:29:19.754181,4
2026-03-06 21:29:20.761198,4
2026-03-06 21:29:21.768025,4
2026-03-06 21:29:22.775162,4
2026-03-06 21:29:23.782273,4
2026-03-06 21:29:24.789118,4
2026-03-06 21:29:25.796102,4
2026-03-06 21:29:26.801299,4
2026-03-06 21:29:27.808466,4
2026-03-06 21:29:28.815012,4
2026-03-06 21:29:29.822471,4
2026-03-06 21:29:30.829295,4
2026-03-06 21:29:31.836144,4
2026-03-06 21:29:32.843462,4
2026-03-06 21:29:33.85056,4
2026-03-06 21:29:34.857343,4
2026-03-06 21:29:35.862167,4
2026-03-06 21:29:36.869367,4
2026-03-06 21:29:37.876043,4
2026-03-06 21:29:38.883383,4
2026-03-06 21:29:39.890464,4
2026-03-06 21:29:40.897327,4
2026-03-06 21:29:41.904064,4
2026-03-06 21:29:42.911491,4
2026-03-06 21:29:43.91839,4
2026-03-06 21:29:44.923321,4
2026-03-06 21:29:45.930248,4
2026-03-06 21:29:46.937445,4
2026-03-06 21:29:47.944641,4
2026-03-06 21:29:48.951376,4
2026-03-06 21:29:49.958653,4
2026-03-06 21:29:50.963803,4
2026-03-06 21:29:51.970801,4
2026-03-06 21:29:52.975346,4
2026-03-06 21:29:53.976503,4
2026-03-06 21:29:54.983906,4
2026-03-06 21:29:55.990379,4
2026-03-06 21:29:56.997445,4
2026-03-06 21:29:58.004607,4
2026-03-06 21:29:59.011683,4
2026-03-06 21:30:00.018617,4
2026-03-06 21:30:01.025354,4
2026-03-06 21:30:02.032336,4
2026-03-06 21:30:03.037698,4
2026-03-06 21:30:04.044334,4
2026-03-06 21:30:05.051347,4
2026-03-06 21:30:06.058391,4
2026-03-06 21:30:07.065626,4
2026-03-06 21:30:08.072391,4
2026-03-06 21:30:09.079422,4
2026-03-06 21:30:10.086498,4
2026-03-06 21:30:11.093297,4
2026-03-06 21:30:12.098874,4
2026-03-06 21:30:13.105768,4
2026-03-06 21:30:14.112787,4
2026-03-06 21:30:15.119357,4
2026-03-06 21:30:16.126811,4
2026-03-06 21:30:17.133547,4
2026-03-06 21:30:18.140837,4
2026-03-06 21:30:19.147474,4
2026-03-06 21:30:20.154691,4
2026-03-06 21:30:21.159796,4
2026-03-06 21:30:22.166777,4
2026-03-06 21:30:23.173645,4
2026-03-06 21:30:24.180656,4
2026-03-06 21:30:25.187946,4
2026-03-06 21:30:26.194736,4
2026-03-06 21:30:27.201749,4
2026-03-06 21:30:28.209091,4
2026-03-06 21:30:29.215596,4
2026-03-06 21:30:30.220686,4
2026-03-06 21:30:31.228255,4
2026-03-06 21:30:32.234885,4
2026-03-06 21:30:33.241774,4
2026-03-06 21:30:34.248769,4
2026-03-06 21:30:35.255802,4
2026-03-06 21:30:36.263017,4
2026-03-06 21:30:37.269945,4
2026-03-06 21:30:38.276646,4
2026-03-06 21:30:39.282077,4
2026-03-06 21:30:40.28904,4
2026-03-06 21:30:41.296188,4
2026-03-06 21:30:42.303211,4
2026-03-06 21:30:43.310165,4
2026-03-06 21:30:44.317086,4
2026-03-06 21:30:45.324265,4
2026-03-06 21:30:46.330987,4
2026-03-06 21:30:47.337979,4
2026-03-06 21:30:48.342988,4
2026-03-06 21:30:49.350309,4
2026-03-06 21:30:50.357462,4
2026-03-06 21:30:51.364105,4
2026-03-06 21:30:52.371383,4
2026-03-06 21:30:53.378067,4
2026-03-06 21:30:54.384933,4
2026-03-06 21:30:55.392421,4
2026-03-06 21:30:56.399003,4
2026-03-06 21:30:57.404305,4
2026-03-06 21:30:58.411494,4
2026-03-06 21:30:59.418312,4
2026-03-06 21:31:00.425425,4
2026-03-06 21:31:01.432445,4
2026-03-06 21:31:02.43939,4
2026-03-06 21:31:03.444519,4
2026-03-06 21:31:04.451312,4
2026-03-06 21:31:05.456319,4
2026-03-06 21:31:06.457241,4
2026-03-06 21:31:07.46432,4
2026-03-06 21:31:08.471493,4
2026-03-06 21:31:09.478244,4
2026-03-06 21:31:10.485234,4
2026-03-06 21:31:11.492164,4
2026-03-06 21:31:12.49914,4
2026-03-06 21:31:13.506671,4
2026-03-06 21:31:14.513099,4
2026-03-06 21:31:15.518462,4
2026-03-06 21:31:16.525284,4
2026-03-06 21:31:17.53257,4
2026-03-06 21:31:18.539354,4
2026-03-06 21:31:19.546314,4
2026-03-06 21:31:20.553606,4
2026-03-06 21:31:21.560514,4
2026-03-06 21:31:22.567433,4
2026-03-06 21:31:23.574597,4
2026-03-06 21:31:24.579749,4
2026-03-06 21:31:25.586428,4
2026-03-06 21:31:26.593368,4
2026-03-06 21:31:27.600672,4
2026-03-06 21:31:28.60766,4
2026-03-06 21:31:29.614523,4
2026-03-06 21:31:30.621272,4
2026-03-06 21:31:31.628347,4
2026-03-06 21:31:32.635301,4
2026-03-06 21:31:33.640864,4
2026-03-06 21:31:34.647381,4
2026-03-06 21:31:35.654647,4
2026-03-06 21:31:36.661451,4
2026-03-06 21:31:37.668868,4
2026-03-06 21:31:38.67586,4
2026-03-06 21:31:39.682913,4
2026-03-06 21:31:40.68984,4
2026-03-06 21:31:41.696645,4
2026-03-06 21:31:42.701518,4
2026-03-06 21:31:43.70881,4
2026-03-06 21:31:44.7158,4
2026-03-06 21:31:45.722794,4
2026-03-06 21:31:46.729956,4
2026-03-06 21:31:47.736888,4
2026-03-06 21:31:48.743827,4
2026-03-06 21:31:49.75077,4
2026-03-06 21:31:50.75751,4
2026-03-06 21:31:51.762968,4
2026-03-06 21:31:52.770036,4
2026-03-06 21:31:53.777016,4
2026-03-06 21:31:54.783708,4
2026-03-06 21:31:55.7908,4
2026-03-06 21:31:56.798129,4
2026-03-06 21:31:57.805182,4
2026-03-06 21:31:58.811996,4
2026-03-06 21:31:59.818664,4
2026-03-06 21:32:00.824124,4
2026-03-06 21:32:01.831061,4
2026-03-06 21:32:02.837698,4
2026-03-06 21:32:03.84498,4
2026-03-06 21:32:04.852035,4
2026-03-06 21:32:05.859416,4
2026-03-06 21:32:06.866291,4
2026-03-06 21:32:07.872774,4
2026-03-06 21:32:08.879887,4
2026-03-06 21:32:09.885057,4
2026-03-06 21:32:10.892086,4
2026-03-06 21:32:11.898934,4
2026-03-06 21:32:12.9059,4
2026-03-06 21:32:13.913049,4
2026-03-06 21:32:14.920067,4
2026-03-06 21:32:15.924964,4
2026-03-06 21:32:16.93209,4
2026-03-06 21:32:17.936923,4
2026-03-06 21:32:18.938017,4
2026-03-06 21:32:19.945145,4
2026-03-06 21:32:20.952169,4
2026-03-06 21:32:21.958894,4
2026-03-06 21:32:22.965978,4
2026-03-06 21:32:23.972846,4
2026-03-06 21:32:24.97986,4
2026-03-06 21:32:25.987365,4
2026-03-06 21:32:26.994212,4
2026-03-06 21:32:27.999138,4
2026-03-06 21:32:29.006366,4
2026-03-06 21:32:30.013065,4
2026-03-06 21:32:31.020222,4
2026-03-06 21:32:32.02697,4
2026-03-06 21:32:33.033986,4
2026-03-06 21:32:34.041529,4
2026-03-06 21:32:35.048098,4
2026-03-06 21:32:36.055058,4
2026-03-06 21:32:37.060422,4
2026-03-06 21:32:38.067713,4
2026-03-06 21:32:39.074243,4
2026-03-06 21:32:40.081129,4
2026-03-06 21:32:41.088326,4
2026-03-06 21:32:42.097191,4
2026-03-06 21:32:43.103013,4
2026-03-06 21:32:44.109165,4
2026-03-06 21:32:45.118522,4
2026-03-06 21:32:46.122216,4
2026-03-06 21:32:47.128791,4
2026-03-06 21:32:48.135499,4
2026-03-06 21:32:49.142787,4
2026-03-06 21:32:50.149444,4
2026-03-06 21:32:51.156403,4
2026-03-06 21:32:52.166739,4
2026-03-06 21:32:53.17037,4
2026-03-06 21:32:54.17781,4
2026-03-06 21:32:55.182354,4
2026-03-06 21:32:56.189527,4
2026-03-06 21:32:57.196682,4
2026-03-06 21:32:58.203662,4
2026-03-06 21:32:59.210829,4
2026-03-06 21:33:00.217622,4
2026-03-06 21:33:01.224387,4
2026-03-06 21:33:02.231902,4
2026-03-06 21:33:03.23843,4
2026-03-06 21:33:04.24397,4
2026-03-06 21:33:05.250613,4
2026-03-06 21:33:06.257805,4
2026-03-06 21:33:07.265064,4
2026-03-06 21:33:08.271962,4
2026-03-06 21:33:09.27918,4
2026-03-06 21:33:10.288711,4
2026-03-06 21:33:11.292462,4
2026-03-06 21:33:12.299564,4
2026-03-06 21:33:13.304624,4
2026-03-06 21:33:14.31195,4
2026-03-06 21:33:15.319037,4
2026-03-06 21:33:16.325981,4
2026-03-06 21:33:17.332728,4
2026-03-06 21:33:18.347208,4
2026-03-06 21:33:19.346559,4
2026-03-06 21:33:20.353864,4
2026-03-06 21:33:21.361336,4
2026-03-06 21:33:22.366018,4
2026-03-06 21:33:23.372963,4
2026-03-06 21:33:24.381655,4
2026-03-06 21:33:25.387114,4
2026-03-06 21:33:26.393917,4
2026-03-06 21:33:27.400902,4
2026-03-06 21:33:28.406323,4
2026-03-06 21:33:29.412728,4
2026-03-06 21:33:30.418221,4
2026-03-06 21:33:31.418941,4
2026-03-06 21:33:32.425799,4
2026-03-06 21:33:33.435952,4
2026-03-06 21:33:34.440737,4
2026-03-06 21:33:35.446877,4
2026-03-06 21:33:40.069778,4
2026-03-06 21:33:40.156942,4
2026-03-06 21:33:40.361421,4
2026-03-06 21:33:40.435016,4
2026-03-06 21:33:40.484479,4
2026-03-06 21:33:41.490888,4
2026-03-06 21:33:42.498094,4
2026-03-06 21:33:43.505811,4
2026-03-06 21:33:44.512199,4
2026-03-06 21:33:45.519122,4
2026-03-06 21:33:46.590896,4
2026-03-06 21:34:21.266756,4
2026-03-06 21:34:21.39373,4
2026-03-06 21:34:21.420823,4
2026-03-06 21:34:21.439801,4
2026-03-06 21:34:21.763415,4
2026-03-06 21:34:22.770287,4
2026-03-06 21:34:23.77722,4
2026-03-06 21:34:24.784145,4
2026-03-06 21:34:25.789674,4
2026-03-06 21:34:26.79671,4
2026-03-06 21:34:27.803699,4
2026-03-06 21:34:28.810791,4
2026-03-06 21:34:29.817475,4
2026-03-06 21:34:30.824798,4
2026-03-06 21:34:31.831561,4
2026-03-06 21:34:32.838504,4
2026-03-06 21:34:33.845461,4
2026-03-06 21:34:34.850417,4
2026-03-06 21:34:35.857663,4
2026-03-06 21:34:36.862313,4
2026-03-06 21:34:37.869723,4
2026-03-06 21:34:38.878742,4
2026-03-06 21:34:39.886473,4
2026-03-06 21:34:40.894086,4
2026-03-06 21:34:41.90056,4
2026-03-06 21:34:42.907343,4
2026-03-06 21:34:43.909676,4
2026-03-06 21:34:44.915709,4
2026-03-06 21:34:45.922703,4
2026-03-06 21:34:46.929803,4
2026-03-06 21:34:47.936871,4
2026-03-06 21:34:48.943497,4
2026-03-06 21:34:49.95093,4
2026-03-06 21:34:50.957528,4
2026-03-06 21:34:51.964821,4
2026-03-06 21:34:52.969556,4
2026-03-06 21:34:53.976599,4
2026-03-06 21:34:54.983543,4
2026-03-06 21:34:55.990591,4
2026-03-06 21:34:56.998038,4
2026-03-06 21:34:58.004575,4
2026-03-06 21:34:59.011767,4
2026-03-06 21:35:00.01862,4
2026-03-06 21:35:01.025914,4
2026-03-06 21:35:02.031106,4
2026-03-06 21:35:03.037993,4
2026-03-06 21:35:04.044753,4
2026-03-06 21:35:05.051791,4
2026-03-06 21:35:06.059053,4
2026-03-06 21:35:07.065956,4
2026-03-06 21:35:08.07312,4
2026-03-06 21:35:09.079893,4
2026-03-06 21:35:10.086865,4
2026-03-06 21:35:11.092176,4
2026-03-06 21:35:12.099049,4
2026-03-06 21:35:13.105697,4
2026-03-06 21:35:14.113035,4
2026-03-06 21:35:15.121183,4
2026-03-06 21:35:16.127238,4
2026-03-06 21:35:17.133755,4
2026-03-06 21:35:18.141117,4
2026-03-06 21:35:19.148182,4
2026-03-06 21:35:20.153276,4
2026-03-06 21:35:21.160269,4
2026-03-06 21:35:22.167325,4
2026-03-06 21:35:23.174264,4
2026-03-06 21:35:24.181376,4
2026-03-06 21:35:25.188139,4
2026-03-06 21:35:26.195177,4
2026-03-06 21:35:27.202107,4
2026-03-06 21:35:28.209261,4
2026-03-06 21:35:29.214341,4
2026-03-06 21:35:30.221134,4
2026-03-06 21:35:31.228399,4
2026-03-06 21:35:32.235455,4
2026-03-06 21:35:33.242239,4
2026-03-06 21:35:34.249362,4
2026-03-06 21:35:35.25651,4
2026-03-06 21:35:36.263121,4
2026-03-06 21:35:37.270117,4
2026-03-06 21:35:38.275447,4
2026-03-06 21:35:39.282201,4
2026-03-06 21:35:40.289325,4
2026-03-06 21:35:41.296129,4
2026-03-06 21:35:42.303033,4
2026-03-06 21:35:43.310314,4
2026-03-06 21:35:44.317201,4
2026-03-06 21:35:45.324358,4
2026-03-06 21:35:46.331289,4
2026-03-06 21:35:47.336673,4
2026-03-06 21:35:48.343392,4
2026-03-06 21:35:49.348381,4
2026-03-06 21:35:50.355514,4
2026-03-06 21:35:51.362707,4
2026-03-06 21:35:52.369491,4
2026-03-06 21:35:53.376309,4
2026-03-06 21:35:54.38346,4
2026-03-06 21:35:55.390123,4
2026-03-06 21:35:56.391558,4
2026-03-06 21:35:57.398502,4
2026-03-06 21:35:58.405363,4
2026-03-06 21:35:59.412588,4
2026-03-06 21:36:00.419649,4
2026-03-06 21:36:01.426452,4
2026-03-06 21:36:02.433429,4
2026-03-06 21:36:03.440326,4
2026-03-06 21:36:04.447649,4
2026-03-06 21:36:05.452486,4
2026-03-06 21:36:06.459627,4
2026-03-06 21:36:07.466736,4
2026-03-06 21:36:08.474592,4
2026-03-06 21:36:09.480643,4
2026-03-06 21:36:10.487586,4
2026-03-06 21:36:11.494615,4
2026-03-06 21:36:12.501511,4
2026-03-06 21:36:13.508536,4
2026-03-06 21:36:14.51342,4
2026-03-06 21:36:15.52065,4
2026-03-06 21:36:16.527743,4
2026-03-06 21:36:17.534603,4
2026-03-06 21:36:18.541757,4
2026-03-06 21:36:19.548965,4
2026-03-06 21:36:20.555766,4
2026-03-06 21:36:21.562955,4
2026-03-06 21:36:22.569604,4
2026-03-06 21:36:23.574649,4
2026-03-06 21:36:24.582027,4
2026-03-06 21:36:25.588815,4
2026-03-06 21:36:26.595983,4
2026-03-06 21:36:27.603111,4
2026-03-06 21:36:28.609838,4
2026-03-06 21:36:29.617193,4
2026-03-06 21:36:30.623814,4
2026-03-06 21:36:31.630833,4
2026-03-06 21:36:32.635766,4
2026-03-06 21:36:33.642912,4
2026-03-06 21:36:34.649793,4
2026-03-06 21:36:35.658428,4
2026-03-06 21:36:36.663955,4
2026-03-06 21:36:37.671289,4
2026-03-06 21:36:38.677831,4
2026-03-06 21:36:39.685308,4
2026-03-06 21:36:40.692552,4
2026-03-06 21:36:41.69689,4
2026-03-06 21:36:42.703954,4
2026-03-06 21:36:43.71112,4
2026-03-06 21:36:44.718744,4
2026-03-06 21:36:45.72512,4
2026-03-06 21:36:46.732052,4
2026-03-06 21:36:47.738925,4
2026-03-06 21:36:49.068649,4
2026-03-06 21:36:49.752929,4
2026-03-06 21:36:50.759183,4
2026-03-06 21:36:51.766249,4
2026-03-06 21:36:52.773206,4
2026-03-06 21:36:53.77906,4
2026-03-06 21:36:54.787239,4
2026-03-06 21:36:55.7932,4
2026-03-06 21:36:56.80029,4
2026-03-06 21:36:57.807201,4
2026-03-06 21:36:58.814203,4
2026-03-06 21:36:59.819039,4
2026-03-06 21:37:00.828195,4
2026-03-06 21:37:01.835564,4
2026-03-06 21:37:02.84008,4
2026-03-06 21:37:03.847032,4
2026-03-06 21:37:04.854583,4
2026-03-06 21:37:05.8614,4
2026-03-06 21:37:06.866289,4
2026-03-06 21:37:07.873371,4
2026-03-06 21:37:08.874672,4
2026-03-06 21:37:09.883196,4
2026-03-06 21:37:10.8882,4
2026-03-06 21:37:11.89526,4
2026-03-06 21:37:12.902387,4
2026-03-06 21:37:13.909476,4
2026-03-06 21:37:14.916476,4
2026-03-06 21:37:15.923488,4
2026-03-06 21:37:16.930411,4
2026-03-06 21:37:17.935533,4
2026-03-06 21:37:18.942664,4
2026-03-06 21:37:19.949377,4
2026-03-06 21:37:20.956252,4
2026-03-06 21:37:21.963367,4
2026-03-06 21:37:22.970381,4
2026-03-06 21:37:23.977868,4
2026-03-06 21:37:24.984541,4
2026-03-06 21:37:25.991582,4
2026-03-06 21:37:26.996565,4
2026-03-06 21:37:28.003606,4
2026-03-06 21:37:29.010655,4
2026-03-06 21:37:30.017844,4
2026-03-06 21:37:31.024503,4
2026-03-06 21:37:32.033435,4
2026-03-06 21:37:33.038507,4
2026-03-06 21:37:34.045922,4
2026-03-06 21:37:35.05235,4
2026-03-06 21:37:36.057521,4
2026-03-06 21:37:37.064836,4
2026-03-06 21:37:38.071605,4
2026-03-06 21:37:39.078518,4
2026-03-06 21:37:40.085628,4
2026-03-06 21:37:41.092683,4
2026-03-06 21:37:42.099915,4
2026-03-06 21:37:43.106938,4
2026-03-06 21:37:44.116197,4
2026-03-06 21:37:45.118721,4
2026-03-06 21:37:46.125708,4
2026-03-06 21:37:47.132614,4
2026-03-06 21:37:48.139545,4
2026-03-06 21:37:49.146878,4
2026-03-06 21:37:50.153786,4
2026-03-06 21:37:51.160649,4
2026-03-06 21:37:52.1677,4
2026-03-06 21:37:53.174549,4
2026-03-06 21:37:54.179874,4
2026-03-06 21:37:55.185034,4
2026-03-06 21:37:56.191668,4
2026-03-06 21:37:57.201171,4
2026-03-06 21:37:58.206403,4
2026-03-06 21:37:59.213029,4
2026-03-06 21:38:00.219876,4
2026-03-06 21:38:01.226953,4
2026-03-06 21:38:02.23373,4
2026-03-06 21:38:03.238921,4
2026-03-06 21:38:04.246046,4
2026-03-06 21:38:05.252941,4
2026-03-06 21:38:06.260191,4
2026-03-06 21:38:07.266837,4
2026-03-06 21:38:08.274152,4
2026-03-06 21:38:09.28078,4
2026-03-06 21:38:10.287737,4
2026-03-06 21:38:11.294781,4
2026-03-06 21:38:12.299979,4
2026-03-06 21:38:13.306964,4
2026-03-06 21:38:14.313929,4
2026-03-06 21:38:15.321221,4
2026-03-06 21:38:16.328101,4
2026-03-06 21:38:17.334698,4
2026-03-06 21:38:18.342004,4
2026-03-06 21:38:19.349128,4
2026-03-06 21:38:20.355812,4
2026-03-06 21:38:21.357237,4
2026-03-06 21:38:22.364356,4
2026-03-06 21:38:23.371474,4
2026-03-06 21:38:24.37814,4
2026-03-06 21:38:25.38525,4
2026-03-06 21:38:26.392443,4
2026-03-06 21:38:27.399424,4
2026-03-06 21:38:28.40612,4
2026-03-06 21:38:29.413075,4
2026-03-06 21:38:30.417996,4
