time,BOARD.HB_31.board_id
2026-03-06 21:14:18.312334,31
2026-03-06 21:14:18.347514,31
2026-03-06 21:14:19.356371,31
2026-03-06 21:14:20.367615,31
2026-03-06 21:14:21.376433,31
2026-03-06 21:14:22.385476,31
2026-03-06 21:14:23.394922,31
2026-03-06 21:14:24.403748,31
2026-03-06 21:14:25.411037,31
2026-03-06 21:14:26.416038,31
2026-03-06 21:14:27.424912,31
2026-03-06 21:14:28.433989,31
2026-03-06 21:14:29.444536,31
2026-03-06 21:14:30.453078,31
2026-03-06 21:14:31.461755,31
2026-03-06 21:14:32.471072,31
2026-03-06 21:14:33.479925,31
2026-03-06 21:14:34.488656,31
2026-03-06 21:14:35.498958,31
2026-03-06 21:14:36.507892,31
2026-03-06 21:14:37.517099,31
2026-03-06 21:14:38.52891,31
2026-03-06 21:14:39.537367,31
2026-03-06 21:14:40.542098,31
2026-03-06 21:14:41.551379,31
2026-03-06 21:14:42.560288,31
2026-03-06 21:14:43.569227,31
2026-03-06 21:14:44.578474,31
2026-03-06 21:14:45.587037,31
2026-03-06 21:14:46.595979,31
2026-03-06 21:14:47.607306,31
2026-03-06 21:14:48.615067,31
2026-03-06 21:14:49.624149,31
2026-03-06 21:14:50.63313,31
2026-03-06 21:14:51.642469,31
2026-03-06 21:14:52.651494,31
2026-03-06 21:14:53.660306,31
2026-03-06 21:14:54.669774,31
2026-03-06 21:14:55.6746,31
2026-03-06 21:14:56.685978,31
2026-03-06 21:14:57.693261,31
2026-03-06 21:14:58.702604,31
2026-03-06 21:14:59.711422,31
2026-03-06 21:15:00.720384,31
2026-03-06 21:15:01.729473,31
2026-03-06 21:15:02.738593,31
2026-03-06 21:15:03.747763,31
2026-03-06 21:15:04.757525,31
2026-03-06 21:15:05.767819,31
2026-03-06 21:15:06.776536,31
2026-03-06 21:15:07.786735,31
2026-03-06 21:15:08.7962,31
2026-03-06 21:15:09.800575,31
2026-03-06 21:15:10.809891,31
2026-03-06 21:15:11.818609,31
2026-03-06 21:15:12.827722,31
2026-03-06 21:15:13.836785,31
2026-03-06 21:15:14.847139,31
2026-03-06 21:15:15.855571,31
2026-03-06 21:15:16.865425,31
2026-03-06 21:15:17.873995,31
2026-03-06 21:15:18.883944,31
2026-03-06 21:15:19.892595,31
2026-03-06 21:15:20.902416,31
2026-03-06 21:15:21.911341,31
2026-03-06 21:15:22.921212,31
2026-03-06 21:15:23.92847,31
2026-03-06 21:15:24.93411,31
2026-03-06 21:15:25.942733,31
2026-03-06 21:15:26.952029,31
2026-03-06 21:15:27.961024,31
2026-03-06 21:15:28.970306,31
2026-03-06 21:15:29.97945,31
2026-03-06 21:15:30.988128,31
2026-03-06 21:15:31.997119,31
2026-03-06 21:15:33.008824,31
2026-03-06 21:15:34.017395,31
2026-03-06 21:15:35.026267,31
2026-03-06 21:15:36.036374,31
2026-03-06 21:15:37.046398,31
2026-03-06 21:15:38.055314,31
2026-03-06 21:15:39.060316,31
2026-03-06 21:15:40.069596,31
2026-03-06 21:15:41.078024,31
2026-03-06 21:15:42.089123,31
2026-03-06 21:15:43.097693,31
2026-03-06 21:15:44.106554,31
2026-03-06 21:15:45.115749,31
2026-03-06 21:15:46.12451,31
2026-03-06 21:15:47.133704,31
2026-03-06 21:15:48.14239,31
2026-03-06 21:15:49.151442,31
2026-03-06 21:15:50.16051,31
2026-03-06 21:15:51.170517,31
2026-03-06 21:15:52.180521,31
2026-03-06 21:15:53.185434,31
2026-03-06 21:15:54.194748,31
2026-03-06 21:15:55.203703,31
2026-03-06 21:15:56.213133,31
2026-03-06 21:15:57.221599,31
2026-03-06 21:15:58.230945,31
2026-03-06 21:15:59.240035,31
2026-03-06 21:16:00.249521,31
2026-03-06 21:16:01.25852,31
2026-03-06 21:16:02.267524,31
2026-03-06 21:16:03.276525,31
2026-03-06 21:16:04.285584,31
2026-03-06 21:16:05.295156,31
2026-03-06 21:16:06.304093,31
2026-03-06 21:16:07.31257,31
2026-03-06 21:16:08.317982,31
2026-03-06 21:16:09.327774,31
2026-03-06 21:16:10.337014,31
2026-03-06 21:16:11.345947,31
2026-03-06 21:16:12.355725,31
2026-03-06 21:16:13.365054,31
2026-03-06 21:16:14.373882,31
2026-03-06 21:16:15.382866,31
2026-03-06 21:16:16.392005,31
2026-03-06 21:16:17.401035,31
2026-03-06 21:16:18.411437,31
2026-03-06 21:16:19.419907,31
2026-03-06 21:16:20.429259,31
2026-03-06 21:16:21.438443,31
2026-03-06 21:16:22.442846,31
2026-03-06 21:16:23.451936,31
2026-03-06 21:16:24.461143,31
2026-03-06 21:16:25.47019,31
2026-03-06 21:16:26.479464,31
2026-03-06 21:16:27.490012,31
2026-03-06 21:16:28.498225,31
2026-03-06 21:16:29.507144,31
2026-03-06 21:16:30.517254,31
2026-03-06 21:16:31.526294,31
2026-03-06 21:16:32.535075,31
2026-03-06 21:16:33.544678,31
2026-03-06 21:16:34.553253,31
2026-03-06 21:16:35.562525,31
2026-03-06 21:16:36.572278,31
2026-03-06 21:16:37.577382,31
2026-03-06 21:16:38.586455,31
2026-03-06 21:16:39.595703,31
2026-03-06 21:16:40.604726,31
2026-03-06 21:16:41.613848,31
2026-03-06 21:16:42.622481,31
2026-03-06 21:16:43.631178,31
2026-03-06 21:16:44.640427,31
2026-03-06 21:16:45.651534,31
2026-03-06 21:16:46.661372,31
2026-03-06 21:16:47.67073,31
2026-03-06 21:16:48.680977,31
2026-03-06 21:16:49.689793,31
2026-03-06 21:16:50.698837,31
2026-03-06 21:16:51.70382,31
2026-03-06 21:16:52.712446,31
2026-03-06 21:16:53.721676,31
2026-03-06 21:16:54.732132,31
2026-03-06 21:16:55.740999,31
2026-03-06 21:16:56.749734,31
2026-03-06 21:16:57.758673,31
2026-03-06 21:16:58.76772,31
2026-03-06 21:16:59.77767,31
2026-03-06 21:17:00.786778,31
2026-03-06 21:17:01.795898,31
2026-03-06 21:17:02.803068,31
2026-03-06 21:17:03.812913,31
2026-03-06 21:17:04.821868,31
2026-03-06 21:17:05.827208,31
2026-03-06 21:17:06.835911,31
2026-03-06 21:17:07.845009,31
2026-03-06 21:17:08.853967,31
2026-03-06 21:17:09.86348,31
2026-03-06 21:17:10.871938,31
2026-03-06 21:17:11.881306,31
2026-03-06 21:17:12.892332,31
2026-03-06 21:17:13.899933,31
2026-03-06 21:17:14.910173,31
2026-03-06 21:17:15.919008,31
2026-03-06 21:17:16.92827,31
2026-03-06 21:17:17.937374,31
2026-03-06 21:17:18.947696,31
2026-03-06 21:17:19.954993,31
2026-03-06 21:17:20.960684,31
2026-03-06 21:17:21.970573,31
2026-03-06 21:17:22.979975,31
2026-03-06 21:17:23.988184,31
2026-03-06 21:17:24.997597,31
2026-03-06 21:17:26.006143,31
2026-03-06 21:17:27.015255,31
2026-03-06 21:17:28.024007,31
2026-03-06 21:17:29.033096,31
2026-03-06 21:17:30.042279,31
2026-03-06 21:17:31.053195,31
2026-03-06 21:17:32.061439,31
2026-03-06 21:17:33.070199,31
2026-03-06 21:17:34.079709,31
2026-03-06 21:17:35.084216,31
2026-03-06 21:17:36.093672,31
2026-03-06 21:17:37.102357,31
2026-03-06 21:17:38.11187,31
2026-03-06 21:17:39.120846,31
2026-03-06 21:17:40.130246,31
2026-03-06 21:17:41.139925,31
2026-03-06 21:17:42.148814,31
2026-03-06 21:17:43.157766,31
2026-03-06 21:17:44.166514,31
2026-03-06 21:17:45.175859,31
2026-03-06 21:17:46.185099,31
2026-03-06 21:17:47.193382,31
2026-03-06 21:17:48.203828,31
2026-03-06 21:17:49.213822,31
2026-03-06 21:17:50.218552,31
2026-03-06 21:17:51.227887,31
2026-03-06 21:17:52.237482,31
2026-03-06 21:17:53.24591,31
2026-03-06 21:17:54.25506,31
2026-03-06 21:17:55.263861,31
2026-03-06 21:17:56.272988,31
2026-03-06 21:17:57.281613,31
2026-03-06 21:17:58.292333,31
2026-03-06 21:17:59.301764,31
2026-03-06 21:18:00.311029,31
2026-03-06 21:18:01.320386,31
2026-03-06 21:18:02.330086,31
2026-03-06 21:18:03.338793,31
2026-03-06 21:18:04.343822,31
2026-03-06 21:18:05.353033,31
2026-03-06 21:18:06.362268,31
2026-03-06 21:18:07.372762,31
2026-03-06 21:18:08.380823,31
2026-03-06 21:18:09.390345,31
2026-03-06 21:18:10.399421,31
2026-03-06 21:18:11.408466,31
2026-03-06 21:18:12.417106,31
2026-03-06 21:18:13.426996,31
2026-03-06 21:18:14.43603,31
2026-03-06 21:18:15.445061,31
2026-03-06 21:18:16.456444,31
2026-03-06 21:18:17.465234,31
2026-03-06 21:18:18.470189,31
2026-03-06 21:18:19.479259,31
2026-03-06 21:18:20.488478,31
2026-03-06 21:18:21.49772,31
2026-03-06 21:18:22.506247,31
2026-03-06 21:18:23.515413,31
2026-03-06 21:18:24.524226,31
2026-03-06 21:18:25.534693,31
2026-03-06 21:18:26.543558,31
2026-03-06 21:18:27.552442,31
2026-03-06 21:18:28.561697,31
2026-03-06 21:18:29.570554,31
2026-03-06 21:18:30.580223,31
2026-03-06 21:18:31.590322,31
2026-03-06 21:18:32.599716,31
2026-03-06 21:18:33.604879,31
2026-03-06 21:18:34.614496,31
2026-03-06 21:18:35.623446,31
2026-03-06 21:18:36.632765,31
2026-03-06 21:18:37.641891,31
2026-03-06 21:18:38.650863,31
2026-03-06 21:18:39.659877,31
2026-03-06 21:18:40.66886,31
2026-03-06 21:18:41.677631,31
2026-03-06 21:18:42.686636,31
2026-03-06 21:18:43.696884,31
2026-03-06 21:18:44.70548,31
2026-03-06 21:18:45.714789,31
2026-03-06 21:18:46.724134,31
2026-03-06 21:18:47.728927,31
2026-03-06 21:18:48.737775,31
2026-03-06 21:18:49.747037,31
2026-03-06 21:18:50.756319,31
2026-03-06 21:18:51.764895,31
2026-03-06 21:18:52.775017,31
2026-03-06 21:18:53.785191,31
2026-03-06 21:18:54.794022,31
2026-03-06 21:18:55.803717,31
2026-03-06 21:18:56.813678,31
2026-03-06 21:18:57.822898,31
2026-03-06 21:18:58.831765,31
2026-03-06 21:18:59.841088,31
2026-03-06 21:19:00.849894,31
2026-03-06 21:19:01.859872,31
2026-03-06 21:19:02.865054,31
2026-03-06 21:19:03.874347,31
2026-03-06 21:19:04.883799,31
2026-03-06 21:19:05.892131,31
2026-03-06 21:19:06.900939,31
2026-03-06 21:19:07.909861,31
2026-03-06 21:19:08.919268,31
2026-03-06 21:19:09.927995,31
2026-03-06 21:19:10.939924,31
2026-03-06 21:19:11.948186,31
2026-03-06 21:19:12.957245,31
2026-03-06 21:19:13.966487,31
2026-03-06 21:19:14.975461,31
2026-03-06 21:19:15.984047,31
2026-03-06 21:19:16.989102,31
2026-03-06 21:19:17.998607,31
2026-03-06 21:19:19.007396,31
2026-03-06 21:19:20.018053,31
2026-03-06 21:19:21.026427,31
2026-03-06 21:19:22.035304,31
2026-03-06 21:19:23.044384,31
2026-03-06 21:19:24.053389,31
2026-03-06 21:19:25.062356,31
2026-03-06 21:19:26.072638,31
2026-03-06 21:19:27.081801,31
2026-03-06 21:19:28.090204,31
2026-03-06 21:19:29.100226,31
2026-03-06 21:19:30.109743,31
2026-03-06 21:19:31.114387,31
2026-03-06 21:19:32.123239,31
2026-03-06 21:19:33.132551,31
2026-03-06 21:19:34.141825,31
2026-03-06 21:19:35.15073,31
2026-03-06 21:19:36.159387,31
2026-03-06 21:19:37.16836,31
2026-03-06 21:19:38.178442,31
2026-03-06 21:19:39.188003,31
2026-03-06 21:19:40.196472,31
2026-03-06 21:19:41.20579,31
2026-03-06 21:19:42.214864,31
2026-03-06 21:19:43.224999,31
2026-03-06 21:19:44.235118,31
2026-03-06 21:19:45.243795,31
2026-03-06 21:19:46.248835,31
2026-03-06 21:19:47.258799,31
2026-03-06 21:19:48.267808,31
2026-03-06 21:19:49.277116,31
2026-03-06 21:19:50.285639,31
2026-03-06 21:19:51.294848,31
2026-03-06 21:19:52.304011,31
2026-03-06 21:19:53.312939,31
2026-03-06 21:19:54.322266,31
2026-03-06 21:19:55.330664,31
2026-03-06 21:19:56.34077,31
2026-03-06 21:19:57.349936,31
2026-03-06 21:19:58.359088,31
2026-03-06 21:19:59.367985,31
2026-03-06 21:20:00.372738,31
2026-03-06 21:20:01.382098,31
2026-03-06 21:20:02.391111,31
2026-03-06 21:20:03.400057,31
2026-03-06 21:20:04.409016,31
2026-03-06 21:20:05.419098,31
2026-03-06 21:20:06.427913,31
2026-03-06 21:20:07.43746,31
2026-03-06 21:20:08.445912,31
2026-03-06 21:20:09.45518,31
2026-03-06 21:20:10.464236,31
2026-03-06 21:20:11.473231,31
2026-03-06 21:20:12.481981,31
2026-03-06 21:20:13.491287,31
2026-03-06 21:20:14.501145,31
2026-03-06 21:20:15.506203,31
2026-03-06 21:20:16.515,31
2026-03-06 21:20:17.524547,31
2026-03-06 21:20:18.533237,31
2026-03-06 21:20:19.542685,31
2026-03-06 21:20:20.551163,31
2026-03-06 21:20:21.56039,31
2026-03-06 21:20:22.569396,31
2026-03-06 21:20:23.579482,31
2026-03-06 21:20:24.588656,31
2026-03-06 21:20:25.597458,31
2026-03-06 21:20:26.606596,31
2026-03-06 21:20:27.615378,31
2026-03-06 21:20:28.624764,31
2026-03-06 21:20:29.629673,31
2026-03-06 21:20:30.638777,31
2026-03-06 21:20:31.64741,31
2026-03-06 21:20:32.657672,31
2026-03-06 21:20:33.666522,31
2026-03-06 21:20:34.675645,31
2026-03-06 21:20:35.684572,31
2026-03-06 21:20:36.693618,31
2026-03-06 21:20:37.702315,31
2026-03-06 21:20:38.712544,31
2026-03-06 21:20:39.721792,31
2026-03-06 21:20:40.730678,31
2026-03-06 21:20:41.741596,31
2026-03-06 21:20:42.750923,31
2026-03-06 21:20:43.755722,31
2026-03-06 21:20:44.764427,31
2026-03-06 21:20:45.773888,31
2026-03-06 21:20:46.782641,31
2026-03-06 21:20:47.791801,31
2026-03-06 21:20:48.800614,31
2026-03-06 21:20:49.80962,31
2026-03-06 21:20:50.819436,31
2026-03-06 21:20:51.829064,31
2026-03-06 21:20:52.837925,31
2026-03-06 21:20:53.84701,31
2026-03-06 21:20:54.856229,31
2026-03-06 21:20:55.865752,31
2026-03-06 21:20:56.875915,31
2026-03-06 21:20:57.885217,31
2026-03-06 21:20:58.890002,31
2026-03-06 21:20:59.89989,31
2026-03-06 21:21:00.908667,31
2026-03-06 21:21:01.918228,31
2026-03-06 21:21:02.927238,31
2026-03-06 21:21:03.936247,31
2026-03-06 21:21:04.944802,31
2026-03-06 21:21:05.954022,31
2026-03-06 21:21:06.963161,31
2026-03-06 21:21:07.971836,31
2026-03-06 21:21:08.982116,31
2026-03-06 21:21:09.991422,31
2026-03-06 21:21:11.000229,31
2026-03-06 21:21:12.009451,31
2026-03-06 21:21:13.014391,31
2026-03-06 21:21:14.023107,31
2026-03-06 21:21:15.032012,31
2026-03-06 21:21:16.041583,31
2026-03-06 21:21:17.050112,31
2026-03-06 21:21:18.060137,31
2026-03-06 21:21:19.070777,31
2026-03-06 21:21:20.07961,31
2026-03-06 21:21:21.089374,31
2026-03-06 21:21:22.099144,31
2026-03-06 21:21:23.108353,31
2026-03-06 21:21:24.117494,31
2026-03-06 21:21:25.126486,31
2026-03-06 21:21:26.135527,31
2026-03-06 21:21:27.145222,31
2026-03-06 21:21:28.150288,31
2026-03-06 21:21:29.159529,31
2026-03-06 21:21:30.168464,31
2026-03-06 21:21:31.177179,31
2026-03-06 21:21:32.186604,31
2026-03-06 21:21:33.195338,31
2026-03-06 21:21:34.204084,31
2026-03-06 21:21:35.213445,31
2026-03-06 21:21:36.22418,31
2026-03-06 21:21:37.233566,31
2026-03-06 21:21:38.242477,31
2026-03-06 21:21:39.25189,31
2026-03-06 21:21:40.260491,31
2026-03-06 21:21:41.269586,31
2026-03-06 21:21:42.274851,31
2026-03-06 21:21:43.28367,31
2026-03-06 21:21:44.292694,31
2026-03-06 21:21:45.302729,31
2026-03-06 21:21:46.311833,31
2026-03-06 21:21:47.320558,31
2026-03-06 21:21:48.329526,31
2026-03-06 21:21:49.338862,31
2026-03-06 21:21:50.348018,31
2026-03-06 21:21:51.357933,31
2026-03-06 21:21:52.36668,31
2026-03-06 21:21:53.376063,31
2026-03-06 21:21:54.386961,31
2026-03-06 21:21:55.394973,31
2026-03-06 21:21:56.399658,31
2026-03-06 21:21:57.409047,31
2026-03-06 21:21:58.417715,31
2026-03-06 21:21:59.426938,31
2026-03-06 21:22:00.436149,31
2026-03-06 21:22:01.44512,31
2026-03-06 21:22:02.453732,31
2026-03-06 21:22:03.464086,31
2026-03-06 21:22:04.472957,31
2026-03-06 21:22:05.48236,31
2026-03-06 21:22:06.491176,31
2026-03-06 21:22:07.500317,31
2026-03-06 21:22:08.510177,31
2026-03-06 21:22:09.520376,31
2026-03-06 21:22:10.528871,31
2026-03-06 21:22:11.534091,31
2026-03-06 21:22:12.544135,31
2026-03-06 21:22:13.552985,31
2026-03-06 21:22:14.562187,31
2026-03-06 21:22:15.571288,31
2026-03-06 21:22:16.580191,31
2026-03-06 21:22:17.589011,31
2026-03-06 21:22:18.598134,31
2026-03-06 21:22:19.60708,31
2026-03-06 21:22:20.616167,31
2026-03-06 21:22:21.626073,31
2026-03-06 21:22:22.635348,31
2026-03-06 21:22:23.644134,31
2026-03-06 21:22:24.653568,31
2026-03-06 21:22:25.658301,31
2026-03-06 21:22:26.66729,31
2026-03-06 21:22:27.676424,31
2026-03-06 21:22:28.685551,31
2026-03-06 21:22:29.694034,31
2026-03-06 21:22:30.704058,31
2026-03-06 21:22:31.713741,31
2026-03-06 21:22:32.722358,31
2026-03-06 21:22:33.731705,31
2026-03-06 21:22:34.740305,31
2026-03-06 21:22:35.74956,31
2026-03-06 21:22:36.758414,31
2026-03-06 21:22:37.767759,31
2026-03-06 21:22:38.776308,31
2026-03-06 21:22:39.785918,31
2026-03-06 21:22:40.791539,31
2026-03-06 21:22:41.800641,31
2026-03-06 21:22:42.809554,31
2026-03-06 21:22:43.818294,31
2026-03-06 21:22:44.827588,31
2026-03-06 21:22:45.836671,31
2026-03-06 21:22:46.845587,31
2026-03-06 21:22:47.854816,31
2026-03-06 21:22:48.864518,31
2026-03-06 21:22:49.873686,31
2026-03-06 21:22:50.882533,31
2026-03-06 21:22:51.891356,31
2026-03-06 21:22:52.901054,31
2026-03-06 21:22:53.909649,31
2026-03-06 21:22:54.914951,31
2026-03-06 21:22:55.923807,31
2026-03-06 21:22:56.932601,31
2026-03-06 21:22:57.942523,31
2026-03-06 21:22:58.952033,31
2026-03-06 21:22:59.960892,31
2026-03-06 21:23:00.969975,31
2026-03-06 21:23:01.979041,31
2026-03-06 21:23:02.987645,31
2026-03-06 21:23:03.997933,31
2026-03-06 21:23:05.006885,31
2026-03-06 21:23:06.015763,31
2026-03-06 21:23:07.027714,31
2026-03-06 21:23:08.035963,31
2026-03-06 21:23:09.041246,31
2026-03-06 21:23:10.050314,31
2026-03-06 21:23:11.059064,31
2026-03-06 21:23:12.068135,31
2026-03-06 21:23:13.076924,31
2026-03-06 21:23:14.086063,31
2026-03-06 21:23:15.094828,31
2026-03-06 21:23:16.104959,31
2026-03-06 21:23:17.114261,31
2026-03-06 21:23:18.123197,31
2026-03-06 21:23:19.131916,31
2026-03-06 21:23:20.141362,31
2026-03-06 21:23:21.151252,31
2026-03-06 21:23:22.161483,31
2026-03-06 21:23:23.170454,31
2026-03-06 21:23:24.174945,31
2026-03-06 21:23:25.184992,31
2026-03-06 21:23:26.193985,31
2026-03-06 21:23:27.202951,31
2026-03-06 21:23:28.212354,31
2026-03-06 21:23:29.221323,31
2026-03-06 21:23:30.230092,31
2026-03-06 21:23:31.239415,31
2026-03-06 21:23:32.248082,31
2026-03-06 21:23:33.257292,31
2026-03-06 21:23:34.267162,31
2026-03-06 21:23:35.276504,31
2026-03-06 21:23:36.285667,31
2026-03-06 21:23:37.294432,31
2026-03-06 21:23:38.299407,31
2026-03-06 21:23:39.308439,31
2026-03-06 21:23:40.317111,31
2026-03-06 21:23:41.326278,31
2026-03-06 21:23:42.335709,31
2026-03-06 21:23:43.345344,31
2026-03-06 21:23:44.355208,31
2026-03-06 21:23:45.364362,31
2026-03-06 21:23:46.374352,31
2026-03-06 21:23:47.384888,31
2026-03-06 21:23:48.393698,31
2026-03-06 21:23:49.40259,31
2026-03-06 21:23:50.411494,31
2026-03-06 21:23:51.420571,31
2026-03-06 21:23:52.43047,31
2026-03-06 21:23:53.435666,31
2026-03-06 21:23:54.444833,31
2026-03-06 21:23:55.453381,31
2026-03-06 21:23:56.462941,31
2026-03-06 21:23:57.471717,31
2026-03-06 21:23:58.480789,31
2026-03-06 21:23:59.489664,31
2026-03-06 21:24:00.498699,31
2026-03-06 21:24:01.509938,31
2026-03-06 21:24:02.51877,31
2026-03-06 21:24:03.527661,31
2026-03-06 21:24:04.536889,31
2026-03-06 21:24:05.545961,31
2026-03-06 21:24:06.554727,31
2026-03-06 21:24:07.559685,31
2026-03-06 21:24:08.568659,31
2026-03-06 21:24:09.577533,31
2026-03-06 21:24:10.587755,31
2026-03-06 21:24:11.59702,31
2026-03-06 21:24:12.606054,31
2026-03-06 21:24:13.615331,31
2026-03-06 21:24:14.624064,31
2026-03-06 21:24:15.633055,31
2026-03-06 21:24:16.643168,31
2026-03-06 21:24:17.652258,31
2026-03-06 21:24:18.661027,31
2026-03-06 21:24:19.671502,31
2026-03-06 21:24:20.68032,31
2026-03-06 21:24:21.684832,31
2026-03-06 21:24:22.694571,31
2026-03-06 21:24:23.703043,31
2026-03-06 21:24:24.712934,31
2026-03-06 21:24:25.721239,31
2026-03-06 21:24:26.72998,31
2026-03-06 21:24:27.739214,31
2026-03-06 21:24:28.749069,31
2026-03-06 21:24:29.758156,31
2026-03-06 21:24:30.767245,31
2026-03-06 21:24:31.776476,31
2026-03-06 21:24:32.784927,31
2026-03-06 21:24:33.795376,31
2026-03-06 21:24:34.805362,31
2026-03-06 21:24:35.814491,31
2026-03-06 21:24:36.819316,31
2026-03-06 21:24:37.829691,31
2026-03-06 21:24:38.838118,31
2026-03-06 21:24:39.847219,31
2026-03-06 21:24:40.856062,31
2026-03-06 21:24:41.86522,31
2026-03-06 21:24:42.874434,31
2026-03-06 21:24:43.883564,31
2026-03-06 21:24:44.892589,31
2026-03-06 21:24:45.901787,31
2026-03-06 21:24:46.911085,31
2026-03-06 21:24:47.920662,31
2026-03-06 21:24:48.929698,31
2026-03-06 21:24:49.938534,31
2026-03-06 21:24:50.94336,31
2026-03-06 21:24:51.95275,31
2026-03-06 21:24:52.961362,31
2026-03-06 21:24:53.970769,31
2026-03-06 21:24:54.97957,31
2026-03-06 21:24:55.989516,31
2026-03-06 21:24:56.998267,31
2026-03-06 21:24:58.007656,31
2026-03-06 21:24:59.016433,31
2026-03-06 21:25:00.025291,31
2026-03-06 21:25:01.034996,31
2026-03-06 21:25:02.043356,31
2026-03-06 21:25:03.052854,31
2026-03-06 21:25:04.061312,31
2026-03-06 21:25:05.071437,31
2026-03-06 21:25:06.076367,31
2026-03-06 21:25:07.085569,31
2026-03-06 21:25:08.09483,31
2026-03-06 21:25:09.103679,31
2026-03-06 21:25:10.112868,31
2026-03-06 21:25:11.121766,31
2026-03-06 21:25:12.131051,31
2026-03-06 21:25:13.139822,31
2026-03-06 21:25:14.149521,31
2026-03-06 21:25:15.158703,31
2026-03-06 21:25:16.168032,31
2026-03-06 21:25:17.176799,31
2026-03-06 21:25:18.186148,31
2026-03-06 21:25:19.19494,31
2026-03-06 21:25:20.199984,31
2026-03-06 21:25:21.209203,31
2026-03-06 21:25:22.217761,31
2026-03-06 21:25:23.227576,31
2026-03-06 21:25:24.237084,31
2026-03-06 21:25:25.24607,31
2026-03-06 21:25:26.255081,31
2026-03-06 21:25:27.264304,31
2026-03-06 21:25:28.272871,31
2026-03-06 21:25:29.282981,31
2026-03-06 21:25:30.292347,31
2026-03-06 21:25:31.300894,31
2026-03-06 21:25:32.311758,31
2026-03-06 21:25:33.321021,31
2026-03-06 21:25:34.325801,31
2026-03-06 21:25:35.334979,31
2026-03-06 21:25:36.344172,31
2026-03-06 21:25:37.353333,31
2026-03-06 21:25:38.361937,31
2026-03-06 21:25:39.371058,31
2026-03-06 21:25:40.380402,31
2026-03-06 21:25:41.390143,31
2026-03-06 21:25:42.399425,31
2026-03-06 21:25:43.408284,31
2026-03-06 21:25:44.417132,31
2026-03-06 21:25:45.426232,31
2026-03-06 21:25:46.436273,31
2026-03-06 21:25:47.446084,31
2026-03-06 21:25:48.455123,31
2026-03-06 21:25:49.459997,31
2026-03-06 21:25:50.470894,31
2026-03-06 21:25:51.479038,31
2026-03-06 21:25:52.488444,31
2026-03-06 21:25:53.497273,31
2026-03-06 21:25:54.506374,31
2026-03-06 21:25:55.515479,31
2026-03-06 21:25:56.524548,31
2026-03-06 21:25:57.533348,31
2026-03-06 21:25:58.542687,31
2026-03-06 21:25:59.55248,31
2026-03-06 21:26:00.561284,31
2026-03-06 21:26:01.570697,31
2026-03-06 21:26:02.579256,31
2026-03-06 21:26:03.584711,31
2026-03-06 21:26:04.593326,31
2026-03-06 21:26:05.602598,31
2026-03-06 21:26:06.611252,31
2026-03-06 21:26:07.620481,31
2026-03-06 21:26:08.630892,31
2026-03-06 21:26:09.640504,31
2026-03-06 21:26:10.649858,31
2026-03-06 21:26:11.659708,31
2026-03-06 21:26:12.669496,31
2026-03-06 21:26:13.678904,31
2026-03-06 21:26:14.6879,31
2026-03-06 21:26:15.696815,31
2026-03-06 21:26:16.705496,31
2026-03-06 21:26:17.715341,31
2026-03-06 21:26:18.720881,31
2026-03-06 21:26:19.729546,31
2026-03-06 21:26:20.738741,31
2026-03-06 21:26:21.74753,31
2026-03-06 21:26:22.756876,31
2026-03-06 21:26:23.765844,31
2026-03-06 21:26:24.774653,31
2026-03-06 21:26:25.784042,31
2026-03-06 21:26:26.794539,31
2026-03-06 21:26:27.803649,31
2026-03-06 21:26:28.81305,31
2026-03-06 21:26:29.821857,31
2026-03-06 21:26:30.831068,31
2026-03-06 21:26:31.840322,31
2026-03-06 21:26:32.845092,31
2026-03-06 21:26:33.854007,31
2026-03-06 21:26:34.86275,31
2026-03-06 21:26:35.872796,31
2026-03-06 21:26:36.882287,31
2026-03-06 21:26:37.891017,31
2026-03-06 21:26:38.899667,31
2026-03-06 21:26:39.909109,31
2026-03-06 21:26:40.918095,31
2026-03-06 21:26:41.927892,31
2026-03-06 21:26:42.936889,31
2026-03-06 21:26:43.946003,31
2026-03-06 21:26:44.956038,31
2026-03-06 21:26:45.965734,31
2026-03-06 21:26:46.969834,31
2026-03-06 21:26:47.979467,31
2026-03-06 21:26:48.988242,31
2026-03-06 21:26:49.997106,31
2026-03-06 21:26:51.006226,31
2026-03-06 21:26:52.01525,31
2026-03-06 21:26:53.023963,31
2026-03-06 21:26:54.034377,31
2026-03-06 21:26:55.043143,31
2026-03-06 21:26:56.052187,31
2026-03-06 21:26:57.061574,31
2026-03-06 21:26:58.070469,31
2026-03-06 21:26:59.080545,31
2026-03-06 21:27:00.090146,31
2026-03-06 21:27:01.099022,31
2026-03-06 21:27:02.104397,31
2026-03-06 21:27:03.114202,31
2026-03-06 21:27:04.123348,31
2026-03-06 21:27:05.132149,31
2026-03-06 21:27:06.141386,31
2026-03-06 21:27:07.150459,31
2026-03-06 21:27:08.159186,31
2026-03-06 21:27:09.168401,31
2026-03-06 21:27:10.17739,31
2026-03-06 21:27:11.186579,31
2026-03-06 21:27:12.196275,31
2026-03-06 21:27:13.205488,31
2026-03-06 21:27:14.214205,31
2026-03-06 21:27:15.223812,31
2026-03-06 21:27:16.228362,31
2026-03-06 21:27:17.237228,31
2026-03-06 21:27:18.246511,31
2026-03-06 21:27:19.255542,31
2026-03-06 21:27:20.264246,31
2026-03-06 21:27:21.274446,31
2026-03-06 21:27:22.283783,31
2026-03-06 21:27:23.293053,31
2026-03-06 21:27:24.301734,31
2026-03-06 21:27:25.310566,31
2026-03-06 21:27:26.319431,31
2026-03-06 21:27:27.328834,31
2026-03-06 21:27:28.337697,31
2026-03-06 21:27:29.346858,31
2026-03-06 21:27:30.356233,31
2026-03-06 21:27:31.361854,31
2026-03-06 21:27:32.370919,31
2026-03-06 21:27:33.380077,31
2026-03-06 21:27:34.388579,31
2026-03-06 21:27:35.398011,31
2026-03-06 21:27:36.406795,31
2026-03-06 21:27:37.416144,31
2026-03-06 21:27:38.424689,31
2026-03-06 21:27:39.434805,31
2026-03-06 21:27:40.443724,31
2026-03-06 21:27:41.452766,31
2026-03-06 21:27:42.461592,31
2026-03-06 21:27:43.471173,31
2026-03-06 21:27:44.479849,31
2026-03-06 21:27:45.484685,31
2026-03-06 21:27:46.494025,31
2026-03-06 21:27:47.502921,31
2026-03-06 21:27:48.512849,31
2026-03-06 21:27:49.521998,31
2026-03-06 21:27:50.530969,31
2026-03-06 21:27:51.540075,31
2026-03-06 21:27:52.548821,31
2026-03-06 21:27:53.558052,31
2026-03-06 21:27:54.567793,31
2026-03-06 21:27:55.576749,31
2026-03-06 21:27:56.586198,31
2026-03-06 21:27:57.597362,31
2026-03-06 21:27:58.606288,31
2026-03-06 21:27:59.610904,31
2026-03-06 21:28:00.620039,31
2026-03-06 21:28:01.628964,31
2026-03-06 21:28:02.638427,31
2026-03-06 21:28:03.647047,31
2026-03-06 21:28:04.656401,31
2026-03-06 21:28:05.664921,31
2026-03-06 21:28:06.675112,31
2026-03-06 21:28:07.68398,31
2026-03-06 21:28:08.693438,31
2026-03-06 21:28:09.702442,31
2026-03-06 21:28:10.711291,31
2026-03-06 21:28:11.721644,31
2026-03-06 21:28:12.731053,31
2026-03-06 21:28:13.74031,31
2026-03-06 21:28:14.745532,31
2026-03-06 21:28:15.754979,31
2026-03-06 21:28:16.764444,31
2026-03-06 21:28:17.773366,31
2026-03-06 21:28:18.782287,31
2026-03-06 21:28:19.791278,31
2026-03-06 21:28:20.800091,31
2026-03-06 21:28:21.809618,31
2026-03-06 21:28:22.818164,31
2026-03-06 21:28:23.827347,31
2026-03-06 21:28:24.837331,31
2026-03-06 21:28:25.846592,31
2026-03-06 21:28:26.855509,31
2026-03-06 21:28:27.864463,31
2026-03-06 21:28:28.869723,31
2026-03-06 21:28:29.878489,31
2026-03-06 21:28:30.887806,31
2026-03-06 21:28:31.896813,31
2026-03-06 21:28:32.905661,31
2026-03-06 21:28:33.915482,31
2026-03-06 21:28:34.925717,31
2026-03-06 21:28:35.934317,31
2026-03-06 21:28:36.944885,31
2026-03-06 21:28:37.954616,31
2026-03-06 21:28:38.963536,31
2026-03-06 21:28:39.972435,31
2026-03-06 21:28:40.98155,31
2026-03-06 21:28:41.990458,31
2026-03-06 21:28:43.00024,31
2026-03-06 21:28:44.005954,31
2026-03-06 21:28:45.015023,31
2026-03-06 21:28:46.024004,31
2026-03-06 21:28:47.032423,31
2026-03-06 21:28:48.042055,31
2026-03-06 21:28:49.050974,31
2026-03-06 21:28:50.060054,31
2026-03-06 21:28:51.06898,31
2026-03-06 21:28:52.079558,31
2026-03-06 21:28:53.088655,31
2026-03-06 21:28:54.097941,31
2026-03-06 21:28:55.106682,31
2026-03-06 21:28:56.116058,31
2026-03-06 21:28:57.124837,31
2026-03-06 21:28:58.129773,31
2026-03-06 21:28:59.13917,31
2026-03-06 21:29:00.147877,31
2026-03-06 21:29:01.157936,31
2026-03-06 21:29:02.167006,31
2026-03-06 21:29:03.175671,31
2026-03-06 21:29:04.184773,31
2026-03-06 21:29:05.19395,31
2026-03-06 21:29:06.203268,31
2026-03-06 21:29:07.213071,31
2026-03-06 21:29:08.222123,31
2026-03-06 21:29:09.230784,31
2026-03-06 21:29:10.240876,31
2026-03-06 21:29:11.250258,31
2026-03-06 21:29:12.254723,31
2026-03-06 21:29:13.264166,31
2026-03-06 21:29:14.273328,31
2026-03-06 21:29:15.282131,31
2026-03-06 21:29:16.290929,31
2026-03-06 21:29:17.29996,31
2026-03-06 21:29:18.30922,31
2026-03-06 21:29:19.319126,31
2026-03-06 21:29:20.328258,31
2026-03-06 21:29:21.337168,31
2026-03-06 21:29:22.346028,31
2026-03-06 21:29:23.354903,31
2026-03-06 21:29:24.365274,31
2026-03-06 21:29:25.375307,31
2026-03-06 21:29:26.384394,31
2026-03-06 21:29:27.389004,31
2026-03-06 21:29:28.399723,31
2026-03-06 21:29:29.408155,31
2026-03-06 21:29:30.417152,31
2026-03-06 21:29:31.42655,31
2026-03-06 21:29:32.43554,31
2026-03-06 21:29:33.444299,31
2026-03-06 21:29:34.453631,31
2026-03-06 21:29:35.462465,31
2026-03-06 21:29:36.471611,31
2026-03-06 21:29:37.481045,31
2026-03-06 21:29:38.490437,31
2026-03-06 21:29:39.499346,31
2026-03-06 21:29:40.508346,31
2026-03-06 21:29:41.513362,31
2026-03-06 21:29:42.522235,31
2026-03-06 21:29:43.531661,31
2026-03-06 21:29:44.540288,31
2026-03-06 21:29:45.549558,31
2026-03-06 21:29:46.559568,31
2026-03-06 21:29:47.568733,31
2026-03-06 21:29:48.577258,31
2026-03-06 21:29:49.586674,31
2026-03-06 21:29:50.595462,31
2026-03-06 21:29:51.60429,31
2026-03-06 21:29:52.613865,31
2026-03-06 21:29:53.622694,31
2026-03-06 21:29:54.631814,31
2026-03-06 21:29:55.641137,31
2026-03-06 21:29:56.646543,31
2026-03-06 21:29:57.655571,31
2026-03-06 21:29:58.664676,31
2026-03-06 21:29:59.673802,31
2026-03-06 21:30:00.682734,31
2026-03-06 21:30:01.691764,31
2026-03-06 21:30:02.700534,31
2026-03-06 21:30:03.709873,31
2026-03-06 21:30:04.719391,31
2026-03-06 21:30:05.728766,31
2026-03-06 21:30:06.737751,31
2026-03-06 21:30:07.746437,31
2026-03-06 21:30:08.755557,31
2026-03-06 21:30:09.764934,31
2026-03-06 21:30:10.769697,31
2026-03-06 21:30:11.779041,31
2026-03-06 21:30:12.788072,31
2026-03-06 21:30:13.797611,31
2026-03-06 21:30:14.807079,31
2026-03-06 21:30:15.815754,31
2026-03-06 21:30:16.825085,31
2026-03-06 21:30:17.834112,31
2026-03-06 21:30:18.842728,31
2026-03-06 21:30:19.853081,31
2026-03-06 21:30:20.861898,31
2026-03-06 21:30:21.870838,31
2026-03-06 21:30:22.881704,31
2026-03-06 21:30:23.890854,31
2026-03-06 21:30:24.895812,31
2026-03-06 21:30:25.905004,31
2026-03-06 21:30:26.914264,31
2026-03-06 21:30:27.923253,31
2026-03-06 21:30:28.932319,31
2026-03-06 21:30:29.941099,31
2026-03-06 21:30:30.95025,31
2026-03-06 21:30:31.959885,31
2026-03-06 21:30:32.96893,31
2026-03-06 21:30:33.978386,31
2026-03-06 21:30:34.987189,31
2026-03-06 21:30:35.995872,31
2026-03-06 21:30:37.006289,31
2026-03-06 21:30:38.016237,31
2026-03-06 21:30:39.025425,31
2026-03-06 21:30:40.030463,31
2026-03-06 21:30:41.040249,31
2026-03-06 21:30:42.049283,31
2026-03-06 21:30:43.058422,31
2026-03-06 21:30:44.067126,31
2026-03-06 21:30:45.076017,31
2026-03-06 21:30:46.085039,31
2026-03-06 21:30:47.094384,31
2026-03-06 21:30:48.10304,31
2026-03-06 21:30:49.112241,31
2026-03-06 21:30:50.122572,31
2026-03-06 21:30:51.131213,31
2026-03-06 21:30:52.140475,31
2026-03-06 21:30:53.149664,31
2026-03-06 21:30:54.154138,31
2026-03-06 21:30:55.163763,31
2026-03-06 21:30:56.172492,31
2026-03-06 21:30:57.181231,31
2026-03-06 21:30:58.190561,31
2026-03-06 21:30:59.200737,31
2026-03-06 21:31:00.210766,31
2026-03-06 21:31:01.219286,31
2026-03-06 21:31:02.22938,31
2026-03-06 21:31:03.239476,31
2026-03-06 21:31:04.248254,31
2026-03-06 21:31:05.25752,31
2026-03-06 21:31:06.266617,31
2026-03-06 21:31:07.27535,31
2026-03-06 21:31:08.285251,31
2026-03-06 21:31:09.290568,31
2026-03-06 21:31:10.299344,31
2026-03-06 21:31:11.308433,31
2026-03-06 21:31:12.317935,31
2026-03-06 21:31:13.326532,31
2026-03-06 21:31:14.335438,31
2026-03-06 21:31:15.34458,31
2026-03-06 21:31:16.353687,31
2026-03-06 21:31:17.364416,31
2026-03-06 21:31:18.373841,31
2026-03-06 21:31:19.382876,31
2026-03-06 21:31:20.391526,31
2026-03-06 21:31:21.400663,31
2026-03-06 21:31:22.409887,31
2026-03-06 21:31:23.414866,31
2026-03-06 21:31:24.424078,31
2026-03-06 21:31:25.432547,31
2026-03-06 21:31:26.443155,31
2026-03-06 21:31:27.451903,31
2026-03-06 21:31:28.460753,31
2026-03-06 21:31:29.469819,31
2026-03-06 21:31:30.478735,31
2026-03-06 21:31:31.487659,31
2026-03-06 21:31:32.498144,31
2026-03-06 21:31:33.506803,31
2026-03-06 21:31:34.515944,31
2026-03-06 21:31:35.526088,31
2026-03-06 21:31:36.534719,31
2026-03-06 21:31:37.540311,31
2026-03-06 21:31:38.548927,31
2026-03-06 21:31:39.557697,31
2026-03-06 21:31:40.56733,31
2026-03-06 21:31:41.576115,31
2026-03-06 21:31:42.585181,31
2026-03-06 21:31:43.593816,31
2026-03-06 21:31:44.604014,31
2026-03-06 21:31:45.612877,31
2026-03-06 21:31:46.62228,31
2026-03-06 21:31:47.630944,31
2026-03-06 21:31:48.640357,31
2026-03-06 21:31:49.649938,31
2026-03-06 21:31:50.660386,31
2026-03-06 21:31:51.668923,31
2026-03-06 21:31:52.674309,31
2026-03-06 21:31:53.68396,31
2026-03-06 21:31:54.6934,31
2026-03-06 21:31:55.702299,31
2026-03-06 21:31:56.711364,31
2026-03-06 21:31:57.720396,31
2026-03-06 21:31:58.72943,31
2026-03-06 21:31:59.738347,31
2026-03-06 21:32:00.747476,31
2026-03-06 21:32:01.756153,31
2026-03-06 21:32:02.766114,31
2026-03-06 21:32:03.775317,31
2026-03-06 21:32:04.784346,31
2026-03-06 21:32:05.793263,31
2026-03-06 21:32:06.798287,31
2026-03-06 21:32:07.807601,31
2026-03-06 21:32:08.816366,31
2026-03-06 21:32:09.825583,31
2026-03-06 21:32:10.834106,31
2026-03-06 21:32:11.84418,31
2026-03-06 21:32:12.85359,31
2026-03-06 21:32:13.862405,31
2026-03-06 21:32:14.871332,31
2026-03-06 21:32:15.880408,31
2026-03-06 21:32:16.889247,31
2026-03-06 21:32:17.898487,31
2026-03-06 21:32:18.907391,31
2026-03-06 21:32:19.91661,31
2026-03-06 21:32:20.926364,31
2026-03-06 21:32:21.931763,31
2026-03-06 21:32:22.940654,31
2026-03-06 21:32:23.949484,31
2026-03-06 21:32:24.958558,31
2026-03-06 21:32:25.967665,31
2026-03-06 21:32:26.976687,31
2026-03-06 21:32:27.985987,31
2026-03-06 21:32:28.994716,31
2026-03-06 21:32:30.004415,31
2026-03-06 21:32:31.013808,31
2026-03-06 21:32:32.022397,31
2026-03-06 21:32:33.031615,31
2026-03-06 21:32:34.040926,31
2026-03-06 21:32:35.04997,31
2026-03-06 21:32:36.054435,31
2026-03-06 21:32:37.064003,31
2026-03-06 21:32:38.072771,31
2026-03-06 21:32:39.082591,31
2026-03-06 21:32:40.091465,31
2026-03-06 21:32:41.100736,31
2026-03-06 21:32:42.110531,31
2026-03-06 21:32:43.118835,31
2026-03-06 21:32:44.127834,31
2026-03-06 21:32:45.13759,31
2026-03-06 21:32:46.148284,31
2026-03-06 21:32:47.155953,31
2026-03-06 21:32:48.167747,31
2026-03-06 21:32:49.176312,31
2026-03-06 21:32:50.181255,31
2026-03-06 21:32:51.190176,31
2026-03-06 21:32:52.198967,31
2026-03-06 21:32:53.208182,31
2026-03-06 21:32:54.217438,31
2026-03-06 21:32:55.22574,31
2026-03-06 21:32:56.234989,31
2026-03-06 21:32:57.245894,31
2026-03-06 21:32:58.254419,31
2026-03-06 21:32:59.263545,31
2026-03-06 21:33:00.272368,31
2026-03-06 21:33:01.281141,31
2026-03-06 21:33:02.291132,31
2026-03-06 21:33:03.300972,31
2026-03-06 21:33:04.311476,31
2026-03-06 21:33:05.315082,31
2026-03-06 21:33:06.326636,31
2026-03-06 21:33:07.334247,31
2026-03-06 21:33:08.343619,31
2026-03-06 21:33:09.352016,31
2026-03-06 21:33:10.361063,31
2026-03-06 21:33:11.370413,31
2026-03-06 21:33:12.380832,31
2026-03-06 21:33:13.388166,31
2026-03-06 21:33:14.397214,31
2026-03-06 21:33:15.407768,31
2026-03-06 21:33:16.41652,31
2026-03-06 21:33:17.425618,31
2026-03-06 21:33:18.434501,31
2026-03-06 21:33:19.439713,31
2026-03-06 21:33:20.448455,31
2026-03-06 21:33:21.460283,31
2026-03-06 21:33:22.469614,31
2026-03-06 21:33:23.475642,31
2026-03-06 21:33:24.485363,31
2026-03-06 21:33:25.495244,31
2026-03-06 21:33:26.50446,31
2026-03-06 21:33:27.514445,31
2026-03-06 21:33:28.524706,31
2026-03-06 21:33:29.53331,31
2026-03-06 21:33:30.5428,31
2026-03-06 21:33:31.554329,31
2026-03-06 21:33:32.560718,31
2026-03-06 21:33:33.574899,31
2026-03-06 21:33:34.592921,31
2026-03-06 21:33:35.584248,31
2026-03-06 21:33:40.097956,31
2026-03-06 21:33:40.160016,31
2026-03-06 21:33:40.366314,31
2026-03-06 21:33:40.438795,31
2026-03-06 21:33:40.677779,31
2026-03-06 21:33:41.640697,31
2026-03-06 21:33:42.658595,31
2026-03-06 21:33:43.66003,31
2026-03-06 21:33:44.668469,31
2026-03-06 21:33:45.677893,31
2026-03-06 21:34:20.984337,31
2026-03-06 21:34:21.293038,31
2026-03-06 21:34:21.399194,31
2026-03-06 21:34:21.425296,31
2026-03-06 21:34:21.441805,31
2026-03-06 21:34:21.998104,31
2026-03-06 21:34:23.006863,31
2026-03-06 21:34:24.016301,31
2026-03-06 21:34:25.024972,31
2026-03-06 21:34:26.034429,31
2026-03-06 21:34:27.042992,31
2026-03-06 21:34:28.053598,31
2026-03-06 21:34:29.062217,31
2026-03-06 21:34:30.071045,31
2026-03-06 21:34:31.078323,31
2026-03-06 21:34:32.083229,31
2026-03-06 21:34:33.092598,31
2026-03-06 21:34:34.101384,31
2026-03-06 21:34:35.110311,31
2026-03-06 21:34:36.119323,31
2026-03-06 21:34:37.129976,31
2026-03-06 21:34:38.139304,31
2026-03-06 21:34:39.149432,31
2026-03-06 21:34:40.160242,31
2026-03-06 21:34:41.16922,31
2026-03-06 21:34:42.178052,31
2026-03-06 21:34:43.187219,31
2026-03-06 21:34:44.196192,31
2026-03-06 21:34:45.205062,31
2026-03-06 21:34:46.215087,31
2026-03-06 21:34:47.220208,31
2026-03-06 21:34:48.229492,31
2026-03-06 21:34:49.238275,31
2026-03-06 21:34:50.24771,31
2026-03-06 21:34:51.256801,31
2026-03-06 21:34:52.266301,31
2026-03-06 21:34:53.27567,31
2026-03-06 21:34:54.284767,31
2026-03-06 21:34:55.29539,31
2026-03-06 21:34:56.303405,31
2026-03-06 21:34:57.312718,31
2026-03-06 21:34:58.319739,31
2026-03-06 21:34:59.328868,31
2026-03-06 21:35:00.337439,31
2026-03-06 21:35:01.342633,31
2026-03-06 21:35:02.351445,31
2026-03-06 21:35:03.360458,31
2026-03-06 21:35:04.372548,31
2026-03-06 21:35:05.379288,31
2026-03-06 21:35:06.388709,31
2026-03-06 21:35:07.397406,31
2026-03-06 21:35:08.406545,31
2026-03-06 21:35:09.41556,31
2026-03-06 21:35:10.424818,31
2026-03-06 21:35:11.433446,31
2026-03-06 21:35:12.442743,31
2026-03-06 21:35:13.453361,31
2026-03-06 21:35:14.46182,31
2026-03-06 21:35:15.466795,31
2026-03-06 21:35:16.475539,31
2026-03-06 21:35:17.484814,31
2026-03-06 21:35:18.494059,31
2026-03-06 21:35:19.502917,31
2026-03-06 21:35:20.512132,31
2026-03-06 21:35:21.520946,31
2026-03-06 21:35:22.531793,31
2026-03-06 21:35:23.53975,31
2026-03-06 21:35:24.548737,31
2026-03-06 21:35:25.55774,31
2026-03-06 21:35:26.566811,31
2026-03-06 21:35:27.575983,31
2026-03-06 21:35:28.586122,31
2026-03-06 21:35:29.594524,31
2026-03-06 21:35:30.600056,31
2026-03-06 21:35:31.610556,31
2026-03-06 21:35:32.619058,31
2026-03-06 21:35:33.62809,31
2026-03-06 21:35:34.636963,31
2026-03-06 21:35:35.64618,31
2026-03-06 21:35:36.65489,31
2026-03-06 21:35:37.664237,31
2026-03-06 21:35:38.67279,31
2026-03-06 21:35:39.681953,31
2026-03-06 21:35:40.693141,31
2026-03-06 21:35:41.701067,31
2026-03-06 21:35:42.711463,31
2026-03-06 21:35:43.720366,31
2026-03-06 21:35:44.724904,31
2026-03-06 21:35:45.734403,31
2026-03-06 21:35:46.743392,31
2026-03-06 21:35:47.752273,31
2026-03-06 21:35:48.761037,31
2026-03-06 21:35:49.771996,31
2026-03-06 21:35:50.780152,31
2026-03-06 21:35:51.789275,31
2026-03-06 21:35:52.799222,31
2026-03-06 21:35:53.808106,31
2026-03-06 21:35:54.817576,31
2026-03-06 21:35:55.826125,31
2026-03-06 21:35:56.835085,31
2026-03-06 21:35:57.844535,31
2026-03-06 21:35:58.854245,31
2026-03-06 21:35:59.859267,31
2026-03-06 21:36:00.868299,31
2026-03-06 21:36:01.877708,31
2026-03-06 21:36:02.886444,31
2026-03-06 21:36:03.895558,31
2026-03-06 21:36:04.904668,31
2026-03-06 21:36:05.913516,31
2026-03-06 21:36:06.92231,31
2026-03-06 21:36:07.933139,31
2026-03-06 21:36:08.941795,31
2026-03-06 21:36:09.950544,31
2026-03-06 21:36:10.959343,31
2026-03-06 21:36:11.968728,31
2026-03-06 21:36:12.977293,31
2026-03-06 21:36:13.982297,31
2026-03-06 21:36:14.991299,31
2026-03-06 21:36:16.000907,31
2026-03-06 21:36:17.010808,31
2026-03-06 21:36:18.01976,31
2026-03-06 21:36:19.028791,31
2026-03-06 21:36:20.038047,31
2026-03-06 21:36:21.046485,31
2026-03-06 21:36:22.055493,31
2026-03-06 21:36:23.06483,31
2026-03-06 21:36:24.073839,31
2026-03-06 21:36:25.082854,31
2026-03-06 21:36:26.09421,31
2026-03-06 21:36:27.103501,31
2026-03-06 21:36:28.108559,31
2026-03-06 21:36:29.118008,31
2026-03-06 21:36:30.127034,31
2026-03-06 21:36:31.135464,31
2026-03-06 21:36:32.144596,31
2026-03-06 21:36:33.15501,31
2026-03-06 21:36:34.163719,31
2026-03-06 21:36:35.174287,31
2026-03-06 21:36:36.182742,31
2026-03-06 21:36:37.19205,31
2026-03-06 21:36:38.200988,31
2026-03-06 21:36:39.209864,31
2026-03-06 21:36:40.21886,31
2026-03-06 21:36:41.229096,31
2026-03-06 21:36:42.238578,31
2026-03-06 21:36:43.244781,31
2026-03-06 21:36:44.252732,31
2026-03-06 21:36:45.261747,31
2026-03-06 21:36:46.271068,31
2026-03-06 21:36:47.280169,31
2026-03-06 21:36:48.288898,31
2026-03-06 21:36:49.298196,31
2026-03-06 21:36:50.307321,31
2026-03-06 21:36:51.317081,31
2026-03-06 21:36:52.326895,31
2026-03-06 21:36:53.336966,31
2026-03-06 21:36:54.346013,31
2026-03-06 21:36:55.355931,31
2026-03-06 21:36:56.365382,31
2026-03-06 21:36:57.370327,31
2026-03-06 21:36:58.379336,31
2026-03-06 21:36:59.388248,31
2026-03-06 21:37:00.397117,31
2026-03-06 21:37:01.406239,31
2026-03-06 21:37:02.415974,31
2026-03-06 21:37:03.425518,31
2026-03-06 21:37:04.433985,31
2026-03-06 21:37:05.443388,31
2026-03-06 21:37:06.452465,31
2026-03-06 21:37:07.461428,31
2026-03-06 21:37:08.47026,31
2026-03-06 21:37:09.479624,31
2026-03-06 21:37:10.488119,31
2026-03-06 21:37:11.497961,31
2026-03-06 21:37:12.503622,31
2026-03-06 21:37:13.512101,31
2026-03-06 21:37:14.521221,31
2026-03-06 21:37:15.530404,31
2026-03-06 21:37:16.539721,31
2026-03-06 21:37:17.548382,31
2026-03-06 21:37:18.557558,31
2026-03-06 21:37:19.566547,31
2026-03-06 21:37:20.576496,31
2026-03-06 21:37:21.586232,31
2026-03-06 21:37:22.596196,31
2026-03-06 21:37:23.604503,31
2026-03-06 21:37:24.613727,31
2026-03-06 21:37:25.624199,31
2026-03-06 21:37:26.627499,31
2026-03-06 21:37:27.636331,31
2026-03-06 21:37:28.645475,31
2026-03-06 21:37:29.655499,31
2026-03-06 21:37:30.664533,31
2026-03-06 21:37:31.673747,31
2026-03-06 21:37:32.685648,31
2026-03-06 21:37:33.691422,31
2026-03-06 21:37:34.700797,31
2026-03-06 21:37:35.709491,31
2026-03-06 21:37:36.718623,31
2026-03-06 21:37:37.727969,31
2026-03-06 21:37:38.737898,31
2026-03-06 21:37:39.746678,31
2026-03-06 21:37:40.751611,31
2026-03-06 21:37:41.760755,31
2026-03-06 21:37:42.769762,31
2026-03-06 21:37:43.778539,31
2026-03-06 21:37:44.78779,31
2026-03-06 21:37:45.796771,31
2026-03-06 21:37:46.806828,31
2026-03-06 21:37:47.817035,31
2026-03-06 21:37:48.825956,31
2026-03-06 21:37:49.834551,31
2026-03-06 21:37:50.845201,31
2026-03-06 21:37:51.853011,31
2026-03-06 21:37:52.861866,31
2026-03-06 21:37:53.871199,31
2026-03-06 21:37:54.880054,31
2026-03-06 21:37:55.885086,31
2026-03-06 21:37:56.895132,31
2026-03-06 21:37:57.905281,31
2026-03-06 21:37:58.913133,31
2026-03-06 21:37:59.921803,31
2026-03-06 21:38:00.931315,31
2026-03-06 21:38:01.940108,31
2026-03-06 21:38:02.949139,31
2026-03-06 21:38:03.958043,31
2026-03-06 21:38:04.967122,31
2026-03-06 21:38:05.977156,31
2026-03-06 21:38:06.986095,31
2026-03-06 21:38:07.995369,31
2026-03-06 21:38:09.004113,31
2026-03-06 21:38:10.009122,31
2026-03-06 21:38:11.018197,31
2026-03-06 21:38:12.027139,31
2026-03-06 21:38:13.03626,31
2026-03-06 21:38:14.044803,31
2026-03-06 21:38:15.05518,31
2026-03-06 21:38:16.064195,31
2026-03-06 21:38:17.073169,31
2026-03-06 21:38:18.081988,31
2026-03-06 21:38:19.091253,31
2026-03-06 21:38:20.100402,31
2026-03-06 21:38:21.109092,31
2026-03-06 21:38:22.119381,31
2026-03-06 21:38:23.129186,31
2026-03-06 21:38:24.138841,31
2026-03-06 21:38:25.144222,31
2026-03-06 21:38:26.153129,31
2026-03-06 21:38:27.162632,31
2026-03-06 21:38:28.17131,31
2026-03-06 21:38:29.18017,31
2026-03-06 21:38:30.18947,31
