month,n_soundings,H_msl_m,H_agl_ft,T_mean_k,T_sd_k,T_p05_k,T_p50_k,T_p95_k,eq7_minus_measured_k
1,72,630,0,278.31,11.08,257.53,280.37,293.58,+0.00
1,72,880,820,281.99,3.49,276.39,281.86,287.19,-5.16
1,72,1130,1640,281.81,3.55,276.01,281.67,287.77,-6.47
1,72,1380,2461,280.62,3.70,274.50,280.68,286.81,-6.77
1,72,1630,3281,279.62,4.03,272.78,279.97,285.63,-7.25
1,72,1880,4101,278.58,4.40,270.80,279.20,284.88,-7.70
1,72,2130,4921,277.68,4.72,268.91,278.49,283.99,-8.29
1,72,2380,5741,276.74,4.88,267.19,277.74,283.05,-8.84
1,72,2630,6562,275.83,5.10,265.95,276.94,282.54,-9.41
1,72,2880,7382,274.78,5.19,265.07,276.62,281.38,-9.85
1,72,3130,8202,273.59,5.06,264.01,275.17,279.98,-10.14
1,72,3380,9022,272.28,4.94,262.44,273.39,278.43,-10.32
1,72,3630,9843,270.91,4.92,261.12,272.21,276.70,-10.43
1,72,3880,10663,269.37,4.89,259.70,270.50,275.55,-10.39
1,72,4130,11483,267.85,4.87,259.34,268.65,273.96,-10.35
1,72,4380,12303,266.20,4.88,257.60,267.01,272.43,-10.19
1,72,4630,13123,264.46,4.97,255.55,265.18,270.44,-9.93
1,72,4880,13944,262.79,5.08,253.56,263.49,268.89,-9.75
1,72,5130,14764,261.05,5.12,251.73,261.56,267.05,-9.50
1,72,5380,15584,259.29,5.16,250.14,259.71,265.51,-9.22
1,72,5630,16404,257.51,5.23,248.29,257.80,263.60,-8.93
1,72,5880,17224,255.64,5.31,245.99,255.81,261.98,-8.54
1,72,6130,18045,253.83,5.35,243.91,254.06,260.52,-8.22
1,72,6380,18865,251.92,5.40,242.07,252.11,258.87,-7.80
1,72,6630,19685,250.00,5.40,240.16,250.36,256.74,-7.37
1,72,6880,20505,248.12,5.35,239.00,248.67,254.70,-6.97
1,72,7130,21325,246.36,5.31,238.39,246.82,253.00,-6.70
1,72,7380,22146,244.63,4.94,236.54,245.15,251.45,-6.46
1,72,7630,22966,242.79,4.60,235.00,243.02,249.37,-6.10
1,72,7880,23786,240.98,4.36,233.23,241.20,247.32,-5.78
1,72,8130,24606,239.09,4.13,232.81,239.00,245.18,-5.38
1,72,8380,25427,237.20,3.95,231.49,236.93,243.05,-4.97
2,110,630,0,281.83,11.80,259.10,283.30,296.90,+0.00
2,110,880,820,283.23,5.28,274.32,283.81,290.74,-2.97
2,110,1130,1640,282.20,5.24,273.18,282.99,289.77,-3.51
2,110,1380,2461,280.83,5.40,271.78,281.86,288.82,-3.71
2,110,1630,3281,279.37,5.51,270.27,280.43,287.73,-3.82
2,110,1880,4101,277.87,5.55,268.38,278.81,286.11,-3.90
2,110,2130,4921,276.30,5.67,266.24,277.32,284.72,-3.89
2,110,2380,5741,274.87,5.64,264.44,275.94,283.05,-4.03
2,110,2630,6562,273.61,5.58,262.92,274.54,281.73,-4.35
2,110,2880,7382,272.44,5.47,261.50,273.04,280.43,-4.75
2,110,3130,8202,271.19,5.47,260.75,271.52,279.19,-5.07
2,110,3380,9022,269.95,5.42,260.30,270.21,278.04,-5.40
2,110,3630,9843,268.67,5.43,258.87,268.87,277.41,-5.70
2,110,3880,10663,267.21,5.40,257.61,267.43,275.86,-5.80
2,110,4130,11483,265.66,5.39,255.70,265.71,274.41,-5.83
2,110,4380,12303,264.08,5.40,254.16,263.95,272.84,-5.82
2,110,4630,13123,262.45,5.38,252.26,262.33,271.15,-5.76
2,110,4880,13944,260.85,5.33,251.21,260.61,269.25,-5.73
2,110,5130,14764,259.24,5.28,250.38,259.03,267.34,-5.70
2,110,5380,15584,257.57,5.12,249.67,257.56,265.90,-5.59
2,110,5630,16404,255.86,5.16,247.61,256.05,264.42,-5.45
2,110,5880,17224,254.01,5.19,245.43,254.14,262.62,-5.18
2,110,6130,18045,252.18,5.17,243.32,252.39,260.78,-4.91
2,110,6380,18865,250.34,5.01,241.92,250.33,259.12,-4.65
2,110,6630,19685,248.45,4.91,240.62,248.32,257.06,-4.33
2,110,6880,20505,246.54,4.87,239.02,246.25,254.99,-3.99
2,110,7130,21325,244.64,4.79,237.52,244.33,252.90,-3.67
2,110,7380,22146,242.76,4.77,235.83,242.56,251.04,-3.35
2,110,7630,22966,240.83,4.74,233.88,240.51,249.23,-3.00
2,110,7880,23786,238.94,4.69,231.79,238.47,247.55,-2.68
2,110,8130,24606,237.10,4.62,229.84,236.30,245.96,-2.41
2,110,8380,25427,235.25,4.56,228.21,234.63,243.93,-2.13
3,183,630,0,286.28,10.81,267.56,286.57,303.55,+0.00
3,183,880,820,285.75,5.46,278.16,285.08,296.33,-1.15
3,183,1130,1640,284.46,5.57,276.78,284.31,295.58,-1.53
3,183,1380,2461,282.73,5.73,274.71,282.06,293.96,-1.48
3,183,1630,3281,281.00,5.83,272.84,280.25,292.66,-1.43
3,183,1880,4101,279.20,5.87,270.87,278.24,291.53,-1.31
3,183,2130,4921,277.59,5.87,268.88,277.41,290.23,-1.38
3,183,2380,5741,276.20,5.89,267.35,275.97,289.13,-1.67
3,183,2630,6562,275.01,5.88,265.92,275.39,287.87,-2.15
3,183,2880,7382,273.71,5.88,264.13,274.16,285.99,-2.53
3,183,3130,8202,272.42,5.82,262.07,272.69,284.10,-2.92
3,183,3380,9022,271.07,5.74,261.17,271.43,282.45,-3.25
3,183,3630,9843,269.67,5.72,259.57,269.97,281.01,-3.53
3,183,3880,10663,268.20,5.71,257.56,268.52,279.45,-3.74
3,183,4130,11483,266.64,5.71,255.75,267.12,277.51,-3.86
3,183,4380,12303,265.01,5.69,254.43,265.47,275.76,-3.91
3,183,4630,13123,263.29,5.72,253.48,264.02,273.84,-3.87
3,183,4880,13944,261.59,5.73,251.30,262.33,272.49,-3.84
3,183,5130,14764,259.84,5.77,248.98,260.54,270.67,-3.77
3,183,5380,15584,258.07,5.78,246.60,258.78,268.83,-3.68
3,183,5630,16404,256.32,5.79,245.02,256.93,267.02,-3.61
3,183,5880,17224,254.52,5.82,243.06,255.33,265.16,-3.49
3,183,6130,18045,252.70,5.81,241.14,253.42,262.99,-3.34
3,183,6380,18865,250.89,5.73,240.61,251.64,261.08,-3.22
3,183,6630,19685,249.05,5.64,238.42,249.74,259.53,-3.06
3,183,6880,20505,247.19,5.57,236.95,247.86,257.51,-2.87
3,183,7130,21325,245.33,5.37,235.43,245.90,255.75,-2.69
3,183,7380,22146,243.43,5.17,234.27,243.70,253.99,-2.48
3,183,7630,22966,241.50,5.04,233.11,241.64,252.13,-2.22
3,183,7880,23786,239.63,4.85,231.73,239.52,250.14,-2.03
3,183,8130,24606,237.70,4.71,230.08,237.42,247.96,-1.78
3,183,8380,25427,235.84,4.52,228.88,235.45,245.80,-1.60
4,125,630,0,290.47,13.77,270.69,291.50,308.29,+0.00
4,125,880,820,289.61,5.41,281.44,289.18,298.47,-0.91
4,125,1130,1640,288.29,5.20,279.87,288.64,296.32,-1.38
4,125,1380,2461,286.77,5.18,277.85,287.39,294.65,-1.64
4,125,1630,3281,285.17,5.11,275.87,285.79,292.36,-1.81
4,125,1880,4101,283.53,5.14,274.20,284.46,290.42,-1.95
4,125,2130,4921,281.87,5.19,271.96,282.90,288.54,-2.07
4,125,2380,5741,280.19,5.23,269.84,280.83,286.57,-2.18
4,125,2630,6562,278.67,5.34,267.71,279.78,285.29,-2.44
4,125,2880,7382,277.19,5.41,265.91,278.27,283.57,-2.74
4,125,3130,8202,275.69,5.32,264.86,276.44,282.13,-3.01
4,125,3380,9022,274.21,5.09,262.98,274.98,280.46,-3.31
4,125,3630,9843,272.69,5.05,260.87,273.87,278.69,-3.57
4,125,3880,10663,271.17,4.91,259.85,272.55,276.74,-3.84
4,125,4130,11483,269.66,4.91,258.64,270.90,274.96,-4.10
4,125,4380,12303,268.06,4.95,257.09,269.19,273.19,-4.28
4,125,4630,13123,266.36,4.99,254.99,267.58,271.69,-4.36
4,125,4880,13944,264.66,5.01,253.11,265.74,269.95,-4.44
4,125,5130,14764,262.86,5.02,250.82,263.93,268.80,-4.42
4,125,5380,15584,261.10,5.02,248.58,262.10,267.06,-4.44
4,125,5630,16404,259.31,5.00,246.85,260.41,265.23,-4.43
4,125,5880,17224,257.44,5.02,245.31,258.57,263.35,-4.34
4,125,6130,18045,255.56,4.99,243.62,256.95,261.49,-4.24
4,125,6380,18865,253.76,4.89,242.55,255.10,259.44,-4.22
4,125,6630,19685,251.94,4.72,241.44,253.20,257.33,-4.18
4,125,6880,20505,250.11,4.59,239.56,251.24,255.44,-4.13
4,125,7130,21325,248.26,4.51,237.70,249.20,253.79,-4.06
4,125,7380,22146,246.39,4.40,235.89,247.22,251.94,-3.97
4,125,7630,22966,244.46,4.34,234.62,245.35,250.24,-3.82
4,125,7880,23786,242.52,4.27,233.35,243.41,248.07,-3.66
4,125,8130,24606,240.58,4.20,231.54,241.38,246.02,-3.50
4,125,8380,25427,238.63,4.08,230.07,239.13,243.87,-3.33
5,92,630,0,296.29,11.58,279.76,298.88,310.14,+0.00
5,92,880,820,293.61,5.59,285.59,293.14,301.78,+0.76
5,92,1130,1640,292.13,5.22,283.80,292.28,299.39,+0.33
5,92,1380,2461,290.52,4.94,282.33,291.48,297.34,+0.01
5,92,1630,3281,288.77,4.79,280.17,290.06,295.30,-0.15
5,92,1880,4101,287.02,4.67,277.93,288.25,293.42,-0.33
5,92,2130,4921,285.11,4.63,275.75,286.01,291.67,-0.34
5,92,2380,5741,283.22,4.61,273.63,284.20,289.41,-0.37
5,92,2630,6562,281.34,4.53,271.38,282.35,287.31,-0.41
5,92,2880,7382,279.50,4.43,269.87,280.73,285.48,-0.48
5,92,3130,8202,277.69,4.31,267.89,278.88,283.38,-0.59
5,92,3380,9022,275.95,4.25,265.86,277.24,281.11,-0.77
5,92,3630,9843,274.40,4.22,265.10,275.69,279.82,-1.15
5,92,3880,10663,272.89,4.18,263.90,274.05,277.88,-1.55
5,92,4130,11483,271.30,4.09,262.11,272.22,276.05,-1.88
5,92,4380,12303,269.70,4.11,260.42,270.59,274.38,-2.20
5,92,4630,13123,268.09,4.11,259.10,269.07,272.79,-2.52
5,92,4880,13944,266.52,4.16,257.18,267.37,271.51,-2.87
5,92,5130,14764,264.94,4.12,255.08,265.74,269.94,-3.21
5,92,5380,15584,263.27,4.06,253.71,263.94,268.44,-3.45
5,92,5630,16404,261.52,4.04,252.08,262.33,267.07,-3.63
5,92,5880,17224,259.76,4.05,250.36,260.60,265.33,-3.79
5,92,6130,18045,257.92,4.06,248.53,258.70,263.49,-3.87
5,92,6380,18865,256.08,4.05,246.56,256.82,261.70,-3.95
5,92,6630,19685,254.21,4.02,244.55,254.82,259.76,-4.00
5,92,6880,20505,252.34,4.00,242.47,252.78,257.74,-4.05
5,92,7130,21325,250.42,4.02,240.24,250.88,255.88,-4.05
5,92,7380,22146,248.48,4.03,237.89,249.03,253.83,-4.03
5,92,7630,22966,246.56,3.94,236.04,247.08,251.81,-4.03
5,92,7880,23786,244.67,3.84,234.64,245.19,249.84,-4.05
5,92,8130,24606,242.77,3.69,233.77,243.19,247.66,-4.08
5,92,8380,25427,240.87,3.51,233.26,241.25,245.48,-4.09
6,86,630,0,300.83,12.65,282.66,301.80,318.18,+0.00
6,86,880,820,298.97,6.14,288.20,300.30,307.38,-0.16
6,86,1130,1640,297.82,5.54,288.22,298.70,305.31,-1.04
6,86,1380,2461,296.32,5.19,286.92,297.25,303.42,-1.58
6,86,1630,3281,294.91,4.82,286.23,295.85,301.74,-2.20
6,86,1880,4101,293.24,4.66,285.05,294.28,300.16,-2.55
6,86,2130,4921,291.46,4.46,283.43,292.42,298.10,-2.80
6,86,2380,5741,289.65,4.27,282.06,290.61,295.79,-3.02
6,86,2630,6562,287.83,4.19,280.22,288.26,293.71,-3.24
6,86,2880,7382,286.02,4.03,278.24,286.27,291.59,-3.45
6,86,3130,8202,284.28,3.85,276.99,284.66,289.50,-3.74
6,86,3380,9022,282.57,3.70,276.79,283.09,287.61,-4.06
6,86,3630,9843,280.99,3.57,275.70,281.57,285.65,-4.51
6,86,3880,10663,279.46,3.48,274.31,280.04,283.86,-5.01
6,86,4130,11483,277.79,3.47,271.99,278.61,282.14,-5.37
6,86,4380,12303,276.05,3.42,269.77,276.70,280.08,-5.66
6,86,4630,13123,274.24,3.40,267.97,274.95,278.19,-5.88
6,86,4880,13944,272.46,3.35,266.44,273.26,276.69,-6.13
6,86,5130,14764,270.68,3.32,264.78,271.47,274.90,-6.38
6,86,5380,15584,268.91,3.34,263.18,269.78,273.18,-6.63
6,86,5630,16404,267.15,3.35,261.58,267.99,271.20,-6.91
6,86,5880,17224,265.38,3.36,259.71,266.03,269.64,-7.17
6,86,6130,18045,263.54,3.36,257.66,264.17,267.79,-7.36
6,86,6380,18865,261.80,3.33,255.66,262.80,265.89,-7.65
6,86,6630,19685,260.02,3.23,253.71,260.91,263.79,-7.90
6,86,6880,20505,258.24,3.19,251.75,258.78,261.89,-8.14
6,86,7130,21325,256.44,3.18,249.93,257.08,260.13,-8.38
6,86,7380,22146,254.53,3.21,247.87,255.09,258.43,-8.50
6,86,7630,22966,252.68,3.28,245.63,253.18,256.46,-8.68
6,86,7880,23786,250.72,3.34,243.50,251.19,254.44,-8.75
6,86,8130,24606,248.79,3.42,241.78,249.40,252.70,-8.84
6,86,8380,25427,246.81,3.48,239.83,247.72,250.69,-8.89
7,118,630,0,305.29,12.81,285.15,306.01,322.89,+0.00
7,118,880,820,302.44,4.10,296.45,301.98,309.75,+0.71
7,118,1130,1640,301.18,3.66,295.32,301.17,307.45,-0.17
7,118,1380,2461,299.75,3.44,293.86,299.90,305.60,-0.88
7,118,1630,3281,298.22,3.31,291.89,298.52,303.88,-1.48
7,118,1880,4101,296.61,3.09,290.42,297.09,302.04,-2.00
7,118,2130,4921,294.84,2.92,288.81,295.10,300.16,-2.37
7,118,2380,5741,293.01,2.74,287.74,293.19,297.94,-2.68
7,118,2630,6562,291.15,2.42,287.14,291.26,295.67,-2.96
7,118,2880,7382,289.30,2.19,285.88,289.23,293.40,-3.25
7,118,3130,8202,287.38,2.07,284.25,287.26,291.11,-3.46
7,118,3380,9022,285.48,1.98,282.64,285.38,288.75,-3.70
7,118,3630,9843,283.52,1.91,280.47,283.50,286.52,-3.88
7,118,3880,10663,281.63,1.90,278.51,281.50,284.49,-4.13
7,118,4130,11483,279.76,1.86,276.68,279.59,282.54,-4.39
7,118,4380,12303,277.96,1.77,275.62,277.81,280.50,-4.73
7,118,4630,13123,276.19,1.68,273.91,276.07,278.56,-5.09
7,118,4880,13944,274.40,1.64,272.26,274.28,277.30,-5.44
7,118,5130,14764,272.66,1.65,270.25,272.52,275.56,-5.84
7,118,5380,15584,270.94,1.65,268.64,270.82,273.77,-6.26
7,118,5630,16404,269.27,1.73,266.69,269.21,272.23,-6.72
7,118,5880,17224,267.62,1.77,264.75,267.50,270.61,-7.21
7,118,6130,18045,265.93,1.81,262.70,265.87,268.92,-7.66
7,118,6380,18865,264.17,1.87,260.79,264.15,267.08,-8.03
7,118,6630,19685,262.43,1.91,259.01,262.39,265.51,-8.43
7,118,6880,20505,260.65,1.93,257.16,260.68,263.56,-8.78
7,118,7130,21325,258.82,1.95,255.50,258.89,261.84,-9.09
7,118,7380,22146,257.03,2.00,253.79,257.17,260.17,-9.44
7,118,7630,22966,255.25,2.12,251.73,255.21,258.60,-9.80
7,118,7880,23786,253.39,2.20,249.96,253.61,256.58,-10.07
7,118,8130,24606,251.55,2.16,248.34,251.62,254.64,-10.37
7,118,8380,25427,249.75,2.16,246.52,250.03,252.67,-10.71
8,114,630,0,301.69,11.62,284.59,300.68,320.52,+0.00
8,114,880,820,301.33,4.35,294.72,301.07,307.94,-1.69
8,114,1130,1640,300.63,3.58,295.35,300.73,306.38,-3.05
8,114,1380,2461,299.32,3.20,294.91,299.23,304.60,-3.78
8,114,1630,3281,297.66,2.97,293.82,297.65,302.35,-4.18
8,114,1880,4101,295.95,2.77,292.20,295.88,300.50,-4.51
8,114,2130,4921,294.17,2.58,290.79,294.22,298.66,-4.78
8,114,2380,5741,292.27,2.43,288.69,292.25,296.45,-4.94
8,114,2630,6562,290.34,2.35,286.59,290.27,294.15,-5.06
8,114,2880,7382,288.39,2.26,284.57,288.59,292.15,-5.16
8,114,3130,8202,286.45,2.17,282.41,286.65,290.01,-5.26
8,114,3380,9022,284.57,2.13,280.56,284.76,287.98,-5.43
8,114,3630,9843,282.64,2.11,278.85,282.86,285.97,-5.55
8,114,3880,10663,280.73,1.99,277.42,280.83,283.86,-5.69
8,114,4130,11483,278.85,1.84,275.73,278.88,281.75,-5.87
8,114,4380,12303,276.98,1.78,273.92,276.98,279.76,-6.05
8,114,4630,13123,275.24,1.74,272.31,275.36,278.11,-6.35
8,114,4880,13944,273.46,1.73,270.61,273.45,276.69,-6.63
8,114,5130,14764,271.73,1.71,269.27,271.69,274.98,-6.94
8,114,5380,15584,270.15,1.67,267.87,270.08,273.40,-7.41
8,114,5630,16404,268.60,1.71,266.00,268.47,271.98,-7.91
8,114,5880,17224,267.07,1.82,264.30,266.95,270.64,-8.44
8,114,6130,18045,265.45,1.92,262.35,265.38,269.12,-8.86
8,114,6380,18865,263.77,1.92,260.73,263.70,267.35,-9.24
8,114,6630,19685,262.05,1.91,259.07,262.15,265.56,-9.56
8,114,6880,20505,260.29,1.93,257.23,260.33,263.57,-9.85
8,114,7130,21325,258.61,1.82,255.43,258.63,261.67,-10.22
8,114,7380,22146,256.90,1.80,253.62,256.95,259.85,-10.57
8,114,7630,22966,255.14,1.75,252.10,255.24,257.89,-10.86
8,114,7880,23786,253.32,1.75,250.00,253.45,255.77,-11.09
8,114,8130,24606,251.50,1.78,248.14,251.60,254.00,-11.32
8,114,8380,25427,249.66,1.82,246.11,249.75,252.11,-11.52
9,131,630,0,297.69,12.21,278.29,297.87,316.12,+0.00
9,131,880,820,296.16,5.14,287.47,296.48,304.74,-0.42
9,131,1130,1640,295.37,4.75,287.05,296.04,302.63,-1.59
9,131,1380,2461,293.97,4.55,286.03,294.39,300.43,-2.13
9,131,1630,3281,292.52,4.23,285.88,293.09,298.17,-2.64
9,131,1880,4101,290.85,4.08,284.39,291.60,296.12,-2.92
9,131,2130,4921,289.16,3.86,282.82,290.06,294.18,-3.19
9,131,2380,5741,287.47,3.50,281.83,288.31,292.03,-3.45
9,131,2630,6562,285.78,3.28,279.88,286.56,290.24,-3.71
9,131,2880,7382,284.09,3.13,277.88,284.54,288.34,-3.98
9,131,3130,8202,282.43,3.05,276.26,282.95,286.67,-4.28
9,131,3380,9022,280.83,3.05,274.81,281.22,285.17,-4.63
9,131,3630,9843,279.27,3.01,273.01,279.68,283.19,-5.02
9,131,3880,10663,277.78,2.92,271.77,278.37,281.97,-5.49
9,131,4130,11483,276.34,2.86,270.74,276.89,280.42,-6.00
9,131,4380,12303,274.81,2.92,269.12,275.54,278.73,-6.42
9,131,4630,13123,273.26,2.85,267.79,273.81,276.89,-6.83
9,131,4880,13944,271.76,2.79,266.47,272.31,275.57,-7.28
9,131,5130,14764,270.17,2.77,265.16,270.55,273.80,-7.64
9,131,5380,15584,268.58,2.71,264.04,268.90,272.09,-8.01
9,131,5630,16404,266.93,2.67,262.62,267.62,270.32,-8.32
9,131,5880,17224,265.24,2.66,260.74,265.65,268.52,-8.58
9,131,6130,18045,263.51,2.66,258.70,263.87,266.81,-8.80
9,131,6380,18865,261.72,2.69,257.00,262.17,264.90,-8.96
9,131,6630,19685,259.98,2.59,255.75,260.43,263.31,-9.18
9,131,6880,20505,258.22,2.52,254.06,258.57,261.53,-9.37
9,131,7130,21325,256.37,2.48,252.04,256.65,259.57,-9.48
9,131,7380,22146,254.49,2.44,250.21,254.87,257.76,-9.54
9,131,7630,22966,252.62,2.39,248.60,252.89,255.99,-9.63
9,131,7880,23786,250.72,2.31,246.95,250.84,253.90,-9.69
9,131,8130,24606,248.82,2.25,245.10,249.05,251.81,-9.74
9,131,8380,25427,246.89,2.22,243.16,247.10,249.83,-9.76
10,109,630,0,289.84,12.55,268.46,291.43,307.48,+0.00
10,109,880,820,291.92,5.55,282.54,291.36,302.16,-3.84
10,109,1130,1640,291.33,5.11,282.30,291.23,300.21,-5.02
10,109,1380,2461,289.95,4.99,280.44,290.31,297.80,-5.40
10,109,1630,3281,288.45,4.89,278.52,288.68,296.18,-5.66
10,109,1880,4101,286.79,4.86,276.81,286.90,294.03,-5.77
10,109,2130,4921,285.25,4.64,275.77,285.78,292.07,-5.99
10,109,2380,5741,283.73,4.42,274.74,284.28,290.25,-6.24
10,109,2630,6562,282.53,4.01,275.41,282.86,288.58,-6.80
10,109,2880,7382,281.37,3.72,275.83,281.34,287.26,-7.41
10,109,3130,8202,280.20,3.67,273.86,280.68,285.77,-8.00
10,109,3380,9022,278.92,3.66,272.13,279.32,284.05,-8.48
10,109,3630,9843,277.41,3.57,270.81,277.63,282.60,-8.74
10,109,3880,10663,275.88,3.41,270.09,276.10,280.72,-8.97
10,109,4130,11483,274.39,3.34,268.67,274.80,279.08,-9.25
10,109,4380,12303,272.77,3.24,267.46,273.22,277.30,-9.40
10,109,4630,13123,271.18,3.21,265.40,271.99,275.41,-9.57
10,109,4880,13944,269.59,3.16,263.97,270.05,273.81,-9.75
10,109,5130,14764,267.98,3.11,262.37,268.49,272.41,-9.90
10,109,5380,15584,266.36,3.08,260.51,266.84,270.65,-10.04
10,109,5630,16404,264.64,3.08,258.47,265.14,269.00,-10.09
10,109,5880,17224,262.80,3.13,256.44,263.50,267.10,-10.01
10,109,6130,18045,260.98,3.09,254.88,261.59,265.47,-9.95
10,109,6380,18865,259.12,3.07,253.22,259.57,263.51,-9.87
10,109,6630,19685,257.29,3.11,251.32,257.72,261.69,-9.80
10,109,6880,20505,255.48,3.10,249.79,256.21,259.92,-9.75
10,109,7130,21325,253.63,3.15,248.25,254.41,258.06,-9.66
10,109,7380,22146,251.69,3.17,246.12,252.49,256.06,-9.49
10,109,7630,22966,249.69,3.18,244.13,250.32,254.14,-9.25
10,109,7880,23786,247.70,3.16,242.39,248.25,252.03,-9.03
10,109,8130,24606,245.72,3.13,240.55,246.32,250.14,-8.81
10,109,8380,25427,243.77,3.00,238.65,244.23,248.08,-8.62
11,103,630,0,281.73,13.36,256.28,283.92,300.60,+0.00
11,103,880,820,285.98,4.00,279.38,285.92,293.54,-5.82
11,103,1130,1640,285.87,3.87,279.56,285.81,292.36,-7.28
11,103,1380,2461,284.81,4.12,278.30,285.01,290.81,-7.79
11,103,1630,3281,283.66,4.25,276.47,284.08,289.55,-8.20
11,103,1880,4101,282.43,4.36,274.57,283.46,288.40,-8.54
11,103,2130,4921,281.27,4.38,273.60,282.38,287.32,-8.95
11,103,2380,5741,280.16,4.43,272.02,281.12,286.07,-9.41
11,103,2630,6562,279.11,4.22,271.13,280.06,285.08,-9.93
11,103,2880,7382,278.27,3.73,271.05,278.83,283.39,-10.66
11,103,3130,8202,277.17,3.30,270.28,277.34,281.71,-11.13
11,103,3380,9022,275.82,3.13,269.57,275.98,279.92,-11.35
11,103,3630,9843,274.31,3.10,268.11,274.52,278.79,-11.40
11,103,3880,10663,272.78,3.10,267.16,272.95,277.04,-11.44
11,103,4130,11483,271.29,3.17,265.95,271.57,276.16,-11.52
11,103,4380,12303,269.63,3.17,264.23,270.03,274.72,-11.43
11,103,4630,13123,267.98,3.08,262.81,268.47,272.82,-11.36
11,103,4880,13944,266.32,3.06,260.46,266.70,270.88,-11.26
11,103,5130,14764,264.59,3.09,258.53,264.83,268.92,-11.10
11,103,5380,15584,262.90,3.07,256.74,263.41,267.24,-10.98
11,103,5630,16404,261.22,3.12,254.64,261.78,265.81,-10.87
11,103,5880,17224,259.54,3.22,253.08,260.29,264.32,-10.76
11,103,6130,18045,257.69,3.22,251.41,258.39,262.48,-10.48
11,103,6380,18865,255.85,3.17,250.55,256.44,260.45,-10.20
11,103,6630,19685,254.07,3.11,249.56,254.77,258.45,-10.00
11,103,6880,20505,252.25,3.18,247.44,253.13,256.59,-9.74
11,103,7130,21325,250.35,3.26,245.14,251.18,254.68,-9.41
11,103,7380,22146,248.43,3.29,242.84,249.25,252.76,-9.06
11,103,7630,22966,246.47,3.29,240.56,247.34,250.75,-8.67
11,103,7880,23786,244.50,3.25,238.60,245.49,248.63,-8.27
11,103,8130,24606,242.54,3.20,236.73,243.42,246.58,-7.88
11,103,8380,25427,240.58,3.20,234.89,241.27,244.80,-7.49
12,88,630,0,282.82,10.82,259.75,285.08,296.43,+0.00
12,88,880,820,283.53,3.86,278.01,283.28,289.77,-2.31
12,88,1130,1640,283.07,3.82,277.73,283.31,288.58,-3.44
12,88,1380,2461,281.79,4.10,276.02,281.42,287.54,-3.76
12,88,1630,3281,280.42,4.40,274.11,279.80,287.23,-3.98
12,88,1880,4101,279.18,4.52,272.48,278.64,286.24,-4.34
12,88,2130,4921,278.10,4.51,270.93,278.34,284.95,-4.85
12,88,2380,5741,277.21,4.11,270.25,277.32,283.38,-5.56
12,88,2630,6562,276.31,3.83,269.43,276.62,281.74,-6.25
12,88,2880,7382,275.37,3.51,269.53,275.97,280.40,-6.91
12,88,3130,8202,274.25,3.57,267.79,274.51,279.41,-7.39
12,88,3380,9022,272.88,3.66,266.25,273.27,278.69,-7.61
12,88,3630,9843,271.40,3.71,264.71,271.65,277.36,-7.72
12,88,3880,10663,269.96,3.78,263.30,270.20,275.66,-7.88
12,88,4130,11483,268.54,3.69,262.00,269.17,273.92,-8.06
12,88,4380,12303,267.07,3.62,260.87,267.30,272.07,-8.18
12,88,4630,13123,265.52,3.57,259.30,265.54,270.39,-8.22
12,88,4880,13944,263.90,3.53,257.92,264.11,268.85,-8.20
12,88,5130,14764,262.29,3.48,256.18,262.35,267.11,-8.18
12,88,5380,15584,260.56,3.43,254.94,260.64,265.43,-8.05
12,88,5630,16404,258.82,3.48,253.22,258.91,264.00,-7.91
12,88,5880,17224,257.04,3.55,251.08,256.97,262.52,-7.73
12,88,6130,18045,255.27,3.57,249.04,255.53,260.94,-7.55
12,88,6380,18865,253.56,3.40,247.31,253.86,259.00,-7.43
12,88,6630,19685,251.73,3.38,245.26,252.14,257.04,-7.19
12,88,6880,20505,249.87,3.44,243.47,250.06,255.21,-6.93
12,88,7130,21325,248.02,3.49,241.56,248.05,253.29,-6.67
12,88,7380,22146,246.10,3.53,239.84,246.00,251.35,-6.35
12,88,7630,22966,244.10,3.57,238.21,243.89,249.50,-5.95
12,88,7880,23786,242.11,3.61,236.15,241.93,247.48,-5.55
12,88,8130,24606,240.15,3.64,234.19,239.99,245.53,-5.19
12,88,8380,25427,238.19,3.66,232.55,238.04,243.63,-4.82
