month,n_soundings,H_msl_m,H_agl_ft,u_mean_ms,v_mean_ms,spd_mean_ms,spd_sd_ms,spd_p05_ms,spd_p50_ms,spd_p95_ms,dir_mean_deg
1,613,630,0,0.45,0.19,3.23,2.42,0.49,2.79,7.19,247.6
1,613,880,820,-0.37,-1.17,3.74,3.36,0.61,2.56,10.73,17.5
1,613,1130,1640,0.05,-1.82,4.85,3.89,0.70,3.46,12.51,358.4
1,613,1380,2461,0.52,-2.12,6.03,3.98,1.13,5.25,13.20,346.3
1,613,1630,3281,1.14,-2.31,6.81,4.00,1.23,6.11,13.55,333.7
1,613,1880,4101,1.64,-2.32,7.39,4.04,1.72,6.93,14.31,324.7
1,613,2130,4921,2.07,-2.29,8.01,4.24,1.93,7.49,15.52,317.8
1,613,2380,5741,2.52,-2.15,8.70,4.50,2.27,8.35,16.70,310.5
1,613,2630,6562,3.08,-2.15,9.45,4.96,2.52,8.99,18.14,304.8
1,613,2880,7382,3.62,-2.26,10.12,5.38,2.57,9.64,19.78,302.0
1,613,3130,8202,4.15,-2.43,10.76,5.74,2.75,10.03,21.47,300.4
1,613,3380,9022,4.68,-2.68,11.44,6.12,2.70,10.70,23.38,299.8
1,613,3630,9843,5.29,-3.07,12.28,6.53,3.37,11.12,24.85,300.1
1,613,3880,10663,6.06,-3.40,13.14,6.94,3.58,12.13,26.13,299.3
1,613,4130,11483,6.74,-3.64,13.89,7.27,3.95,12.78,27.12,298.4
1,613,4380,12303,7.40,-3.93,14.63,7.59,4.12,13.55,28.54,298.0
1,613,4630,13123,8.11,-4.15,15.37,7.85,4.25,14.41,30.15,297.1
1,613,4880,13944,8.75,-4.48,16.10,8.18,4.81,14.93,32.01,297.1
1,613,5130,14764,9.36,-4.69,16.85,8.61,5.20,15.81,33.61,296.6
1,613,5380,15584,9.94,-4.83,17.56,9.05,4.85,16.39,34.62,295.9
1,613,5630,16404,10.54,-4.96,18.23,9.47,5.15,16.90,34.93,295.2
1,613,5880,17224,11.05,-5.12,18.92,9.84,4.82,17.68,37.78,294.9
1,613,6130,18045,11.52,-5.29,19.63,10.14,4.99,18.28,39.67,294.7
1,613,6380,18865,12.01,-5.49,20.33,10.48,5.23,19.12,40.73,294.6
1,613,6630,19685,12.58,-5.62,21.10,10.81,5.41,19.91,41.30,294.1
1,613,6880,20505,13.07,-5.74,21.76,11.18,5.30,20.11,42.71,293.7
1,613,7130,21325,13.59,-5.88,22.47,11.49,5.81,20.90,43.70,293.4
1,613,7380,22146,14.12,-6.03,23.14,11.75,5.72,21.41,45.40,293.1
1,613,7630,22966,14.68,-6.19,23.88,12.03,6.11,22.65,46.39,292.9
1,613,7880,23786,15.24,-6.23,24.66,12.34,6.70,23.01,47.20,292.3
1,613,8130,24606,15.81,-6.32,25.40,12.67,6.30,23.49,47.75,291.8
1,613,8380,25427,16.36,-6.49,26.15,13.03,6.67,23.97,49.25,291.6
2,562,630,0,-0.05,-0.21,3.83,3.97,0.72,3.07,8.26,12.6
2,562,880,820,0.47,-0.23,4.63,3.74,0.65,3.15,11.18,295.8
2,562,1130,1640,1.00,-0.51,5.51,4.17,0.67,4.38,13.07,297.2
2,562,1380,2461,1.54,-0.59,6.50,4.31,1.15,5.65,14.31,291.1
2,562,1630,3281,2.11,-0.55,7.10,4.37,1.19,6.18,14.97,284.7
2,562,1880,4101,2.65,-0.48,7.56,4.34,1.75,6.85,15.26,280.3
2,562,2130,4921,3.22,-0.31,8.14,4.60,1.86,7.39,16.84,275.4
2,562,2380,5741,3.83,-0.14,8.71,4.99,1.93,7.86,18.63,272.1
2,562,2630,6562,4.37,-0.02,9.42,5.41,2.32,8.48,20.57,270.3
2,562,2880,7382,4.86,-0.05,10.15,5.76,2.36,9.08,21.19,270.6
2,562,3130,8202,5.58,-0.23,11.00,6.12,2.78,9.90,22.83,272.4
2,562,3380,9022,6.40,-0.51,11.86,6.41,3.33,10.60,24.60,274.5
2,562,3630,9843,7.17,-0.75,12.69,6.64,3.48,11.43,24.94,275.9
2,562,3880,10663,7.91,-0.89,13.46,6.93,3.92,12.44,26.67,276.4
2,562,4130,11483,8.68,-1.00,14.25,7.26,4.14,13.14,27.69,276.6
2,562,4380,12303,9.46,-1.16,15.12,7.66,4.16,14.24,28.95,277.0
2,562,4630,13123,10.18,-1.34,16.03,8.11,4.66,15.11,30.77,277.5
2,562,4880,13944,10.90,-1.52,16.91,8.52,4.84,16.14,32.14,278.0
2,562,5130,14764,11.61,-1.61,17.75,8.85,4.77,17.15,33.31,277.9
2,562,5380,15584,12.35,-1.61,18.61,9.19,5.13,17.98,35.20,277.4
2,562,5630,16404,13.06,-1.59,19.46,9.54,5.37,19.00,37.21,276.9
2,562,5880,17224,13.72,-1.59,20.30,9.81,5.27,19.74,37.62,276.6
2,562,6130,18045,14.43,-1.66,21.20,10.18,6.02,20.69,39.63,276.6
2,562,6380,18865,15.21,-1.68,22.18,10.60,6.41,21.58,40.74,276.3
2,562,6630,19685,15.90,-1.64,23.06,11.12,6.49,22.71,42.53,275.9
2,562,6880,20505,16.54,-1.58,23.99,11.57,6.78,23.21,44.66,275.5
2,562,7130,21325,17.17,-1.60,24.89,11.95,7.41,23.64,45.94,275.3
2,562,7380,22146,17.84,-1.64,25.78,12.27,7.84,24.61,47.14,275.3
2,562,7630,22966,18.50,-1.62,26.65,12.52,8.22,25.69,48.09,275.0
2,562,7880,23786,19.14,-1.51,27.51,12.85,8.81,26.31,49.60,274.5
2,562,8130,24606,19.78,-1.48,28.35,13.17,9.30,26.98,51.01,274.3
2,562,8380,25427,20.37,-1.46,29.16,13.59,9.59,27.57,52.09,274.1
3,608,630,0,0.03,-0.12,4.58,4.32,0.98,3.54,12.72,344.5
3,608,880,820,1.41,1.14,5.37,3.59,0.86,4.69,11.79,231.0
3,608,1130,1640,1.92,0.92,6.06,3.96,1.01,5.39,13.01,244.3
3,608,1380,2461,2.34,0.79,6.66,4.22,1.10,6.24,14.47,251.3
3,608,1630,3281,2.63,0.79,7.01,4.27,1.40,6.38,14.94,253.2
3,608,1880,4101,2.99,0.90,7.42,4.34,1.63,6.78,15.80,253.2
3,608,2130,4921,3.34,0.96,7.92,4.50,1.91,7.11,16.62,254.0
3,608,2380,5741,3.62,1.04,8.38,4.68,2.28,7.42,17.79,253.9
3,608,2630,6562,3.99,1.11,8.83,4.93,2.24,8.10,18.79,254.5
3,608,2880,7382,4.46,1.12,9.36,5.33,2.19,8.67,19.93,255.8
3,608,3130,8202,5.06,1.12,10.01,5.61,2.40,9.14,20.68,257.6
3,608,3380,9022,5.76,0.99,10.72,5.77,2.86,9.68,21.49,260.3
3,608,3630,9843,6.56,0.86,11.52,5.96,3.23,10.36,22.45,262.5
3,608,3880,10663,7.37,0.68,12.41,6.21,3.72,11.54,23.11,264.7
3,608,4130,11483,8.09,0.55,13.21,6.54,3.94,12.42,24.86,266.1
3,608,4380,12303,8.78,0.47,14.04,6.91,4.17,13.08,26.16,267.0
3,608,4630,13123,9.46,0.35,14.83,7.29,4.44,13.70,28.17,267.9
3,608,4880,13944,10.13,0.21,15.69,7.64,4.61,14.48,30.05,268.8
3,608,5130,14764,10.83,0.11,16.53,8.10,4.94,15.35,32.01,269.4
3,608,5380,15584,11.54,0.08,17.38,8.59,5.13,16.35,33.28,269.6
3,608,5630,16404,12.20,0.09,18.28,8.95,5.47,17.08,33.77,269.6
3,608,5880,17224,12.87,0.05,19.16,9.29,5.77,17.93,35.91,269.8
3,608,6130,18045,13.46,0.06,20.06,9.63,5.97,18.60,37.96,269.8
3,608,6380,18865,14.13,0.05,21.00,10.14,6.19,19.67,40.35,269.8
3,608,6630,19685,14.82,0.05,21.93,10.59,6.24,20.37,42.16,269.8
3,608,6880,20505,15.47,0.09,22.76,11.13,6.26,21.13,43.88,269.7
3,608,7130,21325,16.09,0.07,23.60,11.67,6.43,22.12,45.10,269.8
3,608,7380,22146,16.74,0.11,24.41,12.12,6.77,23.05,45.96,269.6
3,608,7630,22966,17.46,0.20,25.20,12.49,7.03,23.93,47.50,269.4
3,608,7880,23786,18.19,0.24,26.00,12.80,7.03,25.00,48.12,269.3
3,608,8130,24606,18.83,0.22,26.86,13.05,7.32,25.76,49.79,269.3
3,608,8380,25427,19.52,0.22,27.66,13.39,7.42,26.40,51.60,269.3
4,582,630,0,0.01,0.24,5.39,7.01,0.95,3.78,12.80,183.5
4,582,880,820,1.69,1.27,5.83,3.94,1.03,5.08,13.37,232.9
4,582,1130,1640,2.20,0.78,6.39,4.34,0.98,5.60,14.47,250.4
4,582,1380,2461,2.46,0.41,6.75,4.39,1.01,6.06,14.86,260.6
4,582,1630,3281,2.57,0.45,6.86,4.36,1.13,6.11,15.21,260.2
4,582,1880,4101,2.77,0.64,6.97,4.33,1.40,6.12,15.50,257.0
4,582,2130,4921,3.01,0.84,7.20,4.35,1.57,6.34,15.61,254.4
4,582,2380,5741,3.31,1.02,7.49,4.54,1.77,6.54,16.32,252.8
4,582,2630,6562,3.61,1.12,7.82,4.69,1.81,6.96,17.28,252.8
4,582,2880,7382,4.03,1.18,8.15,4.86,1.87,7.23,18.63,253.7
4,582,3130,8202,4.46,1.17,8.73,5.02,2.20,7.91,18.79,255.3
4,582,3380,9022,5.07,0.92,9.29,5.17,2.48,8.60,19.16,259.7
4,582,3630,9843,5.68,0.60,9.94,5.43,2.66,9.21,20.43,264.0
4,582,3880,10663,6.32,0.31,10.73,5.70,3.01,9.99,21.42,267.2
4,582,4130,11483,6.94,-0.01,11.47,6.04,3.20,10.58,23.26,270.0
4,582,4380,12303,7.71,-0.32,12.19,6.50,3.32,11.20,24.51,272.4
4,582,4630,13123,8.49,-0.51,12.96,6.81,3.16,12.25,25.63,273.4
4,582,4880,13944,9.26,-0.59,13.76,7.25,3.70,13.01,27.97,273.6
4,582,5130,14764,10.09,-0.73,14.67,7.75,3.53,13.61,29.05,274.2
4,582,5380,15584,10.85,-0.87,15.49,8.12,4.49,14.20,30.42,274.6
4,582,5630,16404,11.66,-1.02,16.33,8.50,4.94,14.71,32.11,275.0
4,582,5880,17224,12.38,-1.09,17.19,8.82,5.23,15.61,33.22,275.0
4,582,6130,18045,13.07,-1.21,17.96,9.21,5.31,16.88,34.95,275.3
4,582,6380,18865,13.74,-1.35,18.76,9.61,5.27,17.82,36.17,275.6
4,582,6630,19685,14.41,-1.52,19.56,10.03,5.55,18.49,38.32,276.0
4,582,6880,20505,15.03,-1.64,20.33,10.40,5.58,19.40,39.68,276.2
4,582,7130,21325,15.65,-1.74,21.09,10.76,6.00,20.05,41.76,276.3
4,582,7380,22146,16.24,-1.81,21.75,11.06,6.40,20.60,43.15,276.3
4,582,7630,22966,16.89,-1.84,22.50,11.29,6.54,21.19,43.52,276.2
4,582,7880,23786,17.50,-1.85,23.24,11.49,7.16,22.05,44.07,276.0
4,582,8130,24606,18.04,-1.95,23.92,11.73,7.55,22.48,44.95,276.2
4,582,8380,25427,18.53,-1.94,24.60,11.98,7.77,22.93,45.87,276.0
5,601,630,0,-1.28,0.28,6.43,10.93,0.98,3.88,18.61,102.2
5,601,880,820,1.67,2.13,5.62,3.56,1.18,5.02,11.98,218.1
5,601,1130,1640,2.22,1.73,6.19,3.95,1.10,5.60,13.55,232.2
5,601,1380,2461,2.36,1.51,6.49,4.07,1.37,5.70,13.74,237.5
5,601,1630,3281,2.44,1.61,6.56,4.06,1.18,5.79,14.26,236.6
5,601,1880,4101,2.35,1.79,6.49,4.09,1.37,5.71,14.75,232.8
5,601,2130,4921,2.28,2.06,6.53,4.07,1.50,5.57,14.26,227.9
5,601,2380,5741,2.36,2.29,6.65,4.13,1.55,5.69,15.41,225.8
5,601,2630,6562,2.42,2.44,6.89,4.21,1.67,6.00,15.58,224.7
5,601,2880,7382,2.44,2.50,7.20,4.27,1.56,6.31,16.13,224.2
5,601,3130,8202,2.56,2.48,7.58,4.43,1.97,6.79,16.72,226.0
5,601,3380,9022,2.80,2.33,7.88,4.55,2.05,7.11,16.95,230.2
5,601,3630,9843,3.17,2.23,8.31,4.73,2.18,7.56,17.35,234.9
5,601,3880,10663,3.61,2.08,8.79,4.98,2.37,7.86,18.87,240.1
5,601,4130,11483,4.04,1.99,9.28,5.27,2.53,8.46,19.31,243.8
5,601,4380,12303,4.64,1.94,9.78,5.66,2.43,8.89,21.37,247.3
5,601,4630,13123,5.32,1.85,10.39,6.06,2.94,9.15,22.53,250.8
5,601,4880,13944,5.97,1.68,11.06,6.50,2.81,9.68,23.86,254.3
5,601,5130,14764,6.79,1.56,11.76,6.92,2.69,10.48,25.37,257.1
5,601,5380,15584,7.43,1.45,12.44,7.31,2.89,10.98,26.53,258.9
5,601,5630,16404,8.05,1.41,13.08,7.79,3.21,11.56,27.84,260.0
5,601,5880,17224,8.62,1.32,13.78,8.21,3.23,12.05,29.57,261.3
5,601,6130,18045,9.15,1.12,14.44,8.53,3.55,12.62,31.40,263.0
5,601,6380,18865,9.67,1.07,15.06,8.87,3.62,13.22,32.69,263.7
5,601,6630,19685,10.25,0.99,15.65,9.24,3.90,13.65,34.52,264.5
5,601,6880,20505,10.72,0.96,16.24,9.66,4.10,14.09,35.62,264.9
5,601,7130,21325,11.21,0.90,16.79,10.01,4.23,14.70,36.10,265.4
5,601,7380,22146,11.73,0.79,17.41,10.34,4.70,15.32,36.67,266.1
5,601,7630,22966,12.25,0.72,18.04,10.71,4.58,15.88,38.43,266.6
5,601,7880,23786,12.76,0.66,18.63,10.97,4.99,16.35,39.15,267.0
5,601,8130,24606,13.25,0.62,19.19,11.16,5.42,17.12,40.31,267.3
5,601,8380,25427,13.72,0.62,19.77,11.34,5.58,17.70,42.47,267.4
6,590,630,0,-0.95,-0.93,6.58,10.56,1.13,3.83,18.41,45.6
6,590,880,820,2.33,3.35,6.02,3.53,1.27,5.69,12.34,214.8
6,590,1130,1640,2.90,2.89,6.42,3.84,1.39,5.98,13.33,225.2
6,590,1380,2461,3.01,2.60,6.61,3.97,1.43,6.09,14.39,229.2
6,590,1630,3281,2.93,2.70,6.58,4.00,1.29,5.90,14.19,227.3
6,590,1880,4101,2.83,3.07,6.55,3.98,1.34,5.96,14.42,222.7
6,590,2130,4921,2.71,3.39,6.47,3.99,1.39,5.76,14.69,218.7
6,590,2380,5741,2.65,3.60,6.47,3.98,1.33,5.74,14.65,216.3
6,590,2630,6562,2.54,3.80,6.53,3.94,1.58,5.88,14.60,213.8
6,590,2880,7382,2.43,3.91,6.53,3.93,1.53,5.87,14.04,211.9
6,590,3130,8202,2.47,4.00,6.71,3.93,1.63,6.08,13.89,211.7
6,590,3380,9022,2.59,3.97,6.87,3.97,1.70,6.21,13.88,213.1
6,590,3630,9843,2.84,3.94,7.18,4.12,1.71,6.57,14.64,215.8
6,590,3880,10663,3.16,3.88,7.49,4.33,1.90,6.87,15.20,219.2
6,590,4130,11483,3.54,3.84,7.80,4.69,1.83,6.98,15.95,222.7
6,590,4380,12303,3.90,3.86,8.20,4.93,1.99,7.26,16.85,225.3
6,590,4630,13123,4.27,3.89,8.64,5.29,2.11,7.48,18.61,227.7
6,590,4880,13944,4.70,3.97,9.07,5.62,2.19,8.10,19.48,229.8
6,590,5130,14764,5.14,3.98,9.45,5.87,2.08,8.57,20.43,232.3
6,590,5380,15584,5.73,3.90,9.92,6.21,1.99,9.01,21.55,235.8
6,590,5630,16404,6.34,3.88,10.46,6.57,2.21,8.84,22.11,238.5
6,590,5880,17224,6.96,3.79,11.01,6.78,2.40,9.50,23.06,241.4
6,590,6130,18045,7.48,3.77,11.51,6.96,2.79,10.04,23.79,243.3
6,590,6380,18865,7.92,3.72,12.01,7.14,2.95,10.64,24.91,244.9
6,590,6630,19685,8.34,3.70,12.43,7.39,2.90,11.01,26.27,246.1
6,590,6880,20505,8.72,3.73,12.89,7.62,2.80,11.57,27.21,246.9
6,590,7130,21325,9.09,3.74,13.34,7.84,3.27,11.86,27.48,247.6
6,590,7380,22146,9.50,3.85,13.86,8.06,3.41,12.51,29.37,247.9
6,590,7630,22966,9.86,3.90,14.36,8.38,3.45,13.01,30.13,248.4
6,590,7880,23786,10.24,3.84,14.78,8.59,3.68,13.06,30.60,249.4
6,590,8130,24606,10.68,3.84,15.26,8.83,3.64,13.61,31.30,250.2
6,590,8380,25427,11.14,3.91,15.78,9.09,4.33,13.98,32.33,250.7
7,584,630,0,-0.24,0.43,3.88,2.91,0.79,3.21,8.95,151.0
7,584,880,820,1.67,3.18,4.99,2.92,1.04,4.45,9.99,207.7
7,584,1130,1640,2.14,2.93,5.26,3.11,1.01,4.78,10.65,216.2
7,584,1380,2461,2.25,2.89,5.41,3.12,1.07,4.99,10.95,217.8
7,584,1630,3281,2.26,3.13,5.49,3.10,1.02,5.22,10.85,215.9
7,584,1880,4101,2.16,3.37,5.42,3.03,1.03,5.42,10.68,212.7
7,584,2130,4921,2.00,3.56,5.42,3.05,1.09,5.03,10.82,209.3
7,584,2380,5741,1.87,3.69,5.40,3.04,1.18,5.06,10.84,206.8
7,584,2630,6562,1.69,3.85,5.54,3.15,1.13,5.15,11.17,203.7
7,584,2880,7382,1.56,3.87,5.66,3.23,1.33,5.09,11.40,201.9
7,584,3130,8202,1.45,3.87,5.86,3.29,1.34,5.42,11.81,200.6
7,584,3380,9022,1.39,3.85,5.98,3.27,1.37,5.54,11.61,199.9
7,584,3630,9843,1.28,3.82,6.07,3.28,1.52,5.64,11.98,198.5
7,584,3880,10663,1.30,3.79,6.22,3.38,1.56,5.87,12.61,198.9
7,584,4130,11483,1.33,3.81,6.44,3.47,1.69,6.05,13.20,199.2
7,584,4380,12303,1.46,3.85,6.66,3.57,1.53,6.39,12.91,200.8
7,584,4630,13123,1.62,3.88,6.92,3.70,1.66,6.65,13.84,202.7
7,584,4880,13944,1.64,3.86,7.06,3.83,1.61,6.65,13.93,203.0
7,584,5130,14764,1.71,3.81,7.18,3.89,1.68,6.77,14.36,204.2
7,584,5380,15584,1.84,3.79,7.25,3.97,1.71,6.87,14.46,205.9
7,584,5630,16404,1.99,3.63,7.26,4.05,1.56,6.82,14.50,208.7
7,584,5880,17224,2.14,3.53,7.43,4.09,1.52,6.98,14.60,211.3
7,584,6130,18045,2.43,3.47,7.56,4.13,1.82,7.03,15.52,215.0
7,584,6380,18865,2.67,3.44,7.67,4.19,1.76,7.11,15.53,217.8
7,584,6630,19685,2.95,3.41,7.80,4.30,1.74,7.08,15.49,220.8
7,584,6880,20505,3.24,3.44,8.00,4.36,2.09,7.26,16.00,223.3
7,584,7130,21325,3.52,3.50,8.22,4.46,2.16,7.51,16.38,225.1
7,584,7380,22146,3.86,3.55,8.59,4.59,2.29,8.17,17.28,227.4
7,584,7630,22966,4.19,3.65,8.99,4.71,2.11,8.56,17.77,229.0
7,584,7880,23786,4.52,3.81,9.33,4.78,2.64,8.75,18.37,229.8
7,584,8130,24606,4.88,3.93,9.68,4.93,2.80,9.11,19.02,231.1
7,584,8380,25427,5.20,4.16,10.05,5.11,3.10,9.50,19.09,231.3
8,636,630,0,-0.09,0.58,3.73,2.86,0.76,3.19,8.48,171.5
8,636,880,820,1.48,2.95,5.03,3.08,0.97,4.52,10.81,206.6
8,636,1130,1640,1.96,2.83,5.28,3.25,0.83,5.01,10.74,214.7
8,636,1380,2461,2.14,2.79,5.38,3.22,1.02,5.00,11.15,217.5
8,636,1630,3281,2.21,2.93,5.41,3.22,1.05,4.89,11.23,217.1
8,636,1880,4101,2.19,3.21,5.34,3.32,0.93,4.88,11.63,214.3
8,636,2130,4921,2.15,3.47,5.38,3.37,1.03,4.76,11.58,211.8
8,636,2380,5741,2.09,3.66,5.50,3.42,1.17,4.81,11.53,209.7
8,636,2630,6562,1.98,3.82,5.73,3.49,1.23,5.12,11.71,207.4
8,636,2880,7382,1.89,3.88,5.96,3.54,1.45,5.40,11.98,206.0
8,636,3130,8202,1.78,3.97,6.26,3.61,1.49,5.67,12.20,204.1
8,636,3380,9022,1.74,3.95,6.36,3.73,1.41,5.97,12.48,203.8
8,636,3630,9843,1.68,3.91,6.53,3.81,1.64,5.90,12.93,203.2
8,636,3880,10663,1.63,3.82,6.68,3.87,1.81,6.03,13.35,203.1
8,636,4130,11483,1.66,3.79,6.98,3.98,1.99,6.39,14.20,203.7
8,636,4380,12303,1.70,3.79,7.22,4.22,1.84,6.67,14.64,204.1
8,636,4630,13123,1.79,3.88,7.46,4.39,1.87,6.84,15.11,204.7
8,636,4880,13944,1.90,3.94,7.65,4.57,1.99,7.06,15.50,205.7
8,636,5130,14764,2.07,3.89,7.76,4.68,1.71,7.03,15.66,208.0
8,636,5380,15584,2.25,3.80,7.80,4.76,1.81,6.89,15.97,210.6
8,636,5630,16404,2.57,3.67,7.96,4.79,1.82,7.06,16.45,215.0
8,636,5880,17224,2.89,3.65,8.24,4.87,2.02,7.55,16.93,218.3
8,636,6130,18045,3.27,3.61,8.35,4.92,1.98,7.67,17.26,222.2
8,636,6380,18865,3.60,3.63,8.49,5.05,2.08,7.62,18.47,224.7
8,636,6630,19685,3.90,3.60,8.71,5.20,2.12,7.74,18.83,227.3
8,636,6880,20505,4.25,3.65,9.03,5.40,2.01,8.12,18.88,229.3
8,636,7130,21325,4.61,3.72,9.43,5.57,1.96,8.48,19.57,231.1
8,636,7380,22146,4.97,3.88,9.82,5.83,1.99,8.72,20.85,232.0
8,636,7630,22966,5.30,4.00,10.25,6.02,2.28,9.11,21.59,233.0
8,636,7880,23786,5.73,4.15,10.61,6.28,2.22,9.70,22.22,234.1
8,636,8130,24606,6.18,4.34,11.09,6.52,2.36,10.08,22.77,235.0
8,636,8380,25427,6.64,4.60,11.57,6.79,2.62,10.41,24.01,235.3
9,597,630,0,0.05,0.41,4.06,3.49,1.05,3.22,9.49,187.3
9,597,880,820,0.89,1.75,4.61,3.25,0.94,3.69,11.17,207.0
9,597,1130,1640,1.10,1.52,5.08,3.56,1.00,4.19,11.93,216.0
9,597,1380,2461,1.29,1.53,5.42,3.69,1.11,4.70,12.31,220.1
9,597,1630,3281,1.39,1.77,5.52,3.75,1.04,4.84,12.72,218.1
9,597,1880,4101,1.40,2.05,5.58,3.73,1.08,4.84,12.77,214.3
9,597,2130,4921,1.39,2.36,5.74,3.72,1.38,4.84,12.98,210.5
9,597,2380,5741,1.42,2.64,5.95,3.79,1.52,4.95,13.57,208.4
9,597,2630,6562,1.54,2.86,6.19,3.90,1.66,5.12,14.51,208.4
9,597,2880,7382,1.59,3.08,6.54,3.96,1.78,5.67,14.75,207.3
9,597,3130,8202,1.66,3.22,6.89,4.07,1.70,6.18,15.09,207.3
9,597,3380,9022,1.81,3.23,7.12,4.19,1.75,6.37,15.60,209.2
9,597,3630,9843,2.04,3.31,7.45,4.41,1.98,6.58,16.06,211.6
9,597,3880,10663,2.29,3.30,7.82,4.60,1.87,6.88,16.99,214.8
9,597,4130,11483,2.62,3.29,8.22,4.83,2.16,7.22,17.95,218.5
9,597,4380,12303,3.01,3.37,8.65,5.13,1.98,7.68,18.58,221.8
9,597,4630,13123,3.31,3.34,9.03,5.44,2.13,8.04,19.47,224.8
9,597,4880,13944,3.68,3.36,9.49,5.74,2.43,8.48,20.42,227.6
9,597,5130,14764,4.08,3.29,9.89,5.99,2.56,8.74,20.94,231.1
9,597,5380,15584,4.47,3.26,10.27,6.35,2.42,8.95,22.65,233.8
9,597,5630,16404,4.92,3.14,10.73,6.59,2.64,9.47,23.39,237.4
9,597,5880,17224,5.39,3.06,11.21,6.91,2.51,9.88,25.11,240.4
9,597,6130,18045,5.80,3.03,11.55,7.12,2.67,10.02,26.39,242.4
9,597,6380,18865,6.23,3.06,12.01,7.31,3.09,10.46,27.31,243.8
9,597,6630,19685,6.63,3.07,12.51,7.55,3.11,10.79,28.36,245.2
9,597,6880,20505,7.04,2.99,12.97,7.78,3.08,11.20,28.74,247.0
9,597,7130,21325,7.51,2.94,13.50,8.01,3.50,11.72,29.80,248.6
9,597,7380,22146,7.94,2.89,14.05,8.27,3.73,12.22,30.63,250.0
9,597,7630,22966,8.38,2.86,14.59,8.56,3.82,12.83,31.51,251.1
9,597,7880,23786,8.83,3.00,15.07,8.86,4.16,13.07,32.00,251.2
9,597,8130,24606,9.30,3.10,15.53,9.15,4.18,13.66,33.99,251.5
9,597,8380,25427,9.81,3.18,15.99,9.48,4.15,14.06,34.84,252.1
10,616,630,0,0.18,0.07,3.75,4.58,0.69,2.93,8.63,247.6
10,616,880,820,0.06,-0.19,4.09,3.41,0.61,2.85,11.05,342.2
10,616,1130,1640,0.37,-0.63,4.81,3.81,0.69,3.59,11.86,329.7
10,616,1380,2461,0.71,-0.73,5.47,3.95,0.89,4.44,12.59,316.1
10,616,1630,3281,0.98,-0.64,5.79,3.83,1.01,4.84,12.91,302.9
10,616,1880,4101,1.27,-0.46,6.04,3.85,1.33,5.20,13.62,289.9
10,616,2130,4921,1.55,-0.21,6.46,4.04,1.54,5.75,14.48,277.6
10,616,2380,5741,1.78,0.02,6.83,4.30,1.56,5.85,15.70,269.3
10,616,2630,6562,1.97,0.17,7.19,4.56,1.90,6.28,16.38,265.2
10,616,2880,7382,2.29,0.24,7.69,4.74,1.92,6.97,17.36,264.1
10,616,3130,8202,2.78,0.25,8.24,5.01,1.90,7.27,18.17,264.8
10,616,3380,9022,3.33,0.16,8.68,5.27,2.09,7.63,18.53,267.3
10,616,3630,9843,3.91,0.09,9.21,5.54,2.12,7.96,19.71,268.7
10,616,3880,10663,4.58,-0.07,9.79,5.86,2.60,8.48,21.12,270.9
10,616,4130,11483,5.19,-0.27,10.32,6.35,2.44,8.96,23.20,273.0
10,616,4380,12303,5.84,-0.46,10.88,6.84,2.50,9.49,24.47,274.5
10,616,4630,13123,6.47,-0.62,11.49,7.27,2.58,9.94,26.15,275.5
10,616,4880,13944,7.06,-0.66,12.13,7.68,2.43,10.48,27.88,275.4
10,616,5130,14764,7.64,-0.64,12.74,8.11,2.75,11.00,29.36,274.8
10,616,5380,15584,8.18,-0.60,13.31,8.42,2.82,11.52,30.58,274.2
10,616,5630,16404,8.65,-0.69,13.83,8.76,3.02,11.88,31.51,274.6
10,616,5880,17224,9.05,-0.78,14.36,9.05,3.16,12.59,32.45,274.9
10,616,6130,18045,9.56,-0.90,14.97,9.40,3.25,12.89,33.19,275.4
10,616,6380,18865,10.09,-0.95,15.60,9.66,3.47,13.42,34.18,275.4
10,616,6630,19685,10.58,-0.89,16.16,9.91,3.29,14.00,35.15,274.8
10,616,6880,20505,11.07,-0.83,16.70,10.21,3.32,14.71,36.25,274.3
10,616,7130,21325,11.48,-0.79,17.23,10.52,3.34,15.21,37.60,273.9
10,616,7380,22146,11.92,-0.75,17.85,10.78,3.38,15.65,38.10,273.6
10,616,7630,22966,12.31,-0.75,18.42,11.00,3.88,16.47,38.64,273.5
10,616,7880,23786,12.71,-0.72,18.93,11.31,4.35,16.83,39.72,273.2
10,616,8130,24606,13.16,-0.72,19.47,11.58,4.63,17.28,40.81,273.1
10,616,8380,25427,13.60,-0.73,20.02,11.78,4.77,17.86,41.47,273.1
11,598,630,0,0.32,0.10,3.18,2.40,0.60,2.66,7.48,253.1
11,598,880,820,0.07,-0.57,3.64,3.28,0.60,2.44,10.51,352.9
11,598,1130,1640,0.31,-1.10,4.60,3.74,0.70,3.36,11.79,344.2
11,598,1380,2461,0.66,-1.07,5.59,3.84,1.17,4.64,12.84,328.5
11,598,1630,3281,1.10,-0.97,6.29,3.82,1.62,5.66,13.90,311.4
11,598,1880,4101,1.52,-0.71,6.65,3.84,1.52,6.06,13.72,295.0
11,598,2130,4921,1.88,-0.41,7.05,4.05,1.79,6.49,14.59,282.2
11,598,2380,5741,2.30,-0.19,7.51,4.36,1.81,7.09,15.56,274.8
11,598,2630,6562,2.92,-0.06,8.03,4.85,1.85,7.38,16.59,271.3
11,598,2880,7382,3.44,-0.03,8.62,5.25,1.68,7.86,18.16,270.5
11,598,3130,8202,4.00,-0.16,9.28,5.62,1.83,8.49,19.34,272.3
11,598,3380,9022,4.64,-0.32,9.85,5.99,1.91,8.82,20.85,274.0
11,598,3630,9843,5.26,-0.47,10.43,6.42,2.14,9.77,22.13,275.1
11,598,3880,10663,5.84,-0.63,11.07,6.75,2.49,10.41,23.83,276.1
11,598,4130,11483,6.41,-0.76,11.73,7.12,2.74,10.72,25.29,276.8
11,598,4380,12303,7.01,-0.91,12.41,7.55,2.58,11.54,26.59,277.4
11,598,4630,13123,7.67,-1.06,13.22,8.03,2.85,12.41,28.23,277.8
11,598,4880,13944,8.23,-1.18,14.00,8.50,3.01,13.00,29.71,278.1
11,598,5130,14764,8.76,-1.25,14.67,8.89,3.20,13.44,31.38,278.1
11,598,5380,15584,9.32,-1.30,15.37,9.33,3.45,14.15,33.58,278.0
11,598,5630,16404,9.93,-1.42,16.09,9.71,3.56,14.79,34.75,278.1
11,598,5880,17224,10.57,-1.52,16.84,10.02,3.80,15.49,36.26,278.2
11,598,6130,18045,11.13,-1.56,17.49,10.33,3.99,16.10,37.85,278.0
11,598,6380,18865,11.69,-1.63,18.24,10.70,4.20,16.88,38.11,278.0
11,598,6630,19685,12.31,-1.73,19.02,11.09,4.60,17.64,39.17,278.0
11,598,6880,20505,12.83,-1.79,19.72,11.46,4.82,17.95,40.61,277.9
11,598,7130,21325,13.40,-1.82,20.45,11.80,4.77,18.79,41.96,277.8
11,598,7380,22146,13.91,-1.81,21.06,12.12,4.76,19.49,43.21,277.4
11,598,7630,22966,14.42,-1.76,21.76,12.26,4.67,20.23,44.56,277.0
11,598,7880,23786,14.99,-1.69,22.48,12.50,5.27,21.02,45.99,276.4
11,598,8130,24606,15.50,-1.71,23.18,12.78,5.99,21.41,47.32,276.3
11,598,8380,25427,15.99,-1.75,23.85,13.10,6.44,22.00,48.33,276.2
12,614,630,0,0.21,-0.04,2.77,2.61,0.40,2.36,5.91,280.7
12,614,880,820,-0.21,-0.77,3.12,3.08,0.44,1.95,9.63,15.5
12,614,1130,1640,0.02,-1.36,4.14,3.60,0.58,2.95,11.44,359.4
12,614,1380,2461,0.36,-1.59,5.39,3.73,0.92,4.66,12.39,347.3
12,614,1630,3281,0.98,-1.56,6.31,3.86,1.37,5.89,12.99,327.9
12,614,1880,4101,1.62,-1.29,6.84,3.99,1.38,6.16,13.88,308.5
12,614,2130,4921,2.26,-1.00,7.38,4.23,1.64,6.84,15.52,293.7
12,614,2380,5741,2.87,-0.67,8.06,4.59,1.69,7.65,16.97,283.2
12,614,2630,6562,3.43,-0.54,8.79,5.03,2.13,8.11,18.59,279.0
12,614,2880,7382,4.05,-0.68,9.45,5.34,2.23,8.70,19.66,279.5
12,614,3130,8202,4.76,-0.93,10.18,5.71,2.67,9.38,20.77,281.1
12,614,3380,9022,5.43,-1.17,10.82,5.96,2.54,10.21,21.66,282.2
12,614,3630,9843,6.04,-1.41,11.49,6.24,2.98,10.78,22.53,283.2
12,614,3880,10663,6.73,-1.66,12.31,6.66,2.77,11.57,24.46,283.9
12,614,4130,11483,7.46,-1.93,13.23,6.99,3.36,12.32,26.07,284.5
12,614,4380,12303,8.21,-2.21,14.08,7.41,3.14,13.10,27.70,285.1
12,614,4630,13123,8.97,-2.42,15.00,7.88,3.63,13.88,29.21,285.1
12,614,4880,13944,9.69,-2.60,15.85,8.28,3.82,14.79,31.20,285.0
12,614,5130,14764,10.32,-2.63,16.58,8.62,4.29,15.52,32.60,284.3
12,614,5380,15584,11.00,-2.68,17.37,8.94,4.53,16.21,33.75,283.7
12,614,5630,16404,11.64,-2.74,18.20,9.33,4.73,16.91,35.05,283.2
12,614,5880,17224,12.32,-2.87,18.98,9.77,5.00,17.79,36.87,283.1
12,614,6130,18045,12.86,-3.00,19.72,10.23,5.22,18.34,38.05,283.1
12,614,6380,18865,13.44,-3.10,20.50,10.64,5.18,19.59,39.11,283.0
12,614,6630,19685,14.02,-3.15,21.30,11.03,5.29,20.31,41.37,282.6
12,614,6880,20505,14.60,-3.24,22.06,11.36,5.62,20.87,41.55,282.5
12,614,7130,21325,15.11,-3.28,22.73,11.71,5.59,21.63,42.64,282.2
12,614,7380,22146,15.69,-3.31,23.51,12.13,5.54,22.66,45.15,281.9
12,614,7630,22966,16.24,-3.39,24.30,12.50,5.62,23.53,46.69,281.8
12,614,7880,23786,16.80,-3.44,25.06,12.85,5.34,24.04,47.21,281.6
12,614,8130,24606,17.30,-3.44,25.82,13.18,5.35,24.63,48.31,281.2
12,614,8380,25427,17.85,-3.50,26.59,13.47,5.53,25.79,49.39,281.1
