sku,api_id,model,trim,style,canopy_style,diameter_in,diameter_spill_in,gores,rating_20fps_lb,rating_15fps_lb,weight_oz,weight_g,packing_volume_in3,area_projected_sqft,area_canopy_sqft,area_spill_sqft,cd_projected,cd_area_canopy,equivalent_flat_diameter_in,performance_ratio_20fps,performance_ratio_15fps,manufacturer,description,url,source,scraped_at
CFC-12,260,CFC,,Classic Elliptical with nylon lines,elliptical,12,2.4,8,0.5383,0.3028,1.31,37.1385,7.28,0.754,1.3421,0.0314,1.5,0.8427,15.6865,6.5752,3.6985,Fruity Chutes,CFC-12 - 12 in diameter Classic Elliptical with nylon lines,,api,2026-07-30T21:01:00+00:00
CFC-12-S,270,CFC,-S,Classic Elliptical Compact with Spectra lines,elliptical,12,2.4,8,0.5383,0.3028,0.8536,24.2,4.74,0.754,1.3421,0.0314,1.5,0.8427,15.6865,10.0906,5.676,Fruity Chutes,CFC-12-S - 12 in diameter Classic Elliptical Compact with Spectra lines,,api,2026-07-30T21:01:00+00:00
CFC-120,420,CFC,,Classic Elliptical with nylon lines,elliptical,120,24,12,53.8343,30.2818,36,1020.6,200,75.3982,134.2087,3.1416,1.5,0.8427,156.8653,23.9263,13.4586,Fruity Chutes,CFC-120 - 120 in diameter Classic Elliptical with nylon lines,,api,2026-07-30T21:01:00+00:00
CFC-15,280,CFC,,Classic Elliptical with nylon lines,elliptical,15,3,8,0.8412,0.4732,1.5,42.525,8.33,1.1781,2.097,0.0491,1.5,0.8427,19.6082,8.9724,5.047,Fruity Chutes,CFC-15 - 15 in diameter Classic Elliptical with nylon lines,,api,2026-07-30T21:01:00+00:00
CFC-15-S,290,CFC,-S,Classic Elliptical Compact with Spectra lines,elliptical,15,3,8,0.8412,0.4732,1,28.35,5.56,1.1781,2.097,0.0491,1.5,0.8427,19.6082,13.4586,7.5704,Fruity Chutes,CFC-15-S - 15 in diameter Classic Elliptical Compact with Spectra lines,,api,2026-07-30T21:01:00+00:00
CFC-18,300,CFC,,Classic Elliptical with nylon lines,elliptical,18,3.6,8,1.2113,0.6813,1.74,49.329,9.67,1.6965,3.0197,0.0707,1.5,0.8427,23.5298,11.1381,6.2652,Fruity Chutes,CFC-18 - 18 in diameter Classic Elliptical with nylon lines,,api,2026-07-30T21:01:00+00:00
CFC-18-S,310,CFC,-S,Classic Elliptical Compact with Spectra lines,elliptical,18,3.6,8,1.2113,0.6813,1.16,32.886,6.44,1.6965,3.0197,0.0707,1.5,0.8427,23.5298,16.7072,9.3978,Fruity Chutes,CFC-18-S - 18 in diameter Classic Elliptical Compact with Spectra lines,,api,2026-07-30T21:01:00+00:00
CFC-24,320,CFC,,Classic Elliptical with nylon lines,elliptical,24,4.8,8,2.1534,1.2113,2.2,62.37,12.22,3.0159,5.3683,0.1257,1.5,0.8427,31.3731,15.6609,8.8092,Fruity Chutes,CFC-24 - 24 in diameter Classic Elliptical with nylon lines,,api,2026-07-30T21:01:00+00:00
CFC-24-S,330,CFC,-S,Classic Elliptical Compact with Spectra lines,elliptical,24,4.8,8,2.1534,1.2113,1.59,45.0765,8.83,3.0159,5.3683,0.1257,1.5,0.8427,31.3731,21.6691,12.1889,Fruity Chutes,CFC-24-S - 24 in diameter Classic Elliptical Compact with Spectra lines,,api,2026-07-30T21:01:00+00:00
CFC-30,340,CFC,,Classic Elliptical with nylon lines,elliptical,30,6,8,3.3646,1.8926,3.1,87.885,17.22,4.7124,8.388,0.1963,1.5,0.8427,39.2163,17.3659,9.7683,Fruity Chutes,CFC-30 - 30 in diameter Classic Elliptical with nylon lines,,api,2026-07-30T21:01:00+00:00
CFC-30-S,345,CFC,-S,Classic Elliptical Compact with Spectra lines,elliptical,30,6,8,3.36,1.89,2.08,59,11.56,4.7124,8.388,0.1963,1.5,0.8,39.2163,25.88,14.56,Fruity Chutes,CFC-30-S - 30 in diameter Classic Elliptical Compact with Spectra lines,,api,2026-07-30T21:01:00+00:00
CFC-36,350,CFC,,Classic Elliptical with nylon lines,elliptical,36,7.2,12,4.8451,2.7254,4.5,127.575,25,6.7858,12.0788,0.2827,1.5,0.8427,47.0596,17.227,9.6902,Fruity Chutes,CFC-36 - 36 in diameter Classic Elliptical with nylon lines,,api,2026-07-30T21:01:00+00:00
CFC-36-S,355,CFC,-S,Classic Elliptical Compact with Spectra lines,elliptical,36,7.2,12,4.85,2.73,3.25,92,18.06,6.7858,12.0788,0.2827,1.5,0.8,47.0596,23.85,13.42,Fruity Chutes,CFC-36-S - 36 in diameter Classic Elliptical Compact with Spectra lines,,api,2026-07-30T21:01:00+00:00
CFC-42,360,CFC,,Classic Elliptical with nylon lines,elliptical,42,8.4,12,6.5947,3.7095,5.7,161.595,31.67,9.2363,16.4406,0.3848,1.5,0.8427,54.9029,18.5114,10.4127,Fruity Chutes,CFC-42 - 42 in diameter Classic Elliptical with nylon lines,,api,2026-07-30T21:01:00+00:00
CFC-48,370,CFC,,Classic Elliptical with nylon lines,elliptical,48,9.6,12,8.6135,4.8451,7.3,206.955,40.56,12.0637,21.4734,0.5027,1.5,0.8427,62.7461,18.8789,10.6194,Fruity Chutes,CFC-48 - 48 in diameter Classic Elliptical with nylon lines,,api,2026-07-30T21:01:00+00:00
CFC-60,380,CFC,,Classic Elliptical with nylon lines,elliptical,60,12,12,13.4586,7.5704,10,283.5,55.56,18.8495,33.5522,0.7854,1.5,0.8427,78.4326,21.5337,12.1127,Fruity Chutes,CFC-60 - 60 in diameter Classic Elliptical with nylon lines,,api,2026-07-30T21:01:00+00:00
CFC-72,390,CFC,,Classic Elliptical with nylon lines,elliptical,72,14.4,12,19.3803,10.9014,17,481.95,94.44,27.1433,48.3151,1.131,1.5,0.8427,94.1192,18.2403,10.2602,Fruity Chutes,CFC-72 - 72 in diameter Classic Elliptical with nylon lines,,api,2026-07-30T21:01:00+00:00
CFC-84,400,CFC,,Classic Elliptical with nylon lines,elliptical,84,16.8,14,26.3788,14.8381,21,595.35,116.67,36.9451,65.7623,1.5394,1.5,0.8427,109.8057,20.0981,11.3052,Fruity Chutes,CFC-84 - 84 in diameter Classic Elliptical with nylon lines,,api,2026-07-30T21:01:00+00:00
CFC-96,410,CFC,,Classic Elliptical with nylon lines,elliptical,96,19.2,12,34.4539,19.3803,30,850.5,166.67,48.2548,85.8936,2.0106,1.5,0.8427,125.4922,18.3754,10.3362,Fruity Chutes,CFC-96 - 96 in diameter Classic Elliptical with nylon lines,,api,2026-07-30T21:01:00+00:00
IFC-120,180,IFC,,Iris Ultra Standard with nylon lines,annular,120,21.12,12,79.6991,44.8308,36,1020.6,200,76.1069,135.4703,2.4328,2.2,1.236,157.6008,35.4218,19.9248,Fruity Chutes,IFC-120 - 120 in diameter Iris Ultra Standard with nylon lines,,api,2026-07-30T21:01:00+00:00
IFC-120-S,190,IFC,-S,Iris Ultra Compact with Spectra lines,annular,120,21.12,12,79.6991,44.8308,22,623.7,122.22,76.1069,135.4703,2.4328,2.2,1.236,157.6008,57.963,32.6042,Fruity Chutes,IFC-120-S - 120 in diameter Iris Ultra Compact with Spectra lines,,api,2026-07-30T21:01:00+00:00
IFC-120-SUL,193,IFC,-SUL,Iris Ultra Compact Light Weight with Spectra lines,annular,120,21.12,12,79.7,44.83,12.35,350.12,68.61,76.1069,135.4703,2.4328,2.2,1.24,157.6008,103.25,58.08,Fruity Chutes,IFC-120-SUL - 120 in diameter Iris Ultra Compact Light Weight with Spectra lines,,api,2026-07-30T21:01:00+00:00
IFC-120-SULR,195,IFC,-SULR,Iris Ultra Compact Light Weight with Kevlar Bridle and Spectra lines,annular,120,21.12,12,79.7,44.83,12.66,358.91,70.33,76.1069,135.4703,2.4328,2.2,1.24,157.6008,100.73,56.66,Fruity Chutes,IFC-120-SULR - 120 in diameter Iris Ultra Compact Light Weight with Kevlar Bridle and Spectra lines,,api,2026-07-30T21:01:00+00:00
IFC-144,200,IFC,,Iris Ultra Standard with nylon lines,annular,144,25.344,14,114.7668,64.5563,49,1389.15,272.22,109.5939,195.0772,3.5033,2.2,1.236,189.121,37.4749,21.0796,Fruity Chutes,IFC-144 - 144 in diameter Iris Ultra Standard with nylon lines,,api,2026-07-30T21:01:00+00:00
IFC-144-S,210,IFC,-S,Iris Ultra Compact with Spectra lines,annular,144,25.344,14,114.7668,64.5563,31,878.85,172.22,109.5939,195.0772,3.5033,2.2,1.236,189.121,59.2345,33.3194,Fruity Chutes,IFC-144-S - 144 in diameter Iris Ultra Compact with Spectra lines,,api,2026-07-30T21:01:00+00:00
IFC-144-SULR,215,IFC,-SULR,Iris Ultra Compact Light Weight with Kevlar Bridle and Spectra lines,annular,144,25.344,12,114.77,64.56,17.45,494.71,96.94,109.5939,195.0772,3.5033,2.2,1.24,189.121,105.23,59.19,Fruity Chutes,IFC-144-SULR - 144 in diameter Iris Ultra Compact Light Weight with Kevlar Bridle and Spectra lines,,api,2026-07-30T21:01:00+00:00
IFC-168,220,IFC,,Iris Ultra Standard with nylon lines,annular,168,29.568,16,156.2103,87.8683,56,1587.6,311.11,149.1695,265.5218,4.7684,2.2,1.236,220.6412,44.6315,25.1052,Fruity Chutes,IFC-168 - 168 in diameter Iris Ultra Standard with nylon lines,,api,2026-07-30T21:01:00+00:00
IFC-168-S,230,IFC,-S,Iris Ultra Compact with Spectra lines,annular,168,29.568,16,156.2103,87.8683,43,1219.05,238.89,149.1695,265.5218,4.7684,2.2,1.236,220.6412,58.1248,32.6952,Fruity Chutes,IFC-168-S - 168 in diameter Iris Ultra Compact with Spectra lines,,api,2026-07-30T21:01:00+00:00
IFC-168-SULR,235,IFC,-SULR,Iris Ultra Compact Light Weight with Kevlar Bridle and Spectra lines,annular,168,29.568,12,156.21,87.87,25.82,732,143.44,149.1695,265.5218,4.7684,2.2,1.24,220.6412,96.8,54.45,Fruity Chutes,IFC-168-SULR - 168 in diameter Iris Ultra Compact Light Weight with Kevlar Bridle and Spectra lines,,api,2026-07-30T21:01:00+00:00
IFC-192,240,IFC,,Iris Ultra Standard with nylon lines,annular,192,33.792,18,204.0298,114.7668,75,2126.25,416.67,194.8337,346.8039,6.2281,2.2,1.236,252.1613,43.5264,24.4836,Fruity Chutes,IFC-192 - 192 in diameter Iris Ultra Standard with nylon lines,,api,2026-07-30T21:01:00+00:00
IFC-192-S,250,IFC,-S,Iris Ultra Compact with Spectra lines,annular,192,33.792,18,204.0298,114.7668,58,1644.3,322.22,194.8337,346.8039,6.2281,2.2,1.236,252.1613,56.2841,31.6598,Fruity Chutes,IFC-192-S - 192 in diameter Iris Ultra Compact with Spectra lines,,api,2026-07-30T21:01:00+00:00
IFC-240-S,257,IFC,-S,"Iris Ultra Compact with 400# Spectra lines, partial reinforced radial seams",annular,240,42.24,18,318.8,179.32,102.29,2900,568.29,304.4276,541.8811,9.7314,2.2,1.24,315.2017,49.86,28.05,Fruity Chutes,"IFC-240-S - 240 in diameter Iris Ultra Compact with 400# Spectra lines, partial reinforced radial seams",,api,2026-07-30T21:01:00+00:00
IFC-240-SP,256,IFC,-SP,"Iris Ultra Compact with 725# Spectra lines, partial reinforced radial seams",annular,240,42.24,18,318.8,179.32,106.14,3009,589.65,304.4276,541.8811,9.7314,2.2,1.24,315.2017,48.06,27.03,Fruity Chutes,"IFC-240-SP - 240 in diameter Iris Ultra Compact with 725# Spectra lines, partial reinforced radial seams",,api,2026-07-30T21:01:00+00:00
IFC-240-SPR,255,IFC,-SPR,"Iris Ultra Compact with 725# Spectra lines, full reinforced all seams",annular,240,42.24,18,318.8,179.32,126,3570,700,304.4276,541.8811,9.7314,2.2,1.24,315.2017,40.48,22.77,Fruity Chutes,"IFC-240-SPR - 240 in diameter Iris Ultra Compact with 725# Spectra lines, full reinforced all seams",,api,2026-07-30T21:01:00+00:00
IFC-30-S,10,IFC,-S,Iris Ultra Compact with Spectra lines,annular,30,5.28,8,4.9812,2.8019,1.885,53.4398,10.47,4.7567,8.4669,0.1521,2.2,1.236,39.4002,42.2807,23.7829,Fruity Chutes,IFC-30-S - 30 in diameter Iris Ultra Compact with Spectra lines,,api,2026-07-30T21:01:00+00:00
IFC-30-SL,20,IFC,-SL,"Iris Ultra Compact with Spectra lines, light ",annular,30,5.28,6,4.9812,2.8019,1.625,46.0688,9.03,4.7567,8.4669,0.1521,2.2,1.236,39.4002,49.0456,27.5882,Fruity Chutes,"IFC-30-SL - 30 in diameter Iris Ultra Compact with Spectra lines, light weight",,api,2026-07-30T21:01:00+00:00
IFC-30-SUL,22,IFC,-SUL,Iris Ultra Compact Light Weight with Spectra lines,annular,30,5.28,8,4.98,2.8,1.73,49.05,9.61,4.7567,8.4669,0.1521,2.2,1.24,39.4002,46.07,25.91,Fruity Chutes,IFC-30-SUL - 30 in diameter Iris Ultra Compact Light Weight with Spectra lines,,api,2026-07-30T21:01:00+00:00
IFC-30-SUZ,23,IFC,-SUZ,Iris Ultra Zero Light Weight with Spectra lines,annular,30,5.28,8,4.98,2.8,0.98,27.78,5.44,4.7567,8.4669,0.1521,2.2,1.24,39.4002,81.33,45.75,Fruity Chutes,IFC-30-SUZ - 30 in diameter Iris Ultra Zero Light Weight with Spectra lines,,api,2026-07-30T21:01:00+00:00
IFC-36,30,IFC,,Iris Ultra Standard with nylon lines,annular,36,6.336,8,7.1729,4.0348,5,141.75,27.78,6.8496,12.1923,0.219,2.2,1.236,47.2803,22.9534,12.9113,Fruity Chutes,IFC-36 - 36 in diameter Iris Ultra Standard with nylon lines,,api,2026-07-30T21:01:00+00:00
IFC-36-S,40,IFC,-S,Iris Ultra Compact with Spectra lines,annular,36,6.336,8,7.1729,4.0348,2.41,68.3235,13.39,6.8496,12.1923,0.219,2.2,1.236,47.2803,47.6211,26.7869,Fruity Chutes,IFC-36-S - 36 in diameter Iris Ultra Compact with Spectra lines,,api,2026-07-30T21:01:00+00:00
IFC-36-SL,50,IFC,-SL,"Iris Ultra Compact with Spectra lines, light ",annular,36,6.336,6,7.1729,4.0348,2.145,60.8108,11.92,6.8496,12.1923,0.219,2.2,1.236,47.2803,53.5043,30.0962,Fruity Chutes,"IFC-36-SL - 36 in diameter Iris Ultra Compact with Spectra lines, light weight",,api,2026-07-30T21:01:00+00:00
IFC-36-SR,45,IFC,-SR,"Iris Ultra Compact Reinforced with Spectra lines, Kevlar bridle",annular,36,6.336,8,7.17,4.03,2.9,82.22,16.11,6.8496,12.1923,0.219,2.2,1.24,47.2803,39.57,22.26,Fruity Chutes,"IFC-36-SR - 36 in diameter Iris Ultra Compact Reinforced with Spectra lines, Kevlar bridle",,api,2026-07-30T21:01:00+00:00
IFC-36-SUL,53,IFC,-SUL,Iris Ultra Compact Light Weight with Spectra lines,annular,36,6.336,8,7.17,4.03,1.73,49.05,9.61,6.8496,12.1923,0.219,2.2,1.24,47.2803,66.34,37.32,Fruity Chutes,IFC-36-SUL - 36 in diameter Iris Ultra Compact Light Weight with Spectra lines,,api,2026-07-30T21:01:00+00:00
IFC-36-SUZ,54,IFC,-SUZ,Iris Ultra Zero Light Weight with Spectra lines,annular,36,6.336,8,7.17,4.03,1.31,37.14,7.28,6.8496,12.1923,0.219,2.2,1.24,47.2803,87.61,49.28,Fruity Chutes,IFC-36-SUZ - 36 in diameter Iris Ultra Zero Light Weight with Spectra lines,,api,2026-07-30T21:01:00+00:00
IFC-42-SL,55,IFC,-SL,"Iris Ultra Compact with Spectra lines, light weight",annular,42,7.392,6,9.7631,5.4918,2.96,83.916,16.44,9.3231,16.5951,0.298,2.2,1.236,55.1603,52.7738,29.6852,Fruity Chutes,"IFC-42-SL - 42 in diameter Iris Ultra Compact with Spectra lines, light weight",,api,2026-07-30T21:01:00+00:00
IFC-42-SUZ,57,IFC,-SUZ,Iris Ultra Zero Light Weight with Spectra lines,annular,42,7.392,8,9.76,5.49,1.65,46.78,9.17,9.3231,16.5951,0.298,2.2,1.24,55.1603,94.67,53.25,Fruity Chutes,IFC-42-SUZ - 42 in diameter Iris Ultra Zero Light Weight with Spectra lines,,api,2026-07-30T21:01:00+00:00
IFC-48,60,IFC,,Iris Ultra Standard with nylon lines,annular,48,8.448,8,12.7519,7.1729,7.5,212.625,41.67,12.1771,21.6752,0.3893,2.2,1.236,63.0403,27.204,15.3022,Fruity Chutes,IFC-48 - 48 in diameter Iris Ultra Standard with nylon lines,,api,2026-07-30T21:01:00+00:00
IFC-48-S,70,IFC,-S,Iris Ultra Compact with Spectra lines,annular,48,8.448,8,12.7519,7.1729,4.3,121.905,23.89,12.1771,21.6752,0.3893,2.2,1.236,63.0403,47.4488,26.6899,Fruity Chutes,IFC-48-S - 48 in diameter Iris Ultra Compact with Spectra lines,,api,2026-07-30T21:01:00+00:00
IFC-48-SUL,75,IFC,-SUL,Iris Ultra Compact Light Weight with Spectra lines,annular,48,8.448,8,12.75,7.17,2.62,74.4,14.56,12.1771,21.6752,0.3893,2.2,1.24,63.0403,77.87,43.8,Fruity Chutes,IFC-48-SUL - 48 in diameter Iris Ultra Compact Light Weight with Spectra lines,,api,2026-07-30T21:01:00+00:00
IFC-60,80,IFC,,Iris Ultra Standard with nylon lines,annular,60,10.56,12,19.9248,11.2077,10.9,309.015,60.56,19.0267,33.8676,0.6082,2.2,1.236,78.8004,29.2474,16.4517,Fruity Chutes,IFC-60 - 60 in diameter Iris Ultra Standard with nylon lines,,api,2026-07-30T21:01:00+00:00
IFC-60-S,90,IFC,-S,Iris Ultra Compact with Spectra lines,annular,60,10.56,12,19.9248,11.2077,6.8,192.78,37.78,19.0267,33.8676,0.6082,2.2,1.236,78.8004,46.8819,26.371,Fruity Chutes,IFC-60-S - 60 in diameter Iris Ultra Compact with Spectra lines,,api,2026-07-30T21:01:00+00:00
IFC-60-SUL,95,IFC,-SUL,Iris Ultra Compact Light Weight with Spectra lines,annular,60,10.56,12,19.92,11.21,4.06,115.1,22.56,19.0267,33.8676,0.6082,2.2,1.24,78.8004,78.52,44.17,Fruity Chutes,IFC-60-SUL - 60 in diameter Iris Ultra Compact Light Weight with Spectra lines,,api,2026-07-30T21:01:00+00:00
IFC-66-SUL,96,IFC,-SUL,Iris Ultra Compact Light Weight with Spectra lines,annular,66,11.616,12,24.11,13.56,4.77,135.2,26.49,23.0223,40.9798,0.7359,2.2,1.24,86.6805,80.89,45.5,Fruity Chutes,IFC-66-SUL - 66 in diameter Iris Ultra Compact Light Weight with Spectra lines,,api,2026-07-30T21:01:00+00:00
IFC-72,100,IFC,,Iris Ultra Standard with nylon lines,annular,72,12.672,12,28.6917,16.1391,13.4,379.89,74.44,27.3985,48.7693,0.8758,2.2,1.236,94.5605,34.2587,19.2705,Fruity Chutes,IFC-72 - 72 in diameter Iris Ultra Standard with nylon lines,,api,2026-07-30T21:01:00+00:00
IFC-72-S,110,IFC,-S,Iris Ultra Compact with Spectra lines,annular,72,12.672,12,28.6917,16.1391,9,255.15,50,27.3985,48.7693,0.8758,2.2,1.236,94.5605,51.0075,28.6917,Fruity Chutes,IFC-72-S - 72 in diameter Iris Ultra Compact with Spectra lines,,api,2026-07-30T21:01:00+00:00
IFC-72-SUL,115,IFC,-SUL,Iris Ultra Compact Light Weight with Spectra lines,annular,72,12.672,12,28.69,16.14,5.45,155,30.28,27.3985,48.7693,0.8758,2.2,1.24,94.5605,84.23,47.38,Fruity Chutes,IFC-72-SUL - 72 in diameter Iris Ultra Compact Light Weight with Spectra lines,,api,2026-07-30T21:01:00+00:00
IFC-72-ZP,120,IFC,-ZP,"Iris Ultra Compact with Spectra lines, ZP",annular,72,12.672,12,39.125,22.0078,10.21,289.4535,56.72,27.3985,48.7693,0.8758,3,1.6854,94.5605,61.3125,34.4883,Fruity Chutes,"IFC-72-ZP - 72 in diameter Iris Ultra Compact with Spectra lines, ZP",,api,2026-07-30T21:01:00+00:00
IFC-84,130,IFC,,Iris Ultra Standard with nylon lines,annular,84,14.784,12,39.0526,21.9671,19,538.65,105.56,37.2924,66.3804,1.1921,2.2,1.236,110.3206,32.8864,18.4986,Fruity Chutes,IFC-84 - 84 in diameter Iris Ultra Standard with nylon lines,,api,2026-07-30T21:01:00+00:00
IFC-84-S,140,IFC,-S,Iris Ultra Compact with Spectra lines,annular,84,14.784,12,39.0526,21.9671,12,340.2,66.67,37.2924,66.3804,1.1921,2.2,1.236,110.3206,52.0701,29.2894,Fruity Chutes,IFC-84-S - 84 in diameter Iris Ultra Compact with Spectra lines,,api,2026-07-30T21:01:00+00:00
IFC-84-SUL,145,IFC,-SUL,Iris Ultra Compact Light Weight with Spectra lines,annular,84,14.784,12,39.05,21.97,6.94,197,38.56,37.2924,66.3804,1.1921,2.2,1.24,110.3206,90.03,50.64,Fruity Chutes,IFC-84-SUL - 84 in diameter Iris Ultra Compact Light Weight with Spectra lines,,api,2026-07-30T21:01:00+00:00
IFC-96,150,IFC,,Iris Ultra Standard with nylon lines,annular,96,16.896,12,51.0075,28.6917,25,708.75,138.89,48.7084,86.701,1.557,2.2,1.236,126.0807,32.6448,18.3627,Fruity Chutes,IFC-96 - 96 in diameter Iris Ultra Standard with nylon lines,,api,2026-07-30T21:01:00+00:00
IFC-96-S,160,IFC,-S,Iris Ultra Compact with Spectra lines,annular,96,16.896,12,51.0075,28.6917,15.01,425.5335,83.39,48.7084,86.701,1.557,2.2,1.236,126.0807,54.3717,30.5841,Fruity Chutes,IFC-96-S - 96 in diameter Iris Ultra Compact with Spectra lines,,api,2026-07-30T21:01:00+00:00
IFC-96-SUL,170,IFC,-SUL,Iris Ultra Compact Light Weight with Spectra lines,annular,96,16.896,12,51.0075,28.6917,8.4,238.14,46.67,48.7084,86.701,1.557,2.2,1.236,126.0807,97.16,54.65,Fruity Chutes,IFC-96-SUL - 96 in diameter Iris Ultra Compact Light Weight with Spectra lines,,api,2026-07-30T21:01:00+00:00
IFC-96-SULR,172,IFC,-SULR,Iris Ultra Compact Light Weight with Kevlar Bridle and Spectra lines,annular,96,16.896,12,51.01,28.69,8.84,250.61,49.11,48.7084,86.701,1.557,2.2,1.24,126.0807,92.32,51.93,Fruity Chutes,IFC-96-SULR - 96 in diameter Iris Ultra Compact Light Weight with Kevlar Bridle and Spectra lines,,api,2026-07-30T21:01:00+00:00
PAR-120,520,PAR,,Flat Sheet Chute (Top Flight),flat,120,0,16,28.0387,15.7718,24,680.4,133.33,78.5398,78.5398,0,0.75,0.75,120,18.6925,10.5145,Top Flight Recovery,PAR-120 - 120 in diameter Flat Sheet Chute (Top Flight),,api,2026-07-30T21:01:00+00:00
PAR-120-LW,525,PAR,-LW,"Flat Sheet Chute, light weight 1.1oz rip-stop",flat,120,0,16,28.04,15.77,11.8,335,65.56,78.5398,78.5398,0,0.75,0.75,120,38.02,21.39,Top Flight Recovery,"PAR-120-LW - 120 in diameter Flat Sheet Chute, light weight 1.1oz rip-stop (Top Flight)",,api,2026-07-30T21:01:00+00:00
PAR-45,470,PAR,,Flat Sheet Chute (Top Flight),flat,45,0,8,3.9429,2.2179,3.1,87.885,17.22,11.0447,11.0447,0,0.75,0.75,45,20.3507,11.4472,Top Flight Recovery,PAR-45 - 45 in diameter Flat Sheet Chute (Top Flight),,api,2026-07-30T21:01:00+00:00
PAR-50,480,PAR,,Flat Sheet Chute (Top Flight),flat,50,0,8,4.8678,2.7382,3.8,107.73,21.11,13.6354,13.6354,0,0.75,0.75,50,20.4961,11.5291,Top Flight Recovery,PAR-50 - 50 in diameter Flat Sheet Chute (Top Flight),,api,2026-07-30T21:01:00+00:00
PAR-58,490,PAR,,Flat Sheet Chute (Top Flight),flat,58,0,8,6.5501,3.6845,5,141.75,27.78,18.3478,18.3478,0,0.75,0.75,58,20.9605,11.7903,Top Flight Recovery,PAR-58 - 58 in diameter Flat Sheet Chute (Top Flight),,api,2026-07-30T21:01:00+00:00
PAR-70,500,PAR,,Flat Sheet Chute (Top Flight),flat,70,0,16,9.5409,5.3668,9.06,256.851,50.33,26.7253,26.7253,0,0.75,0.75,70,16.8493,9.4778,Top Flight Recovery,PAR-70 - 70 in diameter Flat Sheet Chute (Top Flight),,api,2026-07-30T21:01:00+00:00
PAR-84,510,PAR,,Flat Sheet Chute (Top Flight),flat,84,0,16,13.739,7.7282,11.74,332.829,65.22,38.4845,38.4845,0,0.75,0.75,84,18.7243,10.5324,Top Flight Recovery,PAR-84 - 84 in diameter Flat Sheet Chute (Top Flight),,api,2026-07-30T21:01:00+00:00
R12C,740,R,C,"Cupped Cruciform, standard 1.1oz (Rocket Man)",cupped cruciform,105.4243,0,4,43.282,24.3461,21.5168,610,119.54,60.619,121.238,0,1.5,0.75,149.0925,32.1847,18.1039,The Rocket Man,"R12C - 105.42 in reference diameter Cupped Cruciform, standard 1.1oz (Rocket Man)",,api,2026-07-30T21:01:00+00:00
R15C,750,R,C,"Cupped Cruciform, standard 1.1oz (Rocket Man)",cupped cruciform,131.7804,0,4,67.6281,38.0408,34.9206,990,194,94.7172,189.4343,0,1.5,0.75,186.3656,30.9859,17.4296,The Rocket Man,"R15C - 131.78 in reference diameter Cupped Cruciform, standard 1.1oz (Rocket Man)",,api,2026-07-30T21:01:00+00:00
R18C-P,760,R,C-P,"Cupped Cruciform, Pro 1.9oz (Rocket Man)",cupped cruciform,158.1365,0,4,87.646,49.3009,80,2268,444.44,122.7534,245.5069,0,1.5,0.75,212.1624,17.5292,9.8602,The Rocket Man,"R18C-P - 158.14 in reference diameter Cupped Cruciform, Pro 1.9oz (Rocket Man)",,api,2026-07-30T21:01:00+00:00
R2C-B,660,R,C-B,"Cupped Cruciform, light weight (Rocket Man)",cupped cruciform,17.5707,0,4,1.2023,0.6763,1.6226,46,9.01,1.6839,3.3677,0,1.5,0.75,24.8488,11.8555,6.6687,The Rocket Man,"R2C-B - 17.57 in reference diameter Cupped Cruciform, light weight (Rocket Man)",,api,2026-07-30T21:01:00+00:00
R3C,720,R,C,"Cupped Cruciform, standard 1.1oz (Rocket Man)",cupped cruciform,26.3561,0,4,2.7051,1.5216,5.2205,148,29,3.7887,7.5774,0,1.5,0.75,37.2731,8.2908,4.6636,The Rocket Man,"R3C - 26.36 in reference diameter Cupped Cruciform, standard 1.1oz (Rocket Man)",,api,2026-07-30T21:01:00+00:00
R3C-B,670,R,C-B,"Cupped Cruciform, light weight (Rocket Man)",cupped cruciform,26.3561,0,4,2.7051,1.5216,2.9982,85,16.66,3.7887,7.5774,0,1.5,0.75,37.2731,14.4358,8.1201,The Rocket Man,"R3C-B - 26.36 in reference diameter Cupped Cruciform, light weight (Rocket Man)",,api,2026-07-30T21:01:00+00:00
R4C-B,680,R,C-B,"Cupped Cruciform, light weight (Rocket Man)",cupped cruciform,35.1414,0,4,4.8091,2.7051,4.4092,125,24.5,6.7354,13.4709,0,1.5,0.75,49.6975,17.4513,9.8163,The Rocket Man,"R4C-B - 35.14 in reference diameter Cupped Cruciform, light weight (Rocket Man)",,api,2026-07-30T21:01:00+00:00
R5C-B,690,R,C-B,"Cupped Cruciform, light weight (Rocket Man)",cupped cruciform,43.9268,0,4,7.5142,4.2268,5.1146,145,28.41,10.5241,21.0483,0,1.5,0.75,62.1219,23.5066,13.2225,The Rocket Man,"R5C-B - 43.93 in reference diameter Cupped Cruciform, light weight (Rocket Man)",,api,2026-07-30T21:01:00+00:00
R6C-B,700,R,C-B,"Cupped Cruciform, light weight (Rocket Man)",cupped cruciform,52.7122,0,4,10.8205,6.0865,6.5608,186,36.45,15.1547,30.3095,0,1.5,0.75,74.5463,26.388,14.8433,The Rocket Man,"R6C-B - 52.71 in reference diameter Cupped Cruciform, light weight (Rocket Man)",,api,2026-07-30T21:01:00+00:00
R7C-B,710,R,C-B,"Cupped Cruciform, light weight (Rocket Man)",cupped cruciform,61.4975,0,4,14.7279,8.2844,7.619,216,42.33,20.6273,41.2546,0,1.5,0.75,86.9706,30.9286,17.3973,The Rocket Man,"R7C-B - 61.5 in reference diameter Cupped Cruciform, light weight (Rocket Man)",,api,2026-07-30T21:01:00+00:00
R9C,730,R,C,"Cupped Cruciform, standard 1.1oz (Rocket Man)",cupped cruciform,79.0682,0,4,24.3461,13.6947,20.8113,590,115.62,34.0982,68.1964,0,1.5,0.75,111.8194,18.7176,10.5287,The Rocket Man,"R9C - 79.07 in reference diameter Cupped Cruciform, standard 1.1oz (Rocket Man)",,api,2026-07-30T21:01:00+00:00
SKY-20-C,770,SKY,C,"Tri-panel, Classic 1.3oz (Sky Angle)",tri-panel,20,0,3,0.9969,0.5608,3,85.05,16.67,2.1817,4.3699,0,0.96,0.4793,28.3055,5.317,2.9908,Sky Angle,"SKY-20-C - 20 in diameter Tri-panel, Classic 1.3oz (Sky Angle)",,api,2026-07-30T21:01:00+00:00
SKY-20-C2,850,SKY,C2,"Tri-panel, Classic II 1.9oz (Sky Angle)",tri-panel,20,0,3,0.9969,0.5608,5.6,158.76,31.11,2.1817,4.3699,0,0.96,0.4793,28.3055,2.8484,1.6022,Sky Angle,"SKY-20-C2 - 20 in diameter Tri-panel, Classic II 1.9oz (Sky Angle)",,api,2026-07-30T21:01:00+00:00
SKY-24-C,780,SKY,C,"Tri-panel, Classic 1.3oz (Sky Angle)",tri-panel,24,0,3,1.4655,0.8243,3.5,99.225,19.44,3.1416,6.2926,0,0.98,0.4893,33.9666,6.6994,3.7684,Sky Angle,"SKY-24-C - 24 in diameter Tri-panel, Classic 1.3oz (Sky Angle)",,api,2026-07-30T21:01:00+00:00
SKY-24-C2,860,SKY,C2,"Tri-panel, Classic II 1.9oz (Sky Angle)",tri-panel,24,0,3,1.4655,0.8243,6,170.1,33.33,3.1416,6.2926,0,0.98,0.4893,33.9666,3.908,2.1982,Sky Angle,"SKY-24-C2 - 24 in diameter Tri-panel, Classic II 1.9oz (Sky Angle)",,api,2026-07-30T21:01:00+00:00
SKY-28-C,790,SKY,C,"Tri-panel, Classic 1.3oz (Sky Angle)",tri-panel,28,0,3,2.1168,1.1907,4,113.4,22.22,4.2761,8.5649,0,1.04,0.5192,39.6277,8.4673,4.7628,Sky Angle,"SKY-28-C - 28 in diameter Tri-panel, Classic 1.3oz (Sky Angle)",,api,2026-07-30T21:01:00+00:00
SKY-28-C2,870,SKY,C2,"Tri-panel, Classic II 1.9oz (Sky Angle)",tri-panel,28,0,3,2.1168,1.1907,7,198.45,38.89,4.2761,8.5649,0,1.04,0.5192,39.6277,4.8384,2.7216,Sky Angle,"SKY-28-C2 - 28 in diameter Tri-panel, Classic II 1.9oz (Sky Angle)",,api,2026-07-30T21:01:00+00:00
SKY-32-C,800,SKY,C,"Tri-panel, Classic 1.3oz (Sky Angle)",tri-panel,32,0,3,2.9243,1.6449,4.5,127.575,25,5.585,11.1869,0,1.1,0.5492,45.2888,10.3976,5.8487,Sky Angle,"SKY-32-C - 32 in diameter Tri-panel, Classic 1.3oz (Sky Angle)",,api,2026-07-30T21:01:00+00:00
SKY-32-C2,880,SKY,C2,"Tri-panel, Classic II 1.9oz (Sky Angle)",tri-panel,32,0,3,2.9243,1.6449,7.7,218.295,42.78,5.585,11.1869,0,1.1,0.5492,45.2888,6.0765,3.418,Sky Angle,"SKY-32-C2 - 32 in diameter Tri-panel, Classic II 1.9oz (Sky Angle)",,api,2026-07-30T21:01:00+00:00
SKY-36-C,810,SKY,C,"Tri-panel, Classic 1.3oz (Sky Angle)",tri-panel,36,0,3,3.7011,2.0819,5,141.75,27.78,7.0686,14.1584,0,1.1,0.5492,50.9499,11.8435,6.662,Sky Angle,"SKY-36-C - 36 in diameter Tri-panel, Classic 1.3oz (Sky Angle)",,api,2026-07-30T21:01:00+00:00
SKY-36-C2,890,SKY,C2,"Tri-panel, Classic II 1.9oz (Sky Angle)",tri-panel,36,0,3,3.7011,2.0819,8.4,238.14,46.67,7.0686,14.1584,0,1.1,0.5492,50.9499,7.0497,3.9655,Sky Angle,"SKY-36-C2 - 36 in diameter Tri-panel, Classic II 1.9oz (Sky Angle)",,api,2026-07-30T21:01:00+00:00
SKY-44-C,820,SKY,C,"Tri-panel, Classic 1.3oz (Sky Angle)",tri-panel,44,0,3,6.2827,3.534,7,198.45,38.89,10.5592,21.1501,0,1.25,0.6241,62.272,14.3606,8.0778,Sky Angle,"SKY-44-C - 44 in diameter Tri-panel, Classic 1.3oz (Sky Angle)",,api,2026-07-30T21:01:00+00:00
SKY-44-C2,900,SKY,C2,"Tri-panel, Classic II 1.9oz (Sky Angle)",tri-panel,44,0,3,6.2827,3.534,10.5,297.675,58.33,10.5592,21.1501,0,1.25,0.6241,62.272,9.5737,5.3852,Sky Angle,"SKY-44-C2 - 44 in diameter Tri-panel, Classic II 1.9oz (Sky Angle)",,api,2026-07-30T21:01:00+00:00
SKY-52-C,830,SKY,C,"Tri-panel, Classic 1.3oz (Sky Angle)",tri-panel,52,0,3,9.8281,5.5283,9,255.15,50,14.748,29.5403,0,1.4,0.699,73.5942,17.4721,9.8281,Sky Angle,"SKY-52-C - 52 in diameter Tri-panel, Classic 1.3oz (Sky Angle)",,api,2026-07-30T21:01:00+00:00
SKY-52-C2,910,SKY,C2,"Tri-panel, Classic II 1.9oz (Sky Angle)",tri-panel,52,0,3,9.8281,5.5283,13.3,377.055,73.89,14.748,29.5403,0,1.4,0.699,73.5942,11.8233,6.6506,Sky Angle,"SKY-52-C2 - 52 in diameter Tri-panel, Classic II 1.9oz (Sky Angle)",,api,2026-07-30T21:01:00+00:00
SKY-60-C,840,SKY,C,"Tri-panel, Classic 1.3oz (Sky Angle)",tri-panel,60,0,3,14.6736,8.2539,10,283.5,55.56,19.6349,39.3288,0,1.57,0.7838,84.9164,23.4777,13.2062,Sky Angle,"SKY-60-C - 60 in diameter Tri-panel, Classic 1.3oz (Sky Angle)",,api,2026-07-30T21:01:00+00:00
SKY-60-C2,920,SKY,C2,"Tri-panel, Classic II 1.9oz (Sky Angle)",tri-panel,60,0,3,14.6736,8.2539,18.2,515.97,101.11,19.6349,39.3288,0,1.57,0.7838,84.9164,12.8999,7.2562,Sky Angle,"SKY-60-C2 - 60 in diameter Tri-panel, Classic II 1.9oz (Sky Angle)",,api,2026-07-30T21:01:00+00:00
SP-120,620,SP,,Spherical (Spherachute),spherical,76.43,8.55,12,22.4638,12.6359,19,538.65,105.56,31.4619,63.3226,0.3987,1.5,0.7453,107.7497,18.9169,10.6408,Spherachute,SP-120 - 76.43 in diameter Spherical (Spherachute),,api,2026-07-30T21:01:00+00:00
SP-144,630,SP,,Spherical (Spherachute),spherical,91.72,11.46,18,32.2493,18.1402,28.6,810.81,158.89,45.167,91.0504,0.7163,1.5,0.7441,129.2044,18.0416,10.1484,Spherachute,SP-144 - 91.72 in diameter Spherical (Spherachute),,api,2026-07-30T21:01:00+00:00
SP-168,640,SP,,Spherical (Spherachute),spherical,107,12.9,18,43.9374,24.7148,39,1105.65,216.67,61.5369,123.9815,0.9076,1.5,0.7445,150.77,18.0256,10.1394,Spherachute,SP-168 - 107 in diameter Spherical (Spherachute),,api,2026-07-30T21:01:00+00:00
SP-18,530,SP,,Spherical (Spherachute),spherical,11.46,1.67,6,0.5006,0.2816,0.6,17.01,3.33,0.7011,1.4174,0.0152,1.5,0.742,16.1206,13.3488,7.5087,Spherachute,SP-18 - 11.46 in diameter Spherical (Spherachute),,api,2026-07-30T21:01:00+00:00
SP-192,650,SP,,Spherical (Spherachute),spherical,122.29,15.76,18,57.2708,32.2148,53,1502.55,294.44,80.2113,161.7772,1.3547,1.5,0.7437,172.2246,17.2893,9.7252,Spherachute,SP-192 - 122.29 in diameter Spherical (Spherachute),,api,2026-07-30T21:01:00+00:00
SP-24,540,SP,,Spherical (Spherachute),spherical,15.29,2.15,6,0.8924,0.502,1.1,31.185,6.11,1.2499,2.525,0.0252,1.5,0.7425,21.5162,12.9806,7.3016,Spherachute,SP-24 - 15.29 in diameter Spherical (Spherachute),,api,2026-07-30T21:01:00+00:00
SP-30,550,SP,,Spherical (Spherachute),spherical,19.1,2.63,6,1.3937,0.784,1.2,34.02,6.67,1.952,3.9417,0.0377,1.5,0.7428,26.8831,18.5831,10.453,Spherachute,SP-30 - 19.1 in diameter Spherical (Spherachute),,api,2026-07-30T21:01:00+00:00
SP-36,560,SP,,Spherical (Spherachute),spherical,22.93,1.625,6,2.0373,1.146,1.8,51.03,10,2.8533,5.721,0.0144,1.5,0.7481,32.3872,18.109,10.1863,Spherachute,SP-36 - 22.93 in diameter Spherical (Spherachute),,api,2026-07-30T21:01:00+00:00
SP-48,570,SP,,Spherical (Spherachute),spherical,30.57,3.82,8,3.5825,2.0151,3,85.05,16.67,5.0174,10.1145,0.0796,1.5,0.7441,43.0634,19.1064,10.7474,Spherachute,SP-48 - 30.57 in diameter Spherical (Spherachute),,api,2026-07-30T21:01:00+00:00
SP-60,580,SP,,Spherical (Spherachute),spherical,38.22,5.1,8,5.5873,3.1429,5,141.75,27.78,7.8254,15.7926,0.1419,1.5,0.7433,53.8101,17.8794,10.0572,Spherachute,SP-60 - 38.22 in diameter Spherical (Spherachute),,api,2026-07-30T21:01:00+00:00
SP-72,590,SP,,Spherical (Spherachute),spherical,45.86,5.73,8,8.0623,4.5351,6.7,189.945,37.22,11.2918,22.7626,0.1791,1.5,0.7441,64.6022,19.2533,10.83,Spherachute,SP-72 - 45.86 in diameter Spherical (Spherachute),,api,2026-07-30T21:01:00+00:00
SP-84,600,SP,,Spherical (Spherachute),spherical,53.5,6.21,12,10.9962,6.1853,7.2,204.12,40,15.4008,31.0119,0.2103,1.5,0.7449,75.4051,24.4359,13.7452,Spherachute,SP-84 - 53.5 in diameter Spherical (Spherachute),,api,2026-07-30T21:01:00+00:00
SP-96,610,SP,,Spherical (Spherachute),spherical,61.15,7.17,12,14.3617,8.0785,13,368.55,72.22,20.1144,40.5093,0.2804,1.5,0.7448,86.1814,17.6759,9.9427,Spherachute,SP-96 - 61.15 in diameter Spherical (Spherachute),,api,2026-07-30T21:01:00+00:00
TAC-1-24,930,TAC,1,"Panel Cruciform, standard 1.1oz (Giant Leap)",panel cruciform,24,0,4,1.4356,0.8075,5.4,153.09,30,3.1416,6.2832,0,0.96,0.48,33.9411,4.2536,2.3926,Giant Leap,"TAC-1-24 - 24 in diameter Panel Cruciform, standard 1.1oz (Giant Leap)",,api,2026-07-30T21:01:00+00:00
TAC-1-36,940,TAC,1,"Panel Cruciform, standard 1.1oz (Giant Leap)",panel cruciform,36,0,4,3.5665,2.0062,8.1,229.635,45,7.0686,14.1372,0,1.06,0.53,50.9117,7.045,3.9628,Giant Leap,"TAC-1-36 - 36 in diameter Panel Cruciform, standard 1.1oz (Giant Leap)",,api,2026-07-30T21:01:00+00:00
TAC-1-48,950,TAC,1,"Panel Cruciform, standard 1.1oz (Giant Leap)",panel cruciform,48,0,4,7.1779,4.0376,10.8,306.18,60,12.5664,25.1327,0,1.2,0.6,67.8823,10.6339,5.9816,Giant Leap,"TAC-1-48 - 48 in diameter Panel Cruciform, standard 1.1oz (Giant Leap)",,api,2026-07-30T21:01:00+00:00
TAC-1-60,960,TAC,1,"Panel Cruciform, standard 1.1oz (Giant Leap)",panel cruciform,60,0,4,14.2997,8.0436,14.3,405.405,79.44,19.6349,39.2699,0,1.53,0.765,84.8528,15.9997,8.9998,Giant Leap,"TAC-1-60 - 60 in diameter Panel Cruciform, standard 1.1oz (Giant Leap)",,api,2026-07-30T21:01:00+00:00
TAC-1-72,970,TAC,1,"Panel Cruciform, standard 1.1oz (Giant Leap)",panel cruciform,72,0,4,21.3991,12.037,18,510.3,100,28.2743,56.5486,0,1.59,0.795,101.8234,19.0214,10.6996,Giant Leap,"TAC-1-72 - 72 in diameter Panel Cruciform, standard 1.1oz (Giant Leap)",,api,2026-07-30T21:01:00+00:00
TAC-1-84,980,TAC,1,"Panel Cruciform, standard 1.1oz (Giant Leap)",panel cruciform,84,0,4,29.1266,16.3837,22.1,626.535,122.78,38.4845,76.969,0,1.59,0.795,118.7939,21.0871,11.8615,Giant Leap,"TAC-1-84 - 84 in diameter Panel Cruciform, standard 1.1oz (Giant Leap)",,api,2026-07-30T21:01:00+00:00
TARC-16,430,TARC,,Elliptical light weight with Spectra lines,elliptical,16,3.2,6,0.9571,0.5383,0.75,21.2625,4.17,1.3404,2.3859,0.0559,1.5,0.8427,20.9154,20.4172,11.4846,Fruity Chutes,TARC-16 - 16 in diameter Elliptical light weight with Spectra lines,,api,2026-07-30T21:01:00+00:00
TARC-18,440,TARC,,Elliptical light weight with Spectra lines,elliptical,18,3.6,6,1.2113,0.6813,0.8,22.68,4.44,1.6965,3.0197,0.0707,1.5,0.8427,23.5298,24.2254,13.6268,Fruity Chutes,TARC-18 - 18 in diameter Elliptical light weight with Spectra lines,,api,2026-07-30T21:01:00+00:00
TARC-20,450,TARC,,Elliptical light weight with Spectra lines,elliptical,20,4,6,1.4954,0.8412,0.8,22.68,4.44,2.0944,3.728,0.0873,1.5,0.8427,26.1442,29.9079,16.8232,Fruity Chutes,TARC-20 - 20 in diameter Elliptical light weight with Spectra lines,,api,2026-07-30T21:01:00+00:00
TARC-24,460,TARC,,Elliptical light weight with Spectra lines,elliptical,24,4.8,6,2.1534,1.2113,1.2,34.02,6.67,3.0159,5.3683,0.1257,1.5,0.8427,31.3731,28.7116,16.1503,Fruity Chutes,TARC-24 - 24 in diameter Elliptical light weight with Spectra lines,,api,2026-07-30T21:01:00+00:00
